挂单时间,订单编号,合约代码,订单类型,报价方向,报价档位,拆单序号,挂单价格,挂单数量,报价模式,报价偏移,策略报价档数,定价使用深度,行情有效深度,基准价,买一价,卖一价,挂单时持仓
2025-03-03 08:59:00.500000+08:00,BACKTESTING.1,fu2505.SHFE,MM,buy,1,1,3288.6000000000004,1,tick,3.0,3,5,5,3289.3384269288454,3289.0,3290.0,0
2025-03-03 08:59:00.500000+08:00,BACKTESTING.2,fu2505.SHFE,MM,buy,2,1,3288.2000000000003,1,tick,5.0,3,5,5,3289.3384269288454,3289.0,3290.0,0
2025-03-03 08:59:00.500000+08:00,BACKTESTING.3,fu2505.SHFE,MM,buy,3,1,3287.8,1,tick,7.0,3,5,5,3289.3384269288454,3289.0,3290.0,0
2025-03-03 08:59:00.500000+08:00,BACKTESTING.4,fu2505.SHFE,MM,sell,1,1,3290.0,1,tick,3.0,3,5,5,3289.3384269288454,3289.0,3290.0,0
2025-03-03 08:59:00.500000+08:00,BACKTESTING.5,fu2505.SHFE,MM,sell,2,1,3290.4,1,tick,5.0,3,5,5,3289.3384269288454,3289.0,3290.0,0
2025-03-03 08:59:00.500000+08:00,BACKTESTING.6,fu2505.SHFE,MM,sell,3,1,3290.8,1,tick,7.0,3,5,5,3289.3384269288454,3289.0,3290.0,0
2025-03-03 09:00:01+08:00,BACKTESTING.7,fu2505.SHFE,MM,buy,1,1,3290.4,1,tick,3.0,3,5,5,3290.937699275394,3293.0,3295.0,-3
2025-03-03 09:00:01+08:00,BACKTESTING.8,fu2505.SHFE,MM,buy,2,1,3290.0,1,tick,5.0,3,5,5,3290.937699275394,3293.0,3295.0,-3
2025-03-03 09:00:01+08:00,BACKTESTING.9,fu2505.SHFE,MM,buy,3,1,3289.6,1,tick,7.0,3,5,5,3290.937699275394,3293.0,3295.0,-3
2025-03-03 09:00:01+08:00,BACKTESTING.10,fu2505.SHFE,MM,sell,1,1,3295.2,1,tick,3.0,3,5,5,3290.937699275394,3293.0,3295.0,-3
2025-03-03 09:00:01+08:00,BACKTESTING.11,fu2505.SHFE,MM,sell,2,1,3295.2,1,tick,5.0,3,5,5,3290.937699275394,3293.0,3295.0,-3
2025-03-03 09:00:01+08:00,BACKTESTING.12,fu2505.SHFE,MM,sell,3,1,3295.2,1,tick,7.0,3,5,5,3290.937699275394,3293.0,3295.0,-3
2025-03-03 09:00:03+08:00,BACKTESTING.14,fu2505.SHFE,MM,buy,1,1,3292.8,1,tick,3.0,3,5,5,3293.2718704592344,3295.0,3296.0,-4
2025-03-03 09:00:03+08:00,BACKTESTING.15,fu2505.SHFE,MM,buy,2,1,3292.4,1,tick,5.0,3,5,5,3293.2718704592344,3295.0,3296.0,-4
2025-03-03 09:00:03+08:00,BACKTESTING.16,fu2505.SHFE,MM,buy,3,1,3292.0,1,tick,7.0,3,5,5,3293.2718704592344,3295.0,3296.0,-4
2025-03-03 09:00:03+08:00,BACKTESTING.17,fu2505.SHFE,MM,sell,1,1,3296.2,1,tick,3.0,3,5,5,3293.2718704592344,3295.0,3296.0,-4
2025-03-03 09:00:03+08:00,BACKTESTING.18,fu2505.SHFE,MM,sell,2,1,3296.2,1,tick,5.0,3,5,5,3293.2718704592344,3295.0,3296.0,-4
2025-03-03 09:00:03+08:00,BACKTESTING.19,fu2505.SHFE,MM,sell,3,1,3296.2,1,tick,7.0,3,5,5,3293.2718704592344,3295.0,3296.0,-4
2025-03-03 09:00:06.500000+08:00,BACKTESTING.21,fu2505.SHFE,MM,buy,1,1,3294.0,1,tick,3.0,3,5,5,3294.447854251146,3296.0,3297.0,-5
2025-03-03 09:00:06.500000+08:00,BACKTESTING.22,fu2505.SHFE,MM,buy,2,1,3293.6,1,tick,5.0,3,5,5,3294.447854251146,3296.0,3297.0,-5
2025-03-03 09:00:06.500000+08:00,BACKTESTING.23,fu2505.SHFE,MM,buy,3,1,3293.2,1,tick,7.0,3,5,5,3294.447854251146,3296.0,3297.0,-5
2025-03-03 09:00:06.500000+08:00,BACKTESTING.24,fu2505.SHFE,MM,sell,1,1,3297.2,1,tick,3.0,3,5,5,3294.447854251146,3296.0,3297.0,-5
2025-03-03 09:00:06.500000+08:00,BACKTESTING.25,fu2505.SHFE,MM,sell,2,1,3297.2,1,tick,5.0,3,5,5,3294.447854251146,3296.0,3297.0,-5
2025-03-03 09:00:06.500000+08:00,BACKTESTING.26,fu2505.SHFE,MM,sell,3,1,3297.2,1,tick,7.0,3,5,5,3294.447854251146,3296.0,3297.0,-5
2025-03-03 09:00:18+08:00,BACKTESTING.29,fu2505.SHFE,MM,buy,1,1,3295.4,1,tick,3.0,3,5,5,3295.8511717683677,3297.0,3298.0,-4
2025-03-03 09:00:18+08:00,BACKTESTING.30,fu2505.SHFE,MM,buy,2,1,3295.0,1,tick,5.0,3,5,5,3295.8511717683677,3297.0,3298.0,-4
2025-03-03 09:00:18+08:00,BACKTESTING.31,fu2505.SHFE,MM,buy,3,1,3294.6,1,tick,7.0,3,5,5,3295.8511717683677,3297.0,3298.0,-4
2025-03-03 09:00:18+08:00,BACKTESTING.32,fu2505.SHFE,MM,sell,1,1,3298.2,1,tick,3.0,3,5,5,3295.8511717683677,3297.0,3298.0,-4
2025-03-03 09:00:18+08:00,BACKTESTING.33,fu2505.SHFE,MM,sell,2,1,3298.2,1,tick,5.0,3,5,5,3295.8511717683677,3297.0,3298.0,-4
2025-03-03 09:00:18+08:00,BACKTESTING.34,fu2505.SHFE,MM,sell,3,1,3298.2,1,tick,7.0,3,5,5,3295.8511717683677,3297.0,3298.0,-4
2025-03-03 09:00:29.500000+08:00,BACKTESTING.36,fu2505.SHFE,MM,buy,1,1,3297.4,1,tick,3.0,3,5,5,3297.9030126318644,3298.0,3299.0,-5
2025-03-03 09:00:29.500000+08:00,BACKTESTING.37,fu2505.SHFE,MM,buy,2,1,3297.0,1,tick,5.0,3,5,5,3297.9030126318644,3298.0,3299.0,-5
2025-03-03 09:00:29.500000+08:00,BACKTESTING.38,fu2505.SHFE,MM,buy,3,1,3296.6,1,tick,7.0,3,5,5,3297.9030126318644,3298.0,3299.0,-5
2025-03-03 09:00:29.500000+08:00,BACKTESTING.39,fu2505.SHFE,MM,sell,1,1,3299.2,1,tick,3.0,3,5,5,3297.9030126318644,3298.0,3299.0,-5
2025-03-03 09:00:29.500000+08:00,BACKTESTING.40,fu2505.SHFE,MM,sell,2,1,3299.2,1,tick,5.0,3,5,5,3297.9030126318644,3298.0,3299.0,-5
2025-03-03 09:00:29.500000+08:00,BACKTESTING.41,fu2505.SHFE,MM,sell,3,1,3299.6,1,tick,7.0,3,5,5,3297.9030126318644,3298.0,3299.0,-5
2025-03-03 09:00:33.500000+08:00,BACKTESTING.44,fu2505.SHFE,MM,buy,1,1,3298.0,1,tick,3.0,3,5,5,3298.571714917626,3298.0,3300.0,-4
2025-03-03 09:00:33.500000+08:00,BACKTESTING.45,fu2505.SHFE,MM,buy,2,1,3297.6,1,tick,5.0,3,5,5,3298.571714917626,3298.0,3300.0,-4
2025-03-03 09:00:33.500000+08:00,BACKTESTING.46,fu2505.SHFE,MM,buy,3,1,3297.2,1,tick,7.0,3,5,5,3298.571714917626,3298.0,3300.0,-4
2025-03-03 09:00:33.500000+08:00,BACKTESTING.47,fu2505.SHFE,MM,sell,1,1,3300.2,1,tick,3.0,3,5,5,3298.571714917626,3298.0,3300.0,-4
2025-03-03 09:00:33.500000+08:00,BACKTESTING.48,fu2505.SHFE,MM,sell,2,1,3300.2,1,tick,5.0,3,5,5,3298.571714917626,3298.0,3300.0,-4
2025-03-03 09:00:33.500000+08:00,BACKTESTING.49,fu2505.SHFE,MM,sell,3,1,3300.2,1,tick,7.0,3,5,5,3298.571714917626,3298.0,3300.0,-4
2025-03-03 09:00:55+08:00,BACKTESTING.51,fu2505.SHFE,MM,buy,1,1,3299.6,1,tick,3.0,3,5,5,3300.0033089730987,3300.0,3301.0,-4
2025-03-03 09:00:55+08:00,BACKTESTING.52,fu2505.SHFE,MM,buy,2,1,3299.2,1,tick,5.0,3,5,5,3300.0033089730987,3300.0,3301.0,-4
2025-03-03 09:00:55+08:00,BACKTESTING.53,fu2505.SHFE,MM,buy,3,1,3298.8,1,tick,7.0,3,5,5,3300.0033089730987,3300.0,3301.0,-4
2025-03-03 09:00:55+08:00,BACKTESTING.54,fu2505.SHFE,MM,sell,1,1,3301.2,1,tick,3.0,3,5,5,3300.0033089730987,3300.0,3301.0,-4
2025-03-03 09:00:55+08:00,BACKTESTING.55,fu2505.SHFE,MM,sell,2,1,3301.4,1,tick,5.0,3,5,5,3300.0033089730987,3300.0,3301.0,-4
2025-03-03 09:00:55+08:00,BACKTESTING.56,fu2505.SHFE,MM,sell,3,1,3301.8,1,tick,7.0,3,5,5,3300.0033089730987,3300.0,3301.0,-4
2025-03-03 09:08:58+08:00,BACKTESTING.57,fu2505.SHFE,MM,buy,1,1,3295.0,1,tick,3.0,3,5,5,3296.2603047287253,3295.0,3296.0,-4
2025-03-03 09:08:58+08:00,BACKTESTING.58,fu2505.SHFE,MM,buy,2,1,3295.0,1,tick,5.0,3,5,5,3296.2603047287253,3295.0,3296.0,-4
2025-03-03 09:08:58+08:00,BACKTESTING.59,fu2505.SHFE,MM,buy,3,1,3295.0,1,tick,7.0,3,5,5,3296.2603047287253,3295.0,3296.0,-4
2025-03-03 09:08:58+08:00,BACKTESTING.60,fu2505.SHFE,MM,sell,1,1,3297.2,1,tick,3.0,3,5,5,3296.2603047287253,3295.0,3296.0,-4
2025-03-03 09:08:58+08:00,BACKTESTING.61,fu2505.SHFE,MM,sell,2,1,3297.6,1,tick,5.0,3,5,5,3296.2603047287253,3295.0,3296.0,-4
2025-03-03 09:08:58+08:00,BACKTESTING.62,fu2505.SHFE,MM,sell,3,1,3298.0,1,tick,7.0,3,5,5,3296.2603047287253,3295.0,3296.0,-4
2025-03-03 09:09:31+08:00,BACKTESTING.64,fu2505.SHFE,MM,buy,1,1,3296.8,1,tick,3.0,3,5,5,3297.3211945420417,3297.0,3298.0,-5
2025-03-03 09:09:31+08:00,BACKTESTING.65,fu2505.SHFE,MM,buy,2,1,3296.4,1,tick,5.0,3,5,5,3297.3211945420417,3297.0,3298.0,-5
2025-03-03 09:09:31+08:00,BACKTESTING.66,fu2505.SHFE,MM,buy,3,1,3296.0,1,tick,7.0,3,5,5,3297.3211945420417,3297.0,3298.0,-5
2025-03-03 09:09:31+08:00,BACKTESTING.67,fu2505.SHFE,MM,sell,1,1,3298.2,1,tick,3.0,3,5,5,3297.3211945420417,3297.0,3298.0,-5
2025-03-03 09:09:31+08:00,BACKTESTING.68,fu2505.SHFE,MM,sell,2,1,3298.6,1,tick,5.0,3,5,5,3297.3211945420417,3297.0,3298.0,-5
2025-03-03 09:09:31+08:00,BACKTESTING.69,fu2505.SHFE,MM,sell,3,1,3299.0,1,tick,7.0,3,5,5,3297.3211945420417,3297.0,3298.0,-5
2025-03-03 09:10:27+08:00,BACKTESTING.72,fu2505.SHFE,MM,buy,1,1,3297.8,1,tick,3.0,3,5,5,3298.2853296066614,3298.0,3299.0,-4
2025-03-03 09:10:27+08:00,BACKTESTING.73,fu2505.SHFE,MM,buy,2,1,3297.4,1,tick,5.0,3,5,5,3298.2853296066614,3298.0,3299.0,-4
2025-03-03 09:10:27+08:00,BACKTESTING.74,fu2505.SHFE,MM,buy,3,1,3297.0,1,tick,7.0,3,5,5,3298.2853296066614,3298.0,3299.0,-4
2025-03-03 09:10:27+08:00,BACKTESTING.75,fu2505.SHFE,MM,sell,1,1,3299.2,1,tick,3.0,3,5,5,3298.2853296066614,3298.0,3299.0,-4
2025-03-03 09:10:27+08:00,BACKTESTING.76,fu2505.SHFE,MM,sell,2,1,3299.6,1,tick,5.0,3,5,5,3298.2853296066614,3298.0,3299.0,-4
2025-03-03 09:10:27+08:00,BACKTESTING.77,fu2505.SHFE,MM,sell,3,1,3300.0,1,tick,7.0,3,5,5,3298.2853296066614,3298.0,3299.0,-4
2025-03-03 09:12:03.500000+08:00,BACKTESTING.79,fu2505.SHFE,MM,buy,1,1,3298.8,1,tick,3.0,3,5,5,3299.334806783816,3299.0,3300.0,-5
2025-03-03 09:12:03.500000+08:00,BACKTESTING.80,fu2505.SHFE,MM,buy,2,1,3298.4,1,tick,5.0,3,5,5,3299.334806783816,3299.0,3300.0,-5
2025-03-03 09:12:03.500000+08:00,BACKTESTING.81,fu2505.SHFE,MM,buy,3,1,3298.0,1,tick,7.0,3,5,5,3299.334806783816,3299.0,3300.0,-5
2025-03-03 09:12:03.500000+08:00,BACKTESTING.82,fu2505.SHFE,MM,sell,1,1,3300.2,1,tick,3.0,3,5,5,3299.334806783816,3299.0,3300.0,-5
2025-03-03 09:12:03.500000+08:00,BACKTESTING.83,fu2505.SHFE,MM,sell,2,1,3300.6,1,tick,5.0,3,5,5,3299.334806783816,3299.0,3300.0,-5
2025-03-03 09:12:03.500000+08:00,BACKTESTING.84,fu2505.SHFE,MM,sell,3,1,3301.0,1,tick,7.0,3,5,5,3299.334806783816,3299.0,3300.0,-5
2025-03-03 09:19:11.500000+08:00,BACKTESTING.85,fu2505.SHFE,MM,buy,1,1,3303.0,1,tick,3.0,3,5,5,3303.4368144822583,3303.0,3304.0,-5
2025-03-03 09:19:11.500000+08:00,BACKTESTING.86,fu2505.SHFE,MM,buy,2,1,3302.6,1,tick,5.0,3,5,5,3303.4368144822583,3303.0,3304.0,-5
2025-03-03 09:19:11.500000+08:00,BACKTESTING.87,fu2505.SHFE,MM,buy,3,1,3302.2,1,tick,7.0,3,5,5,3303.4368144822583,3303.0,3304.0,-5
2025-03-03 09:19:11.500000+08:00,BACKTESTING.88,fu2505.SHFE,MM,sell,1,1,3304.4,1,tick,3.0,3,5,5,3303.4368144822583,3303.0,3304.0,-5
2025-03-03 09:19:11.500000+08:00,BACKTESTING.89,fu2505.SHFE,MM,sell,2,1,3304.8,1,tick,5.0,3,5,5,3303.4368144822583,3303.0,3304.0,-5
2025-03-03 09:19:11.500000+08:00,BACKTESTING.90,fu2505.SHFE,MM,sell,3,1,3305.2,1,tick,7.0,3,5,5,3303.4368144822583,3303.0,3304.0,-5
2025-03-03 09:38:35+08:00,BACKTESTING.92,fu2505.SHFE,MM,buy,1,1,3303.8,1,tick,3.0,3,5,5,3304.2282328252822,3304.0,3305.0,-5
2025-03-03 09:38:35+08:00,BACKTESTING.93,fu2505.SHFE,MM,buy,2,1,3303.4,1,tick,5.0,3,5,5,3304.2282328252822,3304.0,3305.0,-5
2025-03-03 09:38:35+08:00,BACKTESTING.94,fu2505.SHFE,MM,buy,3,1,3303.0,1,tick,7.0,3,5,5,3304.2282328252822,3304.0,3305.0,-5
2025-03-03 09:38:35+08:00,BACKTESTING.95,fu2505.SHFE,MM,sell,1,1,3305.2,1,tick,3.0,3,5,5,3304.2282328252822,3304.0,3305.0,-5
2025-03-03 09:38:35+08:00,BACKTESTING.96,fu2505.SHFE,MM,sell,2,1,3305.6,1,tick,5.0,3,5,5,3304.2282328252822,3304.0,3305.0,-5
2025-03-03 09:38:35+08:00,BACKTESTING.97,fu2505.SHFE,MM,sell,3,1,3306.0,1,tick,7.0,3,5,5,3304.2282328252822,3304.0,3305.0,-5
2025-03-03 09:39:30+08:00,BACKTESTING.100,fu2505.SHFE,MM,buy,1,1,3305.0,1,tick,3.0,3,5,5,3305.726662441812,3305.0,3306.0,-4
2025-03-03 09:39:30+08:00,BACKTESTING.101,fu2505.SHFE,MM,buy,2,1,3304.8,1,tick,5.0,3,5,5,3305.726662441812,3305.0,3306.0,-4
2025-03-03 09:39:30+08:00,BACKTESTING.102,fu2505.SHFE,MM,buy,3,1,3304.4,1,tick,7.0,3,5,5,3305.726662441812,3305.0,3306.0,-4
2025-03-03 09:39:30+08:00,BACKTESTING.103,fu2505.SHFE,MM,sell,1,1,3306.6,1,tick,3.0,3,5,5,3305.726662441812,3305.0,3306.0,-4
2025-03-03 09:39:30+08:00,BACKTESTING.104,fu2505.SHFE,MM,sell,2,1,3307.0,1,tick,5.0,3,5,5,3305.726662441812,3305.0,3306.0,-4
2025-03-03 09:39:30+08:00,BACKTESTING.105,fu2505.SHFE,MM,sell,3,1,3307.4,1,tick,7.0,3,5,5,3305.726662441812,3305.0,3306.0,-4
2025-03-03 09:45:43+08:00,BACKTESTING.106,fu2505.SHFE,MM,buy,1,1,3301.0,1,tick,3.0,3,5,5,3301.787482247665,3301.0,3302.0,-1
2025-03-03 09:45:43+08:00,BACKTESTING.107,fu2505.SHFE,MM,buy,2,1,3300.6000000000004,1,tick,5.0,3,5,5,3301.787482247665,3301.0,3302.0,-1
2025-03-03 09:45:43+08:00,BACKTESTING.108,fu2505.SHFE,MM,buy,3,1,3300.2000000000003,1,tick,7.0,3,5,5,3301.787482247665,3301.0,3302.0,-1
2025-03-03 09:45:43+08:00,BACKTESTING.109,fu2505.SHFE,MM,sell,1,1,3302.4,1,tick,3.0,3,5,5,3301.787482247665,3301.0,3302.0,-1
2025-03-03 09:45:43+08:00,BACKTESTING.110,fu2505.SHFE,MM,sell,2,1,3302.8,1,tick,5.0,3,5,5,3301.787482247665,3301.0,3302.0,-1
2025-03-03 09:45:43+08:00,BACKTESTING.111,fu2505.SHFE,MM,sell,3,1,3303.2000000000003,1,tick,7.0,3,5,5,3301.787482247665,3301.0,3302.0,-1
2025-03-03 09:49:01.500000+08:00,BACKTESTING.112,fu2505.SHFE,MM,buy,1,1,3305.0,1,tick,3.0,3,5,5,3305.54456179697,3306.0,3307.0,-3
2025-03-03 09:49:01.500000+08:00,BACKTESTING.113,fu2505.SHFE,MM,buy,2,1,3304.6,1,tick,5.0,3,5,5,3305.54456179697,3306.0,3307.0,-3
2025-03-03 09:49:01.500000+08:00,BACKTESTING.114,fu2505.SHFE,MM,buy,3,1,3304.2,1,tick,7.0,3,5,5,3305.54456179697,3306.0,3307.0,-3
2025-03-03 09:49:01.500000+08:00,BACKTESTING.115,fu2505.SHFE,MM,sell,1,1,3307.2,1,tick,3.0,3,5,5,3305.54456179697,3306.0,3307.0,-3
2025-03-03 09:49:01.500000+08:00,BACKTESTING.116,fu2505.SHFE,MM,sell,2,1,3307.2,1,tick,5.0,3,5,5,3305.54456179697,3306.0,3307.0,-3
2025-03-03 09:49:01.500000+08:00,BACKTESTING.117,fu2505.SHFE,MM,sell,3,1,3307.2,1,tick,7.0,3,5,5,3305.54456179697,3306.0,3307.0,-3
2025-03-03 10:14:59+08:00,BACKTESTING.118,fu2505.SHFE,MM,buy,1,1,3301.0,1,tick,3.0,3,5,5,3302.152935676124,3301.0,3302.0,-3
2025-03-03 10:14:59+08:00,BACKTESTING.119,fu2505.SHFE,MM,buy,2,1,3301.0,1,tick,5.0,3,5,5,3302.152935676124,3301.0,3302.0,-3
2025-03-03 10:14:59+08:00,BACKTESTING.120,fu2505.SHFE,MM,buy,3,1,3300.8,1,tick,7.0,3,5,5,3302.152935676124,3301.0,3302.0,-3
2025-03-03 10:14:59+08:00,BACKTESTING.121,fu2505.SHFE,MM,sell,1,1,3303.0,1,tick,3.0,3,5,5,3302.152935676124,3301.0,3302.0,-3
2025-03-03 10:14:59+08:00,BACKTESTING.122,fu2505.SHFE,MM,sell,2,1,3303.4,1,tick,5.0,3,5,5,3302.152935676124,3301.0,3302.0,-3
2025-03-03 10:14:59+08:00,BACKTESTING.123,fu2505.SHFE,MM,sell,3,1,3303.8,1,tick,7.0,3,5,5,3302.152935676124,3301.0,3302.0,-3
2025-03-03 10:33:12+08:00,BACKTESTING.124,fu2505.SHFE,MM,buy,1,1,3297.0,1,tick,3.0,3,5,5,3298.1339583909858,3297.0,3298.0,-1
2025-03-03 10:33:12+08:00,BACKTESTING.125,fu2505.SHFE,MM,buy,2,1,3297.0,1,tick,5.0,3,5,5,3298.1339583909858,3297.0,3298.0,-1
2025-03-03 10:33:12+08:00,BACKTESTING.126,fu2505.SHFE,MM,buy,3,1,3296.6000000000004,1,tick,7.0,3,5,5,3298.1339583909858,3297.0,3298.0,-1
2025-03-03 10:33:12+08:00,BACKTESTING.127,fu2505.SHFE,MM,sell,1,1,3298.8,1,tick,3.0,3,5,5,3298.1339583909858,3297.0,3298.0,-1
2025-03-03 10:33:12+08:00,BACKTESTING.128,fu2505.SHFE,MM,sell,2,1,3299.2000000000003,1,tick,5.0,3,5,5,3298.1339583909858,3297.0,3298.0,-1
2025-03-03 10:33:12+08:00,BACKTESTING.129,fu2505.SHFE,MM,sell,3,1,3299.6000000000004,1,tick,7.0,3,5,5,3298.1339583909858,3297.0,3298.0,-1
2025-03-03 10:39:59.500000+08:00,BACKTESTING.130,fu2505.SHFE,MM,buy,1,1,3293.0,1,tick,3.0,3,5,5,3293.9998214421144,3293.0,3294.0,2
2025-03-03 10:39:59.500000+08:00,BACKTESTING.131,fu2505.SHFE,MM,buy,2,1,3292.8,1,tick,5.0,3,5,5,3293.9998214421144,3293.0,3294.0,2
2025-03-03 10:39:59.500000+08:00,BACKTESTING.132,fu2505.SHFE,MM,buy,3,1,3292.4,1,tick,7.0,3,5,5,3293.9998214421144,3293.0,3294.0,2
2025-03-03 10:39:59.500000+08:00,BACKTESTING.133,fu2505.SHFE,MM,sell,1,1,3294.6000000000004,1,tick,3.0,3,5,5,3293.9998214421144,3293.0,3294.0,2
2025-03-03 10:39:59.500000+08:00,BACKTESTING.134,fu2505.SHFE,MM,sell,2,1,3295.0,1,tick,5.0,3,5,5,3293.9998214421144,3293.0,3294.0,2
2025-03-03 10:39:59.500000+08:00,BACKTESTING.135,fu2505.SHFE,MM,sell,3,1,3295.4,1,tick,7.0,3,5,5,3293.9998214421144,3293.0,3294.0,2
2025-03-03 10:41:38.500000+08:00,BACKTESTING.136,fu2505.SHFE,MM,buy,1,1,3288.8,1,tick,3.0,3,5,5,3290.9257214717954,3289.0,3290.0,5
2025-03-03 10:41:38.500000+08:00,BACKTESTING.137,fu2505.SHFE,MM,buy,2,1,3288.8,1,tick,5.0,3,5,5,3290.9257214717954,3289.0,3290.0,5
2025-03-03 10:41:38.500000+08:00,BACKTESTING.138,fu2505.SHFE,MM,buy,3,1,3288.8,1,tick,7.0,3,5,5,3290.9257214717954,3289.0,3290.0,5
2025-03-03 10:41:38.500000+08:00,BACKTESTING.139,fu2505.SHFE,MM,sell,1,1,3291.4000000000005,1,tick,3.0,3,5,5,3290.9257214717954,3289.0,3290.0,5
2025-03-03 10:41:38.500000+08:00,BACKTESTING.140,fu2505.SHFE,MM,sell,2,1,3291.8,1,tick,5.0,3,5,5,3290.9257214717954,3289.0,3290.0,5
2025-03-03 10:41:38.500000+08:00,BACKTESTING.141,fu2505.SHFE,MM,sell,3,1,3292.2000000000003,1,tick,7.0,3,5,5,3290.9257214717954,3289.0,3290.0,5
2025-03-03 10:41:44.500000+08:00,BACKTESTING.144,fu2505.SHFE,MM,buy,1,1,3287.8,1,tick,3.0,3,5,5,3289.1303492930156,3288.0,3289.0,4
2025-03-03 10:41:44.500000+08:00,BACKTESTING.145,fu2505.SHFE,MM,buy,2,1,3287.8,1,tick,5.0,3,5,5,3289.1303492930156,3288.0,3289.0,4
2025-03-03 10:41:44.500000+08:00,BACKTESTING.146,fu2505.SHFE,MM,buy,3,1,3287.4000000000005,1,tick,7.0,3,5,5,3289.1303492930156,3288.0,3289.0,4
2025-03-03 10:41:44.500000+08:00,BACKTESTING.147,fu2505.SHFE,MM,sell,1,1,3289.6000000000004,1,tick,3.0,3,5,5,3289.1303492930156,3288.0,3289.0,4
2025-03-03 10:41:44.500000+08:00,BACKTESTING.148,fu2505.SHFE,MM,sell,2,1,3290.0000000000005,1,tick,5.0,3,5,5,3289.1303492930156,3288.0,3289.0,4
2025-03-03 10:41:44.500000+08:00,BACKTESTING.149,fu2505.SHFE,MM,sell,3,1,3290.4000000000005,1,tick,7.0,3,5,5,3289.1303492930156,3288.0,3289.0,4
2025-03-03 10:43:06.500000+08:00,BACKTESTING.151,fu2505.SHFE,MM,buy,1,1,3286.8,1,tick,3.0,3,5,5,3287.6616781833036,3287.0,3288.0,5
2025-03-03 10:43:06.500000+08:00,BACKTESTING.152,fu2505.SHFE,MM,buy,2,1,3286.4000000000005,1,tick,5.0,3,5,5,3287.6616781833036,3287.0,3288.0,5
2025-03-03 10:43:06.500000+08:00,BACKTESTING.153,fu2505.SHFE,MM,buy,3,1,3286.0000000000005,1,tick,7.0,3,5,5,3287.6616781833036,3287.0,3288.0,5
2025-03-03 10:43:06.500000+08:00,BACKTESTING.154,fu2505.SHFE,MM,sell,1,1,3288.2000000000003,1,tick,3.0,3,5,5,3287.6616781833036,3287.0,3288.0,5
2025-03-03 10:43:06.500000+08:00,BACKTESTING.155,fu2505.SHFE,MM,sell,2,1,3288.6000000000004,1,tick,5.0,3,5,5,3287.6616781833036,3287.0,3288.0,5
2025-03-03 10:43:06.500000+08:00,BACKTESTING.156,fu2505.SHFE,MM,sell,3,1,3289.0000000000005,1,tick,7.0,3,5,5,3287.6616781833036,3287.0,3288.0,5
2025-03-03 10:51:04.500000+08:00,BACKTESTING.157,fu2505.SHFE,MM,buy,1,1,3282.6000000000004,1,tick,3.0,3,5,5,3283.5942488325477,3283.0,3284.0,5
2025-03-03 10:51:04.500000+08:00,BACKTESTING.158,fu2505.SHFE,MM,buy,2,1,3282.2000000000003,1,tick,5.0,3,5,5,3283.5942488325477,3283.0,3284.0,5
2025-03-03 10:51:04.500000+08:00,BACKTESTING.159,fu2505.SHFE,MM,buy,3,1,3281.8,1,tick,7.0,3,5,5,3283.5942488325477,3283.0,3284.0,5
2025-03-03 10:51:04.500000+08:00,BACKTESTING.160,fu2505.SHFE,MM,sell,1,1,3284.0000000000005,1,tick,3.0,3,5,5,3283.5942488325477,3283.0,3284.0,5
2025-03-03 10:51:04.500000+08:00,BACKTESTING.161,fu2505.SHFE,MM,sell,2,1,3284.4000000000005,1,tick,5.0,3,5,5,3283.5942488325477,3283.0,3284.0,5
2025-03-03 10:51:04.500000+08:00,BACKTESTING.162,fu2505.SHFE,MM,sell,3,1,3284.8,1,tick,7.0,3,5,5,3283.5942488325477,3283.0,3284.0,5
2025-03-03 10:59:50.500000+08:00,BACKTESTING.164,fu2505.SHFE,MM,buy,1,1,3281.6000000000004,1,tick,3.0,3,5,5,3282.4399670290322,3282.0,3283.0,4
2025-03-03 10:59:50.500000+08:00,BACKTESTING.165,fu2505.SHFE,MM,buy,2,1,3281.2000000000003,1,tick,5.0,3,5,5,3282.4399670290322,3282.0,3283.0,4
2025-03-03 10:59:50.500000+08:00,BACKTESTING.166,fu2505.SHFE,MM,buy,3,1,3280.8,1,tick,7.0,3,5,5,3282.4399670290322,3282.0,3283.0,4
2025-03-03 10:59:50.500000+08:00,BACKTESTING.167,fu2505.SHFE,MM,sell,1,1,3283.0000000000005,1,tick,3.0,3,5,5,3282.4399670290322,3282.0,3283.0,4
2025-03-03 10:59:50.500000+08:00,BACKTESTING.168,fu2505.SHFE,MM,sell,2,1,3283.4000000000005,1,tick,5.0,3,5,5,3282.4399670290322,3282.0,3283.0,4
2025-03-03 10:59:50.500000+08:00,BACKTESTING.169,fu2505.SHFE,MM,sell,3,1,3283.8,1,tick,7.0,3,5,5,3282.4399670290322,3282.0,3283.0,4
2025-03-03 11:00:02.500000+08:00,BACKTESTING.171,fu2505.SHFE,MM,buy,1,1,3280.8,1,tick,3.0,3,5,5,3281.9001174613263,3281.0,3282.0,4
2025-03-03 11:00:02.500000+08:00,BACKTESTING.172,fu2505.SHFE,MM,buy,2,1,3280.6000000000004,1,tick,5.0,3,5,5,3281.9001174613263,3281.0,3282.0,4
2025-03-03 11:00:02.500000+08:00,BACKTESTING.173,fu2505.SHFE,MM,buy,3,1,3280.2000000000003,1,tick,7.0,3,5,5,3281.9001174613263,3281.0,3282.0,4
2025-03-03 11:00:02.500000+08:00,BACKTESTING.174,fu2505.SHFE,MM,sell,1,1,3282.4000000000005,1,tick,3.0,3,5,5,3281.9001174613263,3281.0,3282.0,4
2025-03-03 11:00:02.500000+08:00,BACKTESTING.175,fu2505.SHFE,MM,sell,2,1,3282.8,1,tick,5.0,3,5,5,3281.9001174613263,3281.0,3282.0,4
2025-03-03 11:00:02.500000+08:00,BACKTESTING.176,fu2505.SHFE,MM,sell,3,1,3283.2000000000003,1,tick,7.0,3,5,5,3281.9001174613263,3281.0,3282.0,4
2025-03-03 11:27:27+08:00,BACKTESTING.177,fu2505.SHFE,MM,buy,1,1,3276.8,1,tick,3.0,3,5,5,3277.7379062663963,3277.0,3278.0,4
2025-03-03 11:27:27+08:00,BACKTESTING.178,fu2505.SHFE,MM,buy,2,1,3276.4000000000005,1,tick,5.0,3,5,5,3277.7379062663963,3277.0,3278.0,4
2025-03-03 11:27:27+08:00,BACKTESTING.179,fu2505.SHFE,MM,buy,3,1,3276.0000000000005,1,tick,7.0,3,5,5,3277.7379062663963,3277.0,3278.0,4
2025-03-03 11:27:27+08:00,BACKTESTING.180,fu2505.SHFE,MM,sell,1,1,3278.2000000000003,1,tick,3.0,3,5,5,3277.7379062663963,3277.0,3278.0,4
2025-03-03 11:27:27+08:00,BACKTESTING.181,fu2505.SHFE,MM,sell,2,1,3278.6000000000004,1,tick,5.0,3,5,5,3277.7379062663963,3277.0,3278.0,4
2025-03-03 11:27:27+08:00,BACKTESTING.182,fu2505.SHFE,MM,sell,3,1,3279.0000000000005,1,tick,7.0,3,5,5,3277.7379062663963,3277.0,3278.0,4
2025-03-03 11:27:36.500000+08:00,BACKTESTING.184,fu2505.SHFE,MM,buy,1,1,3275.8,1,tick,3.0,3,5,5,3276.601480150004,3276.0,3277.0,5
2025-03-03 11:27:36.500000+08:00,BACKTESTING.185,fu2505.SHFE,MM,buy,2,1,3275.4000000000005,1,tick,5.0,3,5,5,3276.601480150004,3276.0,3277.0,5
2025-03-03 11:27:36.500000+08:00,BACKTESTING.186,fu2505.SHFE,MM,buy,3,1,3275.0000000000005,1,tick,7.0,3,5,5,3276.601480150004,3276.0,3277.0,5
2025-03-03 11:27:36.500000+08:00,BACKTESTING.187,fu2505.SHFE,MM,sell,1,1,3277.2000000000003,1,tick,3.0,3,5,5,3276.601480150004,3276.0,3277.0,5
2025-03-03 11:27:36.500000+08:00,BACKTESTING.188,fu2505.SHFE,MM,sell,2,1,3277.6000000000004,1,tick,5.0,3,5,5,3276.601480150004,3276.0,3277.0,5
2025-03-03 11:27:36.500000+08:00,BACKTESTING.189,fu2505.SHFE,MM,sell,3,1,3278.0000000000005,1,tick,7.0,3,5,5,3276.601480150004,3276.0,3277.0,5
2025-03-03 13:34:18.500000+08:00,BACKTESTING.190,fu2505.SHFE,MM,buy,1,1,3271.6000000000004,1,tick,3.0,3,5,5,3272.5975473759754,3272.0,3273.0,5
2025-03-03 13:34:18.500000+08:00,BACKTESTING.191,fu2505.SHFE,MM,buy,2,1,3271.2000000000003,1,tick,5.0,3,5,5,3272.5975473759754,3272.0,3273.0,5
2025-03-03 13:34:18.500000+08:00,BACKTESTING.192,fu2505.SHFE,MM,buy,3,1,3270.8,1,tick,7.0,3,5,5,3272.5975473759754,3272.0,3273.0,5
2025-03-03 13:34:18.500000+08:00,BACKTESTING.193,fu2505.SHFE,MM,sell,1,1,3273.0000000000005,1,tick,3.0,3,5,5,3272.5975473759754,3272.0,3273.0,5
2025-03-03 13:34:18.500000+08:00,BACKTESTING.194,fu2505.SHFE,MM,sell,2,1,3273.4000000000005,1,tick,5.0,3,5,5,3272.5975473759754,3272.0,3273.0,5
2025-03-03 13:34:18.500000+08:00,BACKTESTING.195,fu2505.SHFE,MM,sell,3,1,3273.8,1,tick,7.0,3,5,5,3272.5975473759754,3272.0,3273.0,5
2025-03-03 13:51:03+08:00,BACKTESTING.196,fu2505.SHFE,MM,buy,1,1,3266.8,1,tick,3.0,3,5,5,3268.369736117691,3267.0,3268.0,5
2025-03-03 13:51:03+08:00,BACKTESTING.197,fu2505.SHFE,MM,buy,2,1,3266.8,1,tick,5.0,3,5,5,3268.369736117691,3267.0,3268.0,5
2025-03-03 13:51:03+08:00,BACKTESTING.198,fu2505.SHFE,MM,buy,3,1,3266.6000000000004,1,tick,7.0,3,5,5,3268.369736117691,3267.0,3268.0,5
2025-03-03 13:51:03+08:00,BACKTESTING.199,fu2505.SHFE,MM,sell,1,1,3268.8,1,tick,3.0,3,5,5,3268.369736117691,3267.0,3268.0,5
2025-03-03 13:51:03+08:00,BACKTESTING.200,fu2505.SHFE,MM,sell,2,1,3269.2000000000003,1,tick,5.0,3,5,5,3268.369736117691,3267.0,3268.0,5
2025-03-03 13:51:03+08:00,BACKTESTING.201,fu2505.SHFE,MM,sell,3,1,3269.6000000000004,1,tick,7.0,3,5,5,3268.369736117691,3267.0,3268.0,5
2025-03-03 13:51:08+08:00,BACKTESTING.204,fu2505.SHFE,MM,buy,1,1,3265.8,1,tick,3.0,3,5,5,3267.1339215161056,3266.0,3267.0,4
2025-03-03 13:51:08+08:00,BACKTESTING.205,fu2505.SHFE,MM,buy,2,1,3265.8,1,tick,5.0,3,5,5,3267.1339215161056,3266.0,3267.0,4
2025-03-03 13:51:08+08:00,BACKTESTING.206,fu2505.SHFE,MM,buy,3,1,3265.4000000000005,1,tick,7.0,3,5,5,3267.1339215161056,3266.0,3267.0,4
2025-03-03 13:51:08+08:00,BACKTESTING.207,fu2505.SHFE,MM,sell,1,1,3267.6000000000004,1,tick,3.0,3,5,5,3267.1339215161056,3266.0,3267.0,4
2025-03-03 13:51:08+08:00,BACKTESTING.208,fu2505.SHFE,MM,sell,2,1,3268.0000000000005,1,tick,5.0,3,5,5,3267.1339215161056,3266.0,3267.0,4
2025-03-03 13:51:08+08:00,BACKTESTING.209,fu2505.SHFE,MM,sell,3,1,3268.4000000000005,1,tick,7.0,3,5,5,3267.1339215161056,3266.0,3267.0,4
2025-03-03 13:55:25.500000+08:00,BACKTESTING.210,fu2505.SHFE,MM,buy,1,1,3270.0,1,tick,3.0,3,5,5,3270.6077045481757,3271.0,3272.0,1
2025-03-03 13:55:25.500000+08:00,BACKTESTING.211,fu2505.SHFE,MM,buy,2,1,3269.6000000000004,1,tick,5.0,3,5,5,3270.6077045481757,3271.0,3272.0,1
2025-03-03 13:55:25.500000+08:00,BACKTESTING.212,fu2505.SHFE,MM,buy,3,1,3269.2000000000003,1,tick,7.0,3,5,5,3270.6077045481757,3271.0,3272.0,1
2025-03-03 13:55:25.500000+08:00,BACKTESTING.213,fu2505.SHFE,MM,sell,1,1,3272.0,1,tick,3.0,3,5,5,3270.6077045481757,3271.0,3272.0,1
2025-03-03 13:55:25.500000+08:00,BACKTESTING.214,fu2505.SHFE,MM,sell,2,1,3272.0,1,tick,5.0,3,5,5,3270.6077045481757,3271.0,3272.0,1
2025-03-03 13:55:25.500000+08:00,BACKTESTING.215,fu2505.SHFE,MM,sell,3,1,3272.2000000000003,1,tick,7.0,3,5,5,3270.6077045481757,3271.0,3272.0,1
2025-03-03 14:04:11.500000+08:00,BACKTESTING.216,fu2505.SHFE,MM,buy,1,1,3265.0,1,tick,3.0,3,5,5,3266.9741670982057,3265.0,3266.0,1
2025-03-03 14:04:11.500000+08:00,BACKTESTING.217,fu2505.SHFE,MM,buy,2,1,3265.0,1,tick,5.0,3,5,5,3266.9741670982057,3265.0,3266.0,1
2025-03-03 14:04:11.500000+08:00,BACKTESTING.218,fu2505.SHFE,MM,buy,3,1,3265.0,1,tick,7.0,3,5,5,3266.9741670982057,3265.0,3266.0,1
2025-03-03 14:04:11.500000+08:00,BACKTESTING.219,fu2505.SHFE,MM,sell,1,1,3267.6000000000004,1,tick,3.0,3,5,5,3266.9741670982057,3265.0,3266.0,1
2025-03-03 14:04:11.500000+08:00,BACKTESTING.220,fu2505.SHFE,MM,sell,2,1,3268.0,1,tick,5.0,3,5,5,3266.9741670982057,3265.0,3266.0,1
2025-03-03 14:04:11.500000+08:00,BACKTESTING.221,fu2505.SHFE,MM,sell,3,1,3268.4,1,tick,7.0,3,5,5,3266.9741670982057,3265.0,3266.0,1
2025-03-03 14:05:27+08:00,BACKTESTING.222,fu2505.SHFE,MM,buy,1,1,3260.8,1,tick,3.0,3,5,5,3263.301882577793,3261.0,3262.0,4
2025-03-03 14:05:27+08:00,BACKTESTING.223,fu2505.SHFE,MM,buy,2,1,3260.8,1,tick,5.0,3,5,5,3263.301882577793,3261.0,3262.0,4
2025-03-03 14:05:27+08:00,BACKTESTING.224,fu2505.SHFE,MM,buy,3,1,3260.8,1,tick,7.0,3,5,5,3263.301882577793,3261.0,3262.0,4
2025-03-03 14:05:27+08:00,BACKTESTING.225,fu2505.SHFE,MM,sell,1,1,3263.8,1,tick,3.0,3,5,5,3263.301882577793,3261.0,3262.0,4
2025-03-03 14:05:27+08:00,BACKTESTING.226,fu2505.SHFE,MM,sell,2,1,3264.2000000000003,1,tick,5.0,3,5,5,3263.301882577793,3261.0,3262.0,4
2025-03-03 14:05:27+08:00,BACKTESTING.227,fu2505.SHFE,MM,sell,3,1,3264.6000000000004,1,tick,7.0,3,5,5,3263.301882577793,3261.0,3262.0,4
2025-03-03 14:07:21+08:00,BACKTESTING.228,fu2505.SHFE,MM,buy,1,1,3265.0,1,tick,3.0,3,5,5,3265.7128858125543,3266.0,3267.0,1
2025-03-03 14:07:21+08:00,BACKTESTING.229,fu2505.SHFE,MM,buy,2,1,3264.6000000000004,1,tick,5.0,3,5,5,3265.7128858125543,3266.0,3267.0,1
2025-03-03 14:07:21+08:00,BACKTESTING.230,fu2505.SHFE,MM,buy,3,1,3264.2000000000003,1,tick,7.0,3,5,5,3265.7128858125543,3266.0,3267.0,1
2025-03-03 14:07:21+08:00,BACKTESTING.231,fu2505.SHFE,MM,sell,1,1,3267.0,1,tick,3.0,3,5,5,3265.7128858125543,3266.0,3267.0,1
2025-03-03 14:07:21+08:00,BACKTESTING.232,fu2505.SHFE,MM,sell,2,1,3267.0,1,tick,5.0,3,5,5,3265.7128858125543,3266.0,3267.0,1
2025-03-03 14:07:21+08:00,BACKTESTING.233,fu2505.SHFE,MM,sell,3,1,3267.2000000000003,1,tick,7.0,3,5,5,3265.7128858125543,3266.0,3267.0,1
2025-03-03 14:22:25.500000+08:00,BACKTESTING.234,fu2505.SHFE,MM,buy,1,1,3260.8,1,tick,3.0,3,5,5,3262.4025120471397,3261.0,3262.0,4
2025-03-03 14:22:25.500000+08:00,BACKTESTING.235,fu2505.SHFE,MM,buy,2,1,3260.8,1,tick,5.0,3,5,5,3262.4025120471397,3261.0,3262.0,4
2025-03-03 14:22:25.500000+08:00,BACKTESTING.236,fu2505.SHFE,MM,buy,3,1,3260.8,1,tick,7.0,3,5,5,3262.4025120471397,3261.0,3262.0,4
2025-03-03 14:22:25.500000+08:00,BACKTESTING.237,fu2505.SHFE,MM,sell,1,1,3263.0000000000005,1,tick,3.0,3,5,5,3262.4025120471397,3261.0,3262.0,4
2025-03-03 14:22:25.500000+08:00,BACKTESTING.238,fu2505.SHFE,MM,sell,2,1,3263.4000000000005,1,tick,5.0,3,5,5,3262.4025120471397,3261.0,3262.0,4
2025-03-03 14:22:25.500000+08:00,BACKTESTING.239,fu2505.SHFE,MM,sell,3,1,3263.8,1,tick,7.0,3,5,5,3262.4025120471397,3261.0,3262.0,4
2025-03-03 14:30:14.500000+08:00,BACKTESTING.240,fu2505.SHFE,MM,buy,1,1,3265.0,1,tick,3.0,3,5,5,3265.67931982693,3266.0,3267.0,1
2025-03-03 14:30:14.500000+08:00,BACKTESTING.241,fu2505.SHFE,MM,buy,2,1,3264.6000000000004,1,tick,5.0,3,5,5,3265.67931982693,3266.0,3267.0,1
2025-03-03 14:30:14.500000+08:00,BACKTESTING.242,fu2505.SHFE,MM,buy,3,1,3264.2000000000003,1,tick,7.0,3,5,5,3265.67931982693,3266.0,3267.0,1
2025-03-03 14:30:14.500000+08:00,BACKTESTING.243,fu2505.SHFE,MM,sell,1,1,3267.0,1,tick,3.0,3,5,5,3265.67931982693,3266.0,3267.0,1
2025-03-03 14:30:14.500000+08:00,BACKTESTING.244,fu2505.SHFE,MM,sell,2,1,3267.0,1,tick,5.0,3,5,5,3265.67931982693,3266.0,3267.0,1
2025-03-03 14:30:14.500000+08:00,BACKTESTING.245,fu2505.SHFE,MM,sell,3,1,3267.2000000000003,1,tick,7.0,3,5,5,3265.67931982693,3266.0,3267.0,1
2025-03-03 14:37:03+08:00,BACKTESTING.246,fu2505.SHFE,MM,buy,1,1,3260.8,1,tick,3.0,3,5,5,3262.691538301043,3261.0,3262.0,4
2025-03-03 14:37:03+08:00,BACKTESTING.247,fu2505.SHFE,MM,buy,2,1,3260.8,1,tick,5.0,3,5,5,3262.691538301043,3261.0,3262.0,4
2025-03-03 14:37:03+08:00,BACKTESTING.248,fu2505.SHFE,MM,buy,3,1,3260.8,1,tick,7.0,3,5,5,3262.691538301043,3261.0,3262.0,4
2025-03-03 14:37:03+08:00,BACKTESTING.249,fu2505.SHFE,MM,sell,1,1,3263.2000000000003,1,tick,3.0,3,5,5,3262.691538301043,3261.0,3262.0,4
2025-03-03 14:37:03+08:00,BACKTESTING.250,fu2505.SHFE,MM,sell,2,1,3263.6000000000004,1,tick,5.0,3,5,5,3262.691538301043,3261.0,3262.0,4
2025-03-03 14:37:03+08:00,BACKTESTING.251,fu2505.SHFE,MM,sell,3,1,3264.0000000000005,1,tick,7.0,3,5,5,3262.691538301043,3261.0,3262.0,4
2025-03-03 14:43:00.500000+08:00,BACKTESTING.253,fu2505.SHFE,MM,buy,1,1,3259.6000000000004,1,tick,3.0,3,5,5,3260.4358597918263,3260.0,3261.0,5
2025-03-03 14:43:00.500000+08:00,BACKTESTING.254,fu2505.SHFE,MM,buy,2,1,3259.2000000000003,1,tick,5.0,3,5,5,3260.4358597918263,3260.0,3261.0,5
2025-03-03 14:43:00.500000+08:00,BACKTESTING.255,fu2505.SHFE,MM,buy,3,1,3258.8,1,tick,7.0,3,5,5,3260.4358597918263,3260.0,3261.0,5
2025-03-03 14:43:00.500000+08:00,BACKTESTING.256,fu2505.SHFE,MM,sell,1,1,3261.0000000000005,1,tick,3.0,3,5,5,3260.4358597918263,3260.0,3261.0,5
2025-03-03 14:43:00.500000+08:00,BACKTESTING.257,fu2505.SHFE,MM,sell,2,1,3261.4000000000005,1,tick,5.0,3,5,5,3260.4358597918263,3260.0,3261.0,5
2025-03-03 14:43:00.500000+08:00,BACKTESTING.258,fu2505.SHFE,MM,sell,3,1,3261.8,1,tick,7.0,3,5,5,3260.4358597918263,3260.0,3261.0,5
2025-03-03 14:45:18+08:00,BACKTESTING.259,fu2505.SHFE,MM,buy,1,1,3263.8,1,tick,3.0,3,5,5,3264.5639602425877,3265.0,3266.0,2
2025-03-03 14:45:18+08:00,BACKTESTING.260,fu2505.SHFE,MM,buy,2,1,3263.4,1,tick,5.0,3,5,5,3264.5639602425877,3265.0,3266.0,2
2025-03-03 14:45:18+08:00,BACKTESTING.261,fu2505.SHFE,MM,buy,3,1,3263.0,1,tick,7.0,3,5,5,3264.5639602425877,3265.0,3266.0,2
2025-03-03 14:45:18+08:00,BACKTESTING.262,fu2505.SHFE,MM,sell,1,1,3266.0,1,tick,3.0,3,5,5,3264.5639602425877,3265.0,3266.0,2
2025-03-03 14:45:18+08:00,BACKTESTING.263,fu2505.SHFE,MM,sell,2,1,3266.0,1,tick,5.0,3,5,5,3264.5639602425877,3265.0,3266.0,2
2025-03-03 14:45:18+08:00,BACKTESTING.264,fu2505.SHFE,MM,sell,3,1,3266.0,1,tick,7.0,3,5,5,3264.5639602425877,3265.0,3266.0,2
2025-03-03 14:50:11+08:00,BACKTESTING.265,fu2505.SHFE,MM,buy,1,1,3259.8,1,tick,3.0,3,5,5,3261.3927220607616,3260.0,3261.0,5
2025-03-03 14:50:11+08:00,BACKTESTING.266,fu2505.SHFE,MM,buy,2,1,3259.8,1,tick,5.0,3,5,5,3261.3927220607616,3260.0,3261.0,5
2025-03-03 14:50:11+08:00,BACKTESTING.267,fu2505.SHFE,MM,buy,3,1,3259.6000000000004,1,tick,7.0,3,5,5,3261.3927220607616,3260.0,3261.0,5
2025-03-03 14:50:11+08:00,BACKTESTING.268,fu2505.SHFE,MM,sell,1,1,3261.8,1,tick,3.0,3,5,5,3261.3927220607616,3260.0,3261.0,5
2025-03-03 14:50:11+08:00,BACKTESTING.269,fu2505.SHFE,MM,sell,2,1,3262.2000000000003,1,tick,5.0,3,5,5,3261.3927220607616,3260.0,3261.0,5
2025-03-03 14:50:11+08:00,BACKTESTING.270,fu2505.SHFE,MM,sell,3,1,3262.6000000000004,1,tick,7.0,3,5,5,3261.3927220607616,3260.0,3261.0,5
2025-03-03 21:00:05+08:00,BACKTESTING.271,fu2505.SHFE,MM,buy,1,1,3252.8,1,tick,3.0,3,5,5,3257.691570407958,3253.0,3254.0,5
2025-03-03 21:00:05+08:00,BACKTESTING.272,fu2505.SHFE,MM,buy,2,1,3252.8,1,tick,5.0,3,5,5,3257.691570407958,3253.0,3254.0,5
2025-03-03 21:00:05+08:00,BACKTESTING.273,fu2505.SHFE,MM,buy,3,1,3252.8,1,tick,7.0,3,5,5,3257.691570407958,3253.0,3254.0,5
2025-03-03 21:00:05+08:00,BACKTESTING.274,fu2505.SHFE,MM,sell,1,1,3258.2000000000003,1,tick,3.0,3,5,5,3257.691570407958,3253.0,3254.0,5
2025-03-03 21:00:05+08:00,BACKTESTING.275,fu2505.SHFE,MM,sell,2,1,3258.6000000000004,1,tick,5.0,3,5,5,3257.691570407958,3253.0,3254.0,5
2025-03-03 21:00:05+08:00,BACKTESTING.276,fu2505.SHFE,MM,sell,3,1,3259.0000000000005,1,tick,7.0,3,5,5,3257.691570407958,3253.0,3254.0,5
2025-03-03 21:00:10.500000+08:00,BACKTESTING.277,fu2505.SHFE,MM,buy,1,1,3257.2000000000003,1,tick,3.0,3,5,5,3257.8210949955137,3259.0,3260.0,2
2025-03-03 21:00:10.500000+08:00,BACKTESTING.278,fu2505.SHFE,MM,buy,2,1,3256.8,1,tick,5.0,3,5,5,3257.8210949955137,3259.0,3260.0,2
2025-03-03 21:00:10.500000+08:00,BACKTESTING.279,fu2505.SHFE,MM,buy,3,1,3256.4,1,tick,7.0,3,5,5,3257.8210949955137,3259.0,3260.0,2
2025-03-03 21:00:10.500000+08:00,BACKTESTING.280,fu2505.SHFE,MM,sell,1,1,3260.0,1,tick,3.0,3,5,5,3257.8210949955137,3259.0,3260.0,2
2025-03-03 21:00:10.500000+08:00,BACKTESTING.281,fu2505.SHFE,MM,sell,2,1,3260.0,1,tick,5.0,3,5,5,3257.8210949955137,3259.0,3260.0,2
2025-03-03 21:00:10.500000+08:00,BACKTESTING.282,fu2505.SHFE,MM,sell,3,1,3260.0,1,tick,7.0,3,5,5,3257.8210949955137,3259.0,3260.0,2
2025-03-03 21:01:54+08:00,BACKTESTING.283,fu2505.SHFE,MM,buy,1,1,3254.0,1,tick,3.0,3,5,5,3255.1970157834367,3254.0,3255.0,2
2025-03-03 21:01:54+08:00,BACKTESTING.284,fu2505.SHFE,MM,buy,2,1,3254.0,1,tick,5.0,3,5,5,3255.1970157834367,3254.0,3255.0,2
2025-03-03 21:01:54+08:00,BACKTESTING.285,fu2505.SHFE,MM,buy,3,1,3253.6000000000004,1,tick,7.0,3,5,5,3255.1970157834367,3254.0,3255.0,2
2025-03-03 21:01:54+08:00,BACKTESTING.286,fu2505.SHFE,MM,sell,1,1,3255.8,1,tick,3.0,3,5,5,3255.1970157834367,3254.0,3255.0,2
2025-03-03 21:01:54+08:00,BACKTESTING.287,fu2505.SHFE,MM,sell,2,1,3256.2000000000003,1,tick,5.0,3,5,5,3255.1970157834367,3254.0,3255.0,2
2025-03-03 21:01:54+08:00,BACKTESTING.288,fu2505.SHFE,MM,sell,3,1,3256.6000000000004,1,tick,7.0,3,5,5,3255.1970157834367,3254.0,3255.0,2
2025-03-03 21:02:06.500000+08:00,BACKTESTING.289,fu2505.SHFE,MM,buy,1,1,3249.8,1,tick,3.0,3,5,5,3252.226288963273,3250.0,3251.0,5
2025-03-03 21:02:06.500000+08:00,BACKTESTING.290,fu2505.SHFE,MM,buy,2,1,3249.8,1,tick,5.0,3,5,5,3252.226288963273,3250.0,3251.0,5
2025-03-03 21:02:06.500000+08:00,BACKTESTING.291,fu2505.SHFE,MM,buy,3,1,3249.8,1,tick,7.0,3,5,5,3252.226288963273,3250.0,3251.0,5
2025-03-03 21:02:06.500000+08:00,BACKTESTING.292,fu2505.SHFE,MM,sell,1,1,3252.8,1,tick,3.0,3,5,5,3252.226288963273,3250.0,3251.0,5
2025-03-03 21:02:06.500000+08:00,BACKTESTING.293,fu2505.SHFE,MM,sell,2,1,3253.2000000000003,1,tick,5.0,3,5,5,3252.226288963273,3250.0,3251.0,5
2025-03-03 21:02:06.500000+08:00,BACKTESTING.294,fu2505.SHFE,MM,sell,3,1,3253.6000000000004,1,tick,7.0,3,5,5,3252.226288963273,3250.0,3251.0,5
2025-03-03 21:02:16.500000+08:00,BACKTESTING.297,fu2505.SHFE,MM,buy,1,1,3248.6000000000004,1,tick,3.0,3,5,5,3249.5449941086913,3249.0,3250.0,4
2025-03-03 21:02:16.500000+08:00,BACKTESTING.298,fu2505.SHFE,MM,buy,2,1,3248.2000000000003,1,tick,5.0,3,5,5,3249.5449941086913,3249.0,3250.0,4
2025-03-03 21:02:16.500000+08:00,BACKTESTING.299,fu2505.SHFE,MM,buy,3,1,3247.8,1,tick,7.0,3,5,5,3249.5449941086913,3249.0,3250.0,4
2025-03-03 21:02:16.500000+08:00,BACKTESTING.300,fu2505.SHFE,MM,sell,1,1,3250.0000000000005,1,tick,3.0,3,5,5,3249.5449941086913,3249.0,3250.0,4
2025-03-03 21:02:16.500000+08:00,BACKTESTING.301,fu2505.SHFE,MM,sell,2,1,3250.4000000000005,1,tick,5.0,3,5,5,3249.5449941086913,3249.0,3250.0,4
2025-03-03 21:02:16.500000+08:00,BACKTESTING.302,fu2505.SHFE,MM,sell,3,1,3250.8,1,tick,7.0,3,5,5,3249.5449941086913,3249.0,3250.0,4
2025-03-03 21:02:32+08:00,BACKTESTING.304,fu2505.SHFE,MM,buy,1,1,3246.8,1,tick,3.0,3,5,5,3248.005032787047,3247.0,3248.0,4
2025-03-03 21:02:32+08:00,BACKTESTING.305,fu2505.SHFE,MM,buy,2,1,3246.8,1,tick,5.0,3,5,5,3248.005032787047,3247.0,3248.0,4
2025-03-03 21:02:32+08:00,BACKTESTING.306,fu2505.SHFE,MM,buy,3,1,3246.4000000000005,1,tick,7.0,3,5,5,3248.005032787047,3247.0,3248.0,4
2025-03-03 21:02:32+08:00,BACKTESTING.307,fu2505.SHFE,MM,sell,1,1,3248.6000000000004,1,tick,3.0,3,5,5,3248.005032787047,3247.0,3248.0,4
2025-03-03 21:02:32+08:00,BACKTESTING.308,fu2505.SHFE,MM,sell,2,1,3249.0000000000005,1,tick,5.0,3,5,5,3248.005032787047,3247.0,3248.0,4
2025-03-03 21:02:32+08:00,BACKTESTING.309,fu2505.SHFE,MM,sell,3,1,3249.4000000000005,1,tick,7.0,3,5,5,3248.005032787047,3247.0,3248.0,4
2025-03-03 21:02:47+08:00,BACKTESTING.310,fu2505.SHFE,MM,buy,1,1,3250.6000000000004,1,tick,3.0,3,5,5,3251.2597913967106,3252.0,3253.0,1
2025-03-03 21:02:47+08:00,BACKTESTING.311,fu2505.SHFE,MM,buy,2,1,3250.2000000000003,1,tick,5.0,3,5,5,3251.2597913967106,3252.0,3253.0,1
2025-03-03 21:02:47+08:00,BACKTESTING.312,fu2505.SHFE,MM,buy,3,1,3249.8,1,tick,7.0,3,5,5,3251.2597913967106,3252.0,3253.0,1
2025-03-03 21:02:47+08:00,BACKTESTING.313,fu2505.SHFE,MM,sell,1,1,3253.0,1,tick,3.0,3,5,5,3251.2597913967106,3252.0,3253.0,1
2025-03-03 21:02:47+08:00,BACKTESTING.314,fu2505.SHFE,MM,sell,2,1,3253.0,1,tick,5.0,3,5,5,3251.2597913967106,3252.0,3253.0,1
2025-03-03 21:02:47+08:00,BACKTESTING.315,fu2505.SHFE,MM,sell,3,1,3253.0,1,tick,7.0,3,5,5,3251.2597913967106,3252.0,3253.0,1
2025-03-03 21:11:15.500000+08:00,BACKTESTING.316,fu2505.SHFE,MM,buy,1,1,3254.8,1,tick,3.0,3,5,5,3255.404525453428,3255.0,3256.0,-2
2025-03-03 21:11:15.500000+08:00,BACKTESTING.317,fu2505.SHFE,MM,buy,2,1,3254.4,1,tick,5.0,3,5,5,3255.404525453428,3255.0,3256.0,-2
2025-03-03 21:11:15.500000+08:00,BACKTESTING.318,fu2505.SHFE,MM,buy,3,1,3254.0,1,tick,7.0,3,5,5,3255.404525453428,3255.0,3256.0,-2
2025-03-03 21:11:15.500000+08:00,BACKTESTING.319,fu2505.SHFE,MM,sell,1,1,3256.2000000000003,1,tick,3.0,3,5,5,3255.404525453428,3255.0,3256.0,-2
2025-03-03 21:11:15.500000+08:00,BACKTESTING.320,fu2505.SHFE,MM,sell,2,1,3256.6000000000004,1,tick,5.0,3,5,5,3255.404525453428,3255.0,3256.0,-2
2025-03-03 21:11:15.500000+08:00,BACKTESTING.321,fu2505.SHFE,MM,sell,3,1,3257.0,1,tick,7.0,3,5,5,3255.404525453428,3255.0,3256.0,-2
2025-03-03 21:22:22+08:00,BACKTESTING.322,fu2505.SHFE,MM,buy,1,1,3250.0,1,tick,3.0,3,5,5,3251.4680670858324,3250.0,3251.0,-2
2025-03-03 21:22:22+08:00,BACKTESTING.323,fu2505.SHFE,MM,buy,2,1,3250.0,1,tick,5.0,3,5,5,3251.4680670858324,3250.0,3251.0,-2
2025-03-03 21:22:22+08:00,BACKTESTING.324,fu2505.SHFE,MM,buy,3,1,3250.0,1,tick,7.0,3,5,5,3251.4680670858324,3250.0,3251.0,-2
2025-03-03 21:22:22+08:00,BACKTESTING.325,fu2505.SHFE,MM,sell,1,1,3252.2000000000003,1,tick,3.0,3,5,5,3251.4680670858324,3250.0,3251.0,-2
2025-03-03 21:22:22+08:00,BACKTESTING.326,fu2505.SHFE,MM,sell,2,1,3252.6000000000004,1,tick,5.0,3,5,5,3251.4680670858324,3250.0,3251.0,-2
2025-03-03 21:22:22+08:00,BACKTESTING.327,fu2505.SHFE,MM,sell,3,1,3253.0,1,tick,7.0,3,5,5,3251.4680670858324,3250.0,3251.0,-2
2025-03-03 21:23:55+08:00,BACKTESTING.328,fu2505.SHFE,MM,buy,1,1,3246.0,1,tick,3.0,3,5,5,3247.373475895093,3246.0,3247.0,1
2025-03-03 21:23:55+08:00,BACKTESTING.329,fu2505.SHFE,MM,buy,2,1,3246.0,1,tick,5.0,3,5,5,3247.373475895093,3246.0,3247.0,1
2025-03-03 21:23:55+08:00,BACKTESTING.330,fu2505.SHFE,MM,buy,3,1,3245.8,1,tick,7.0,3,5,5,3247.373475895093,3246.0,3247.0,1
2025-03-03 21:23:55+08:00,BACKTESTING.331,fu2505.SHFE,MM,sell,1,1,3248.0,1,tick,3.0,3,5,5,3247.373475895093,3246.0,3247.0,1
2025-03-03 21:23:55+08:00,BACKTESTING.332,fu2505.SHFE,MM,sell,2,1,3248.4,1,tick,5.0,3,5,5,3247.373475895093,3246.0,3247.0,1
2025-03-03 21:23:55+08:00,BACKTESTING.333,fu2505.SHFE,MM,sell,3,1,3248.8,1,tick,7.0,3,5,5,3247.373475895093,3246.0,3247.0,1
2025-03-03 21:28:43.500000+08:00,BACKTESTING.334,fu2505.SHFE,MM,buy,1,1,3241.8,1,tick,3.0,3,5,5,3243.4214036018006,3242.0,3243.0,4
2025-03-03 21:28:43.500000+08:00,BACKTESTING.335,fu2505.SHFE,MM,buy,2,1,3241.8,1,tick,5.0,3,5,5,3243.4214036018006,3242.0,3243.0,4
2025-03-03 21:28:43.500000+08:00,BACKTESTING.336,fu2505.SHFE,MM,buy,3,1,3241.8,1,tick,7.0,3,5,5,3243.4214036018006,3242.0,3243.0,4
2025-03-03 21:28:43.500000+08:00,BACKTESTING.337,fu2505.SHFE,MM,sell,1,1,3244.0000000000005,1,tick,3.0,3,5,5,3243.4214036018006,3242.0,3243.0,4
2025-03-03 21:28:43.500000+08:00,BACKTESTING.338,fu2505.SHFE,MM,sell,2,1,3244.4000000000005,1,tick,5.0,3,5,5,3243.4214036018006,3242.0,3243.0,4
2025-03-03 21:28:43.500000+08:00,BACKTESTING.339,fu2505.SHFE,MM,sell,3,1,3244.8,1,tick,7.0,3,5,5,3243.4214036018006,3242.0,3243.0,4
2025-03-03 21:29:13.500000+08:00,BACKTESTING.341,fu2505.SHFE,MM,buy,1,1,3240.8,1,tick,3.0,3,5,5,3242.057463533948,3241.0,3242.0,5
2025-03-03 21:29:13.500000+08:00,BACKTESTING.342,fu2505.SHFE,MM,buy,2,1,3240.8,1,tick,5.0,3,5,5,3242.057463533948,3241.0,3242.0,5
2025-03-03 21:29:13.500000+08:00,BACKTESTING.343,fu2505.SHFE,MM,buy,3,1,3240.4000000000005,1,tick,7.0,3,5,5,3242.057463533948,3241.0,3242.0,5
2025-03-03 21:29:13.500000+08:00,BACKTESTING.344,fu2505.SHFE,MM,sell,1,1,3242.6000000000004,1,tick,3.0,3,5,5,3242.057463533948,3241.0,3242.0,5
2025-03-03 21:29:13.500000+08:00,BACKTESTING.345,fu2505.SHFE,MM,sell,2,1,3243.0000000000005,1,tick,5.0,3,5,5,3242.057463533948,3241.0,3242.0,5
2025-03-03 21:29:13.500000+08:00,BACKTESTING.346,fu2505.SHFE,MM,sell,3,1,3243.4000000000005,1,tick,7.0,3,5,5,3242.057463533948,3241.0,3242.0,5
2025-03-03 21:32:03.500000+08:00,BACKTESTING.347,fu2505.SHFE,MM,buy,1,1,3236.8,1,tick,3.0,3,5,5,3237.9626579247897,3237.0,3238.0,5
2025-03-03 21:32:03.500000+08:00,BACKTESTING.348,fu2505.SHFE,MM,buy,2,1,3236.6000000000004,1,tick,5.0,3,5,5,3237.9626579247897,3237.0,3238.0,5
2025-03-03 21:32:03.500000+08:00,BACKTESTING.349,fu2505.SHFE,MM,buy,3,1,3236.2000000000003,1,tick,7.0,3,5,5,3237.9626579247897,3237.0,3238.0,5
2025-03-03 21:32:03.500000+08:00,BACKTESTING.350,fu2505.SHFE,MM,sell,1,1,3238.4000000000005,1,tick,3.0,3,5,5,3237.9626579247897,3237.0,3238.0,5
2025-03-03 21:32:03.500000+08:00,BACKTESTING.351,fu2505.SHFE,MM,sell,2,1,3238.8,1,tick,5.0,3,5,5,3237.9626579247897,3237.0,3238.0,5
2025-03-03 21:32:03.500000+08:00,BACKTESTING.352,fu2505.SHFE,MM,sell,3,1,3239.2000000000003,1,tick,7.0,3,5,5,3237.9626579247897,3237.0,3238.0,5
2025-03-03 21:36:02.500000+08:00,BACKTESTING.353,fu2505.SHFE,MM,buy,1,1,3240.8,1,tick,3.0,3,5,5,3241.4876264365007,3242.0,3243.0,2
2025-03-03 21:36:02.500000+08:00,BACKTESTING.354,fu2505.SHFE,MM,buy,2,1,3240.4,1,tick,5.0,3,5,5,3241.4876264365007,3242.0,3243.0,2
2025-03-03 21:36:02.500000+08:00,BACKTESTING.355,fu2505.SHFE,MM,buy,3,1,3240.0,1,tick,7.0,3,5,5,3241.4876264365007,3242.0,3243.0,2
2025-03-03 21:36:02.500000+08:00,BACKTESTING.356,fu2505.SHFE,MM,sell,1,1,3243.0,1,tick,3.0,3,5,5,3241.4876264365007,3242.0,3243.0,2
2025-03-03 21:36:02.500000+08:00,BACKTESTING.357,fu2505.SHFE,MM,sell,2,1,3243.0,1,tick,5.0,3,5,5,3241.4876264365007,3242.0,3243.0,2
2025-03-03 21:36:02.500000+08:00,BACKTESTING.358,fu2505.SHFE,MM,sell,3,1,3243.0,1,tick,7.0,3,5,5,3241.4876264365007,3242.0,3243.0,2
2025-03-03 21:37:52+08:00,BACKTESTING.359,fu2505.SHFE,MM,buy,1,1,3245.0,1,tick,3.0,3,5,5,3245.6704439820383,3246.0,3247.0,-1
2025-03-03 21:37:52+08:00,BACKTESTING.360,fu2505.SHFE,MM,buy,2,1,3244.6000000000004,1,tick,5.0,3,5,5,3245.6704439820383,3246.0,3247.0,-1
2025-03-03 21:37:52+08:00,BACKTESTING.361,fu2505.SHFE,MM,buy,3,1,3244.2000000000003,1,tick,7.0,3,5,5,3245.6704439820383,3246.0,3247.0,-1
2025-03-03 21:37:52+08:00,BACKTESTING.362,fu2505.SHFE,MM,sell,1,1,3247.0,1,tick,3.0,3,5,5,3245.6704439820383,3246.0,3247.0,-1
2025-03-03 21:37:52+08:00,BACKTESTING.363,fu2505.SHFE,MM,sell,2,1,3247.0,1,tick,5.0,3,5,5,3245.6704439820383,3246.0,3247.0,-1
2025-03-03 21:37:52+08:00,BACKTESTING.364,fu2505.SHFE,MM,sell,3,1,3247.2000000000003,1,tick,7.0,3,5,5,3245.6704439820383,3246.0,3247.0,-1
2025-03-03 21:38:32.500000+08:00,BACKTESTING.365,fu2505.SHFE,MM,buy,1,1,3249.0,1,tick,3.0,3,5,5,3249.495286170896,3250.0,3251.0,-4
2025-03-03 21:38:32.500000+08:00,BACKTESTING.366,fu2505.SHFE,MM,buy,2,1,3248.6,1,tick,5.0,3,5,5,3249.495286170896,3250.0,3251.0,-4
2025-03-03 21:38:32.500000+08:00,BACKTESTING.367,fu2505.SHFE,MM,buy,3,1,3248.2,1,tick,7.0,3,5,5,3249.495286170896,3250.0,3251.0,-4
2025-03-03 21:38:32.500000+08:00,BACKTESTING.368,fu2505.SHFE,MM,sell,1,1,3251.2,1,tick,3.0,3,5,5,3249.495286170896,3250.0,3251.0,-4
2025-03-03 21:38:32.500000+08:00,BACKTESTING.369,fu2505.SHFE,MM,sell,2,1,3251.2,1,tick,5.0,3,5,5,3249.495286170896,3250.0,3251.0,-4
2025-03-03 21:38:32.500000+08:00,BACKTESTING.370,fu2505.SHFE,MM,sell,3,1,3251.2,1,tick,7.0,3,5,5,3249.495286170896,3250.0,3251.0,-4
2025-03-03 21:47:17.500000+08:00,BACKTESTING.371,fu2505.SHFE,MM,buy,1,1,3245.0,1,tick,3.0,3,5,5,3246.2832727641726,3245.0,3246.0,-1
2025-03-03 21:47:17.500000+08:00,BACKTESTING.372,fu2505.SHFE,MM,buy,2,1,3245.0,1,tick,5.0,3,5,5,3246.2832727641726,3245.0,3246.0,-1
2025-03-03 21:47:17.500000+08:00,BACKTESTING.373,fu2505.SHFE,MM,buy,3,1,3244.8,1,tick,7.0,3,5,5,3246.2832727641726,3245.0,3246.0,-1
2025-03-03 21:47:17.500000+08:00,BACKTESTING.374,fu2505.SHFE,MM,sell,1,1,3247.0,1,tick,3.0,3,5,5,3246.2832727641726,3245.0,3246.0,-1
2025-03-03 21:47:17.500000+08:00,BACKTESTING.375,fu2505.SHFE,MM,sell,2,1,3247.4,1,tick,5.0,3,5,5,3246.2832727641726,3245.0,3246.0,-1
2025-03-03 21:47:17.500000+08:00,BACKTESTING.376,fu2505.SHFE,MM,sell,3,1,3247.8,1,tick,7.0,3,5,5,3246.2832727641726,3245.0,3246.0,-1
2025-03-03 21:59:58+08:00,BACKTESTING.377,fu2505.SHFE,MM,buy,1,1,3240.0,1,tick,3.0,3,5,5,3242.113616990829,3240.0,3241.0,2
2025-03-03 21:59:58+08:00,BACKTESTING.378,fu2505.SHFE,MM,buy,2,1,3240.0,1,tick,5.0,3,5,5,3242.113616990829,3240.0,3241.0,2
2025-03-03 21:59:58+08:00,BACKTESTING.379,fu2505.SHFE,MM,buy,3,1,3240.0,1,tick,7.0,3,5,5,3242.113616990829,3240.0,3241.0,2
2025-03-03 21:59:58+08:00,BACKTESTING.380,fu2505.SHFE,MM,sell,1,1,3242.8,1,tick,3.0,3,5,5,3242.113616990829,3240.0,3241.0,2
2025-03-03 21:59:58+08:00,BACKTESTING.381,fu2505.SHFE,MM,sell,2,1,3243.2000000000003,1,tick,5.0,3,5,5,3242.113616990829,3240.0,3241.0,2
2025-03-03 21:59:58+08:00,BACKTESTING.382,fu2505.SHFE,MM,sell,3,1,3243.6000000000004,1,tick,7.0,3,5,5,3242.113616990829,3240.0,3241.0,2
2025-03-03 22:02:13.500000+08:00,BACKTESTING.383,fu2505.SHFE,MM,buy,1,1,3236.8,1,tick,3.0,3,5,5,3238.1217346376848,3237.0,3238.0,4
2025-03-03 22:02:13.500000+08:00,BACKTESTING.384,fu2505.SHFE,MM,buy,2,1,3236.8,1,tick,5.0,3,5,5,3238.1217346376848,3237.0,3238.0,4
2025-03-03 22:02:13.500000+08:00,BACKTESTING.385,fu2505.SHFE,MM,buy,3,1,3236.4000000000005,1,tick,7.0,3,5,5,3238.1217346376848,3237.0,3238.0,4
2025-03-03 22:02:13.500000+08:00,BACKTESTING.386,fu2505.SHFE,MM,sell,1,1,3238.6000000000004,1,tick,3.0,3,5,5,3238.1217346376848,3237.0,3238.0,4
2025-03-03 22:02:13.500000+08:00,BACKTESTING.387,fu2505.SHFE,MM,sell,2,1,3239.0000000000005,1,tick,5.0,3,5,5,3238.1217346376848,3237.0,3238.0,4
2025-03-03 22:02:13.500000+08:00,BACKTESTING.388,fu2505.SHFE,MM,sell,3,1,3239.4000000000005,1,tick,7.0,3,5,5,3238.1217346376848,3237.0,3238.0,4
2025-03-03 22:02:54.500000+08:00,BACKTESTING.390,fu2505.SHFE,MM,buy,1,1,3235.8,1,tick,3.0,3,5,5,3237.017543896882,3236.0,3237.0,5
2025-03-03 22:02:54.500000+08:00,BACKTESTING.391,fu2505.SHFE,MM,buy,2,1,3235.8,1,tick,5.0,3,5,5,3237.017543896882,3236.0,3237.0,5
2025-03-03 22:02:54.500000+08:00,BACKTESTING.392,fu2505.SHFE,MM,buy,3,1,3235.4000000000005,1,tick,7.0,3,5,5,3237.017543896882,3236.0,3237.0,5
2025-03-03 22:02:54.500000+08:00,BACKTESTING.393,fu2505.SHFE,MM,sell,1,1,3237.6000000000004,1,tick,3.0,3,5,5,3237.017543896882,3236.0,3237.0,5
2025-03-03 22:02:54.500000+08:00,BACKTESTING.394,fu2505.SHFE,MM,sell,2,1,3238.0000000000005,1,tick,5.0,3,5,5,3237.017543896882,3236.0,3237.0,5
2025-03-03 22:02:54.500000+08:00,BACKTESTING.395,fu2505.SHFE,MM,sell,3,1,3238.4000000000005,1,tick,7.0,3,5,5,3237.017543896882,3236.0,3237.0,5
2025-03-03 22:03:00.500000+08:00,BACKTESTING.398,fu2505.SHFE,MM,buy,1,1,3234.8,1,tick,3.0,3,5,5,3235.788069214093,3235.0,3236.0,4
2025-03-03 22:03:00.500000+08:00,BACKTESTING.399,fu2505.SHFE,MM,buy,2,1,3234.4000000000005,1,tick,5.0,3,5,5,3235.788069214093,3235.0,3236.0,4
2025-03-03 22:03:00.500000+08:00,BACKTESTING.400,fu2505.SHFE,MM,buy,3,1,3234.0000000000005,1,tick,7.0,3,5,5,3235.788069214093,3235.0,3236.0,4
2025-03-03 22:03:00.500000+08:00,BACKTESTING.401,fu2505.SHFE,MM,sell,1,1,3236.2000000000003,1,tick,3.0,3,5,5,3235.788069214093,3235.0,3236.0,4
2025-03-03 22:03:00.500000+08:00,BACKTESTING.402,fu2505.SHFE,MM,sell,2,1,3236.6000000000004,1,tick,5.0,3,5,5,3235.788069214093,3235.0,3236.0,4
2025-03-03 22:03:00.500000+08:00,BACKTESTING.403,fu2505.SHFE,MM,sell,3,1,3237.0000000000005,1,tick,7.0,3,5,5,3235.788069214093,3235.0,3236.0,4
2025-03-03 22:13:56.500000+08:00,BACKTESTING.404,fu2505.SHFE,MM,buy,1,1,3238.8,1,tick,3.0,3,5,5,3239.488660261395,3240.0,3241.0,1
2025-03-03 22:13:56.500000+08:00,BACKTESTING.405,fu2505.SHFE,MM,buy,2,1,3238.4,1,tick,5.0,3,5,5,3239.488660261395,3240.0,3241.0,1
2025-03-03 22:13:56.500000+08:00,BACKTESTING.406,fu2505.SHFE,MM,buy,3,1,3238.0,1,tick,7.0,3,5,5,3239.488660261395,3240.0,3241.0,1
2025-03-03 22:13:56.500000+08:00,BACKTESTING.407,fu2505.SHFE,MM,sell,1,1,3241.0,1,tick,3.0,3,5,5,3239.488660261395,3240.0,3241.0,1
2025-03-03 22:13:56.500000+08:00,BACKTESTING.408,fu2505.SHFE,MM,sell,2,1,3241.0,1,tick,5.0,3,5,5,3239.488660261395,3240.0,3241.0,1
2025-03-03 22:13:56.500000+08:00,BACKTESTING.409,fu2505.SHFE,MM,sell,3,1,3241.0,1,tick,7.0,3,5,5,3239.488660261395,3240.0,3241.0,1
2025-03-03 22:29:33.500000+08:00,BACKTESTING.410,fu2505.SHFE,MM,buy,1,1,3235.0,1,tick,3.0,3,5,5,3236.114728093751,3235.0,3236.0,1
2025-03-03 22:29:33.500000+08:00,BACKTESTING.411,fu2505.SHFE,MM,buy,2,1,3235.0,1,tick,5.0,3,5,5,3236.114728093751,3235.0,3236.0,1
2025-03-03 22:29:33.500000+08:00,BACKTESTING.412,fu2505.SHFE,MM,buy,3,1,3234.6000000000004,1,tick,7.0,3,5,5,3236.114728093751,3235.0,3236.0,1
2025-03-03 22:29:33.500000+08:00,BACKTESTING.413,fu2505.SHFE,MM,sell,1,1,3236.8,1,tick,3.0,3,5,5,3236.114728093751,3235.0,3236.0,1
2025-03-03 22:29:33.500000+08:00,BACKTESTING.414,fu2505.SHFE,MM,sell,2,1,3237.2000000000003,1,tick,5.0,3,5,5,3236.114728093751,3235.0,3236.0,1
2025-03-03 22:29:33.500000+08:00,BACKTESTING.415,fu2505.SHFE,MM,sell,3,1,3237.6000000000004,1,tick,7.0,3,5,5,3236.114728093751,3235.0,3236.0,1
2025-03-03 22:34:07.500000+08:00,BACKTESTING.416,fu2505.SHFE,MM,buy,1,1,3238.6000000000004,1,tick,3.0,3,5,5,3239.2145593254563,3240.0,3241.0,1
2025-03-03 22:34:07.500000+08:00,BACKTESTING.417,fu2505.SHFE,MM,buy,2,1,3238.2000000000003,1,tick,5.0,3,5,5,3239.2145593254563,3240.0,3241.0,1
2025-03-03 22:34:07.500000+08:00,BACKTESTING.418,fu2505.SHFE,MM,buy,3,1,3237.8,1,tick,7.0,3,5,5,3239.2145593254563,3240.0,3241.0,1
2025-03-03 22:34:07.500000+08:00,BACKTESTING.419,fu2505.SHFE,MM,sell,1,1,3241.0,1,tick,3.0,3,5,5,3239.2145593254563,3240.0,3241.0,1
2025-03-03 22:34:07.500000+08:00,BACKTESTING.420,fu2505.SHFE,MM,sell,2,1,3241.0,1,tick,5.0,3,5,5,3239.2145593254563,3240.0,3241.0,1
2025-03-03 22:34:07.500000+08:00,BACKTESTING.421,fu2505.SHFE,MM,sell,3,1,3241.0,1,tick,7.0,3,5,5,3239.2145593254563,3240.0,3241.0,1
2025-03-03 22:36:21.500000+08:00,BACKTESTING.422,fu2505.SHFE,MM,buy,1,1,3234.8,1,tick,3.0,3,5,5,3236.349532562388,3235.0,3236.0,4
2025-03-03 22:36:21.500000+08:00,BACKTESTING.423,fu2505.SHFE,MM,buy,2,1,3234.8,1,tick,5.0,3,5,5,3236.349532562388,3235.0,3236.0,4
2025-03-03 22:36:21.500000+08:00,BACKTESTING.424,fu2505.SHFE,MM,buy,3,1,3234.6000000000004,1,tick,7.0,3,5,5,3236.349532562388,3235.0,3236.0,4
2025-03-03 22:36:21.500000+08:00,BACKTESTING.425,fu2505.SHFE,MM,sell,1,1,3236.8,1,tick,3.0,3,5,5,3236.349532562388,3235.0,3236.0,4
2025-03-03 22:36:21.500000+08:00,BACKTESTING.426,fu2505.SHFE,MM,sell,2,1,3237.2000000000003,1,tick,5.0,3,5,5,3236.349532562388,3235.0,3236.0,4
2025-03-03 22:36:21.500000+08:00,BACKTESTING.427,fu2505.SHFE,MM,sell,3,1,3237.6000000000004,1,tick,7.0,3,5,5,3236.349532562388,3235.0,3236.0,4
2025-03-26 09:50:16+08:00,BACKTESTING.429,fu2505.SHFE,MM,buy,1,1,3233.6000000000004,1,tick,3.0,3,5,5,3234.443212377733,3234.0,3235.0,4
2025-03-26 09:50:16+08:00,BACKTESTING.430,fu2505.SHFE,MM,buy,2,1,3233.2000000000003,1,tick,5.0,3,5,5,3234.443212377733,3234.0,3235.0,4
2025-03-26 09:50:16+08:00,BACKTESTING.431,fu2505.SHFE,MM,buy,3,1,3232.8,1,tick,7.0,3,5,5,3234.443212377733,3234.0,3235.0,4
2025-03-26 09:50:16+08:00,BACKTESTING.432,fu2505.SHFE,MM,sell,1,1,3235.0000000000005,1,tick,3.0,3,5,5,3234.443212377733,3234.0,3235.0,4
2025-03-26 09:50:16+08:00,BACKTESTING.433,fu2505.SHFE,MM,sell,2,1,3235.4000000000005,1,tick,5.0,3,5,5,3234.443212377733,3234.0,3235.0,4
2025-03-26 09:50:16+08:00,BACKTESTING.434,fu2505.SHFE,MM,sell,3,1,3235.8,1,tick,7.0,3,5,5,3234.443212377733,3234.0,3235.0,4
2025-03-26 10:06:55+08:00,BACKTESTING.435,fu2505.SHFE,MM,buy,1,1,3229.4000000000005,1,tick,3.0,3,5,5,3230.3952397079006,3230.0,3231.0,4
2025-03-26 10:06:55+08:00,BACKTESTING.436,fu2505.SHFE,MM,buy,2,1,3229.0000000000005,1,tick,5.0,3,5,5,3230.3952397079006,3230.0,3231.0,4
2025-03-26 10:06:55+08:00,BACKTESTING.437,fu2505.SHFE,MM,buy,3,1,3228.6000000000004,1,tick,7.0,3,5,5,3230.3952397079006,3230.0,3231.0,4
2025-03-26 10:06:55+08:00,BACKTESTING.438,fu2505.SHFE,MM,sell,1,1,3231.0,1,tick,3.0,3,5,5,3230.3952397079006,3230.0,3231.0,4
2025-03-26 10:06:55+08:00,BACKTESTING.439,fu2505.SHFE,MM,sell,2,1,3231.2000000000003,1,tick,5.0,3,5,5,3230.3952397079006,3230.0,3231.0,4
2025-03-26 10:06:55+08:00,BACKTESTING.440,fu2505.SHFE,MM,sell,3,1,3231.6000000000004,1,tick,7.0,3,5,5,3230.3952397079006,3230.0,3231.0,4
2025-03-26 10:08:12.500000+08:00,BACKTESTING.442,fu2505.SHFE,MM,buy,1,1,3228.4000000000005,1,tick,3.0,3,5,5,3229.2969926698624,3229.0,3230.0,4
2025-03-26 10:08:12.500000+08:00,BACKTESTING.443,fu2505.SHFE,MM,buy,2,1,3228.0000000000005,1,tick,5.0,3,5,5,3229.2969926698624,3229.0,3230.0,4
2025-03-26 10:08:12.500000+08:00,BACKTESTING.444,fu2505.SHFE,MM,buy,3,1,3227.6000000000004,1,tick,7.0,3,5,5,3229.2969926698624,3229.0,3230.0,4
2025-03-26 10:08:12.500000+08:00,BACKTESTING.445,fu2505.SHFE,MM,sell,1,1,3230.0,1,tick,3.0,3,5,5,3229.2969926698624,3229.0,3230.0,4
2025-03-26 10:08:12.500000+08:00,BACKTESTING.446,fu2505.SHFE,MM,sell,2,1,3230.2000000000003,1,tick,5.0,3,5,5,3229.2969926698624,3229.0,3230.0,4
2025-03-26 10:08:12.500000+08:00,BACKTESTING.447,fu2505.SHFE,MM,sell,3,1,3230.6000000000004,1,tick,7.0,3,5,5,3229.2969926698624,3229.0,3230.0,4
2025-03-26 10:14:41.500000+08:00,BACKTESTING.448,fu2505.SHFE,MM,buy,1,1,3232.6000000000004,1,tick,3.0,3,5,5,3233.2556985867163,3233.0,3234.0,1
2025-03-26 10:14:41.500000+08:00,BACKTESTING.449,fu2505.SHFE,MM,buy,2,1,3232.2000000000003,1,tick,5.0,3,5,5,3233.2556985867163,3233.0,3234.0,1
2025-03-26 10:14:41.500000+08:00,BACKTESTING.450,fu2505.SHFE,MM,buy,3,1,3231.8,1,tick,7.0,3,5,5,3233.2556985867163,3233.0,3234.0,1
2025-03-26 10:14:41.500000+08:00,BACKTESTING.451,fu2505.SHFE,MM,sell,1,1,3234.0,1,tick,3.0,3,5,5,3233.2556985867163,3233.0,3234.0,1
2025-03-26 10:14:41.500000+08:00,BACKTESTING.452,fu2505.SHFE,MM,sell,2,1,3234.4,1,tick,5.0,3,5,5,3233.2556985867163,3233.0,3234.0,1
2025-03-26 10:14:41.500000+08:00,BACKTESTING.453,fu2505.SHFE,MM,sell,3,1,3234.8,1,tick,7.0,3,5,5,3233.2556985867163,3233.0,3234.0,1
2025-03-26 11:00:11+08:00,BACKTESTING.454,fu2505.SHFE,MM,buy,1,1,3227.8,1,tick,3.0,3,5,5,3229.3497740382973,3228.0,3229.0,4
2025-03-26 11:00:11+08:00,BACKTESTING.455,fu2505.SHFE,MM,buy,2,1,3227.8,1,tick,5.0,3,5,5,3229.3497740382973,3228.0,3229.0,4
2025-03-26 11:00:11+08:00,BACKTESTING.456,fu2505.SHFE,MM,buy,3,1,3227.6000000000004,1,tick,7.0,3,5,5,3229.3497740382973,3228.0,3229.0,4
2025-03-26 11:00:11+08:00,BACKTESTING.457,fu2505.SHFE,MM,sell,1,1,3229.8,1,tick,3.0,3,5,5,3229.3497740382973,3228.0,3229.0,4
2025-03-26 11:00:11+08:00,BACKTESTING.458,fu2505.SHFE,MM,sell,2,1,3230.2000000000003,1,tick,5.0,3,5,5,3229.3497740382973,3228.0,3229.0,4
2025-03-26 11:00:11+08:00,BACKTESTING.459,fu2505.SHFE,MM,sell,3,1,3230.6000000000004,1,tick,7.0,3,5,5,3229.3497740382973,3228.0,3229.0,4
2025-03-26 11:29:04+08:00,BACKTESTING.460,fu2505.SHFE,MM,buy,1,1,3223.8,1,tick,3.0,3,5,5,3225.1681923180845,3224.0,3225.0,4
2025-03-26 11:29:04+08:00,BACKTESTING.461,fu2505.SHFE,MM,buy,2,1,3223.8,1,tick,5.0,3,5,5,3225.1681923180845,3224.0,3225.0,4
2025-03-26 11:29:04+08:00,BACKTESTING.462,fu2505.SHFE,MM,buy,3,1,3223.4000000000005,1,tick,7.0,3,5,5,3225.1681923180845,3224.0,3225.0,4
2025-03-26 11:29:04+08:00,BACKTESTING.463,fu2505.SHFE,MM,sell,1,1,3225.6000000000004,1,tick,3.0,3,5,5,3225.1681923180845,3224.0,3225.0,4
2025-03-26 11:29:04+08:00,BACKTESTING.464,fu2505.SHFE,MM,sell,2,1,3226.0000000000005,1,tick,5.0,3,5,5,3225.1681923180845,3224.0,3225.0,4
2025-03-26 11:29:04+08:00,BACKTESTING.465,fu2505.SHFE,MM,sell,3,1,3226.4000000000005,1,tick,7.0,3,5,5,3225.1681923180845,3224.0,3225.0,4
2025-03-26 13:30:06+08:00,BACKTESTING.467,fu2505.SHFE,MM,buy,1,1,3222.8,1,tick,3.0,3,5,5,3223.8836234494897,3223.0,3224.0,5
2025-03-26 13:30:06+08:00,BACKTESTING.468,fu2505.SHFE,MM,buy,2,1,3222.6000000000004,1,tick,5.0,3,5,5,3223.8836234494897,3223.0,3224.0,5
2025-03-26 13:30:06+08:00,BACKTESTING.469,fu2505.SHFE,MM,buy,3,1,3222.2000000000003,1,tick,7.0,3,5,5,3223.8836234494897,3223.0,3224.0,5
2025-03-26 13:30:06+08:00,BACKTESTING.470,fu2505.SHFE,MM,sell,1,1,3224.4000000000005,1,tick,3.0,3,5,5,3223.8836234494897,3223.0,3224.0,5
2025-03-26 13:30:06+08:00,BACKTESTING.471,fu2505.SHFE,MM,sell,2,1,3224.8,1,tick,5.0,3,5,5,3223.8836234494897,3223.0,3224.0,5
2025-03-26 13:30:06+08:00,BACKTESTING.472,fu2505.SHFE,MM,sell,3,1,3225.2000000000003,1,tick,7.0,3,5,5,3223.8836234494897,3223.0,3224.0,5
2025-03-26 13:46:34+08:00,BACKTESTING.473,fu2505.SHFE,MM,buy,1,1,3226.6000000000004,1,tick,3.0,3,5,5,3227.220593048839,3228.0,3229.0,2
2025-03-26 13:46:34+08:00,BACKTESTING.474,fu2505.SHFE,MM,buy,2,1,3226.2000000000003,1,tick,5.0,3,5,5,3227.220593048839,3228.0,3229.0,2
2025-03-26 13:46:34+08:00,BACKTESTING.475,fu2505.SHFE,MM,buy,3,1,3225.8,1,tick,7.0,3,5,5,3227.220593048839,3228.0,3229.0,2
2025-03-26 13:46:34+08:00,BACKTESTING.476,fu2505.SHFE,MM,sell,1,1,3229.0,1,tick,3.0,3,5,5,3227.220593048839,3228.0,3229.0,2
2025-03-26 13:46:34+08:00,BACKTESTING.477,fu2505.SHFE,MM,sell,2,1,3229.0,1,tick,5.0,3,5,5,3227.220593048839,3228.0,3229.0,2
2025-03-26 13:46:34+08:00,BACKTESTING.478,fu2505.SHFE,MM,sell,3,1,3229.0,1,tick,7.0,3,5,5,3227.220593048839,3228.0,3229.0,2
2025-03-26 13:52:02.500000+08:00,BACKTESTING.479,fu2505.SHFE,MM,buy,1,1,3230.8,1,tick,3.0,3,5,5,3231.404441803482,3231.0,3232.0,-1
2025-03-26 13:52:02.500000+08:00,BACKTESTING.480,fu2505.SHFE,MM,buy,2,1,3230.4,1,tick,5.0,3,5,5,3231.404441803482,3231.0,3232.0,-1
2025-03-26 13:52:02.500000+08:00,BACKTESTING.481,fu2505.SHFE,MM,buy,3,1,3230.0,1,tick,7.0,3,5,5,3231.404441803482,3231.0,3232.0,-1
2025-03-26 13:52:02.500000+08:00,BACKTESTING.482,fu2505.SHFE,MM,sell,1,1,3232.2000000000003,1,tick,3.0,3,5,5,3231.404441803482,3231.0,3232.0,-1
2025-03-26 13:52:02.500000+08:00,BACKTESTING.483,fu2505.SHFE,MM,sell,2,1,3232.6000000000004,1,tick,5.0,3,5,5,3231.404441803482,3231.0,3232.0,-1
2025-03-26 13:52:02.500000+08:00,BACKTESTING.484,fu2505.SHFE,MM,sell,3,1,3233.0,1,tick,7.0,3,5,5,3231.404441803482,3231.0,3232.0,-1
2025-03-26 14:55:02.500000+08:00,BACKTESTING.485,fu2505.SHFE,MM,buy,1,1,3226.0,1,tick,3.0,3,5,5,3227.505506012183,3226.0,3227.0,2
2025-03-26 14:55:02.500000+08:00,BACKTESTING.486,fu2505.SHFE,MM,buy,2,1,3226.0,1,tick,5.0,3,5,5,3227.505506012183,3226.0,3227.0,2
2025-03-26 14:55:02.500000+08:00,BACKTESTING.487,fu2505.SHFE,MM,buy,3,1,3226.0,1,tick,7.0,3,5,5,3227.505506012183,3226.0,3227.0,2
2025-03-26 14:55:02.500000+08:00,BACKTESTING.488,fu2505.SHFE,MM,sell,1,1,3228.2000000000003,1,tick,3.0,3,5,5,3227.505506012183,3226.0,3227.0,2
2025-03-26 14:55:02.500000+08:00,BACKTESTING.489,fu2505.SHFE,MM,sell,2,1,3228.6000000000004,1,tick,5.0,3,5,5,3227.505506012183,3226.0,3227.0,2
2025-03-26 14:55:02.500000+08:00,BACKTESTING.490,fu2505.SHFE,MM,sell,3,1,3229.0,1,tick,7.0,3,5,5,3227.505506012183,3226.0,3227.0,2
2025-03-26 20:59:00.500000+08:00,BACKTESTING.491,fu2505.SHFE,MM,buy,1,1,3229.6000000000004,1,tick,3.0,3,5,5,3230.205945596368,3238.0,3240.0,2
2025-03-26 20:59:00.500000+08:00,BACKTESTING.492,fu2505.SHFE,MM,buy,2,1,3229.2000000000003,1,tick,5.0,3,5,5,3230.205945596368,3238.0,3240.0,2
2025-03-26 20:59:00.500000+08:00,BACKTESTING.493,fu2505.SHFE,MM,buy,3,1,3228.8,1,tick,7.0,3,5,5,3230.205945596368,3238.0,3240.0,2
2025-03-26 20:59:00.500000+08:00,BACKTESTING.494,fu2505.SHFE,MM,sell,1,1,3240.0,1,tick,3.0,3,5,5,3230.205945596368,3238.0,3240.0,2
2025-03-26 20:59:00.500000+08:00,BACKTESTING.495,fu2505.SHFE,MM,sell,2,1,3240.0,1,tick,5.0,3,5,5,3230.205945596368,3238.0,3240.0,2
2025-03-26 20:59:00.500000+08:00,BACKTESTING.496,fu2505.SHFE,MM,sell,3,1,3240.0,1,tick,7.0,3,5,5,3230.205945596368,3238.0,3240.0,2
2025-03-26 21:00:02+08:00,BACKTESTING.497,fu2505.SHFE,MM,buy,1,1,3234.0,1,tick,3.0,3,5,5,3234.638968323889,3236.0,3237.0,2
2025-03-26 21:00:02+08:00,BACKTESTING.498,fu2505.SHFE,MM,buy,2,1,3233.6000000000004,1,tick,5.0,3,5,5,3234.638968323889,3236.0,3237.0,2
2025-03-26 21:00:02+08:00,BACKTESTING.499,fu2505.SHFE,MM,buy,3,1,3233.2000000000003,1,tick,7.0,3,5,5,3234.638968323889,3236.0,3237.0,2
2025-03-26 21:00:02+08:00,BACKTESTING.500,fu2505.SHFE,MM,sell,1,1,3237.0,1,tick,3.0,3,5,5,3234.638968323889,3236.0,3237.0,2
2025-03-26 21:00:02+08:00,BACKTESTING.501,fu2505.SHFE,MM,sell,2,1,3237.0,1,tick,5.0,3,5,5,3234.638968323889,3236.0,3237.0,2
2025-03-26 21:00:02+08:00,BACKTESTING.502,fu2505.SHFE,MM,sell,3,1,3237.0,1,tick,7.0,3,5,5,3234.638968323889,3236.0,3237.0,2
2025-03-26 21:01:08+08:00,BACKTESTING.503,fu2505.SHFE,MM,buy,1,1,3231.0,1,tick,3.0,3,5,5,3232.1779630195115,3231.0,3232.0,2
2025-03-26 21:01:08+08:00,BACKTESTING.504,fu2505.SHFE,MM,buy,2,1,3231.0,1,tick,5.0,3,5,5,3232.1779630195115,3231.0,3232.0,2
2025-03-26 21:01:08+08:00,BACKTESTING.505,fu2505.SHFE,MM,buy,3,1,3230.6000000000004,1,tick,7.0,3,5,5,3232.1779630195115,3231.0,3232.0,2
2025-03-26 21:01:08+08:00,BACKTESTING.506,fu2505.SHFE,MM,sell,1,1,3232.8,1,tick,3.0,3,5,5,3232.1779630195115,3231.0,3232.0,2
2025-03-26 21:01:08+08:00,BACKTESTING.507,fu2505.SHFE,MM,sell,2,1,3233.2000000000003,1,tick,5.0,3,5,5,3232.1779630195115,3231.0,3232.0,2
2025-03-26 21:01:08+08:00,BACKTESTING.508,fu2505.SHFE,MM,sell,3,1,3233.6000000000004,1,tick,7.0,3,5,5,3232.1779630195115,3231.0,3232.0,2
2025-03-26 21:18:05+08:00,BACKTESTING.509,fu2505.SHFE,MM,buy,1,1,3234.4,1,tick,3.0,3,5,5,3235.121191240969,3236.0,3237.0,2
2025-03-26 21:18:05+08:00,BACKTESTING.510,fu2505.SHFE,MM,buy,2,1,3234.0,1,tick,5.0,3,5,5,3235.121191240969,3236.0,3237.0,2
2025-03-26 21:18:05+08:00,BACKTESTING.511,fu2505.SHFE,MM,buy,3,1,3233.6000000000004,1,tick,7.0,3,5,5,3235.121191240969,3236.0,3237.0,2
2025-03-26 21:18:05+08:00,BACKTESTING.512,fu2505.SHFE,MM,sell,1,1,3237.0,1,tick,3.0,3,5,5,3235.121191240969,3236.0,3237.0,2
2025-03-26 21:18:05+08:00,BACKTESTING.513,fu2505.SHFE,MM,sell,2,1,3237.0,1,tick,5.0,3,5,5,3235.121191240969,3236.0,3237.0,2
2025-03-26 21:18:05+08:00,BACKTESTING.514,fu2505.SHFE,MM,sell,3,1,3237.0,1,tick,7.0,3,5,5,3235.121191240969,3236.0,3237.0,2
2025-03-26 21:25:04+08:00,BACKTESTING.515,fu2505.SHFE,MM,buy,1,1,3231.0,1,tick,3.0,3,5,5,3232.1855882664117,3231.0,3232.0,2
2025-03-26 21:25:04+08:00,BACKTESTING.516,fu2505.SHFE,MM,buy,2,1,3231.0,1,tick,5.0,3,5,5,3232.1855882664117,3231.0,3232.0,2
2025-03-26 21:25:04+08:00,BACKTESTING.517,fu2505.SHFE,MM,buy,3,1,3230.6000000000004,1,tick,7.0,3,5,5,3232.1855882664117,3231.0,3232.0,2
2025-03-26 21:25:04+08:00,BACKTESTING.518,fu2505.SHFE,MM,sell,1,1,3232.8,1,tick,3.0,3,5,5,3232.1855882664117,3231.0,3232.0,2
2025-03-26 21:25:04+08:00,BACKTESTING.519,fu2505.SHFE,MM,sell,2,1,3233.2000000000003,1,tick,5.0,3,5,5,3232.1855882664117,3231.0,3232.0,2
2025-03-26 21:25:04+08:00,BACKTESTING.520,fu2505.SHFE,MM,sell,3,1,3233.6000000000004,1,tick,7.0,3,5,5,3232.1855882664117,3231.0,3232.0,2
2025-03-26 21:32:19.500000+08:00,BACKTESTING.521,fu2505.SHFE,MM,buy,1,1,3235.0,1,tick,3.0,3,5,5,3235.708426213336,3236.0,3237.0,2
2025-03-26 21:32:19.500000+08:00,BACKTESTING.522,fu2505.SHFE,MM,buy,2,1,3234.6000000000004,1,tick,5.0,3,5,5,3235.708426213336,3236.0,3237.0,2
2025-03-26 21:32:19.500000+08:00,BACKTESTING.523,fu2505.SHFE,MM,buy,3,1,3234.2000000000003,1,tick,7.0,3,5,5,3235.708426213336,3236.0,3237.0,2
2025-03-26 21:32:19.500000+08:00,BACKTESTING.524,fu2505.SHFE,MM,sell,1,1,3237.0,1,tick,3.0,3,5,5,3235.708426213336,3236.0,3237.0,2
2025-03-26 21:32:19.500000+08:00,BACKTESTING.525,fu2505.SHFE,MM,sell,2,1,3237.0,1,tick,5.0,3,5,5,3235.708426213336,3236.0,3237.0,2
2025-03-26 21:32:19.500000+08:00,BACKTESTING.526,fu2505.SHFE,MM,sell,3,1,3237.2000000000003,1,tick,7.0,3,5,5,3235.708426213336,3236.0,3237.0,2
2025-03-26 21:40:04+08:00,BACKTESTING.527,fu2505.SHFE,MM,buy,1,1,3239.2000000000003,1,tick,3.0,3,5,5,3239.8292590756664,3240.0,3241.0,-1
2025-03-26 21:40:04+08:00,BACKTESTING.528,fu2505.SHFE,MM,buy,2,1,3238.8,1,tick,5.0,3,5,5,3239.8292590756664,3240.0,3241.0,-1
2025-03-26 21:40:04+08:00,BACKTESTING.529,fu2505.SHFE,MM,buy,3,1,3238.4,1,tick,7.0,3,5,5,3239.8292590756664,3240.0,3241.0,-1
2025-03-26 21:40:04+08:00,BACKTESTING.530,fu2505.SHFE,MM,sell,1,1,3241.0,1,tick,3.0,3,5,5,3239.8292590756664,3240.0,3241.0,-1
2025-03-26 21:40:04+08:00,BACKTESTING.531,fu2505.SHFE,MM,sell,2,1,3241.0,1,tick,5.0,3,5,5,3239.8292590756664,3240.0,3241.0,-1
2025-03-26 21:40:04+08:00,BACKTESTING.532,fu2505.SHFE,MM,sell,3,1,3241.4,1,tick,7.0,3,5,5,3239.8292590756664,3240.0,3241.0,-1
2025-03-26 21:40:47.500000+08:00,BACKTESTING.533,fu2505.SHFE,MM,buy,1,1,3235.0,1,tick,3.0,3,5,5,3236.9308079743982,3235.0,3236.0,2
2025-03-26 21:40:47.500000+08:00,BACKTESTING.534,fu2505.SHFE,MM,buy,2,1,3235.0,1,tick,5.0,3,5,5,3236.9308079743982,3235.0,3236.0,2
2025-03-26 21:40:47.500000+08:00,BACKTESTING.535,fu2505.SHFE,MM,buy,3,1,3235.0,1,tick,7.0,3,5,5,3236.9308079743982,3235.0,3236.0,2
2025-03-26 21:40:47.500000+08:00,BACKTESTING.536,fu2505.SHFE,MM,sell,1,1,3237.6000000000004,1,tick,3.0,3,5,5,3236.9308079743982,3235.0,3236.0,2
2025-03-26 21:40:47.500000+08:00,BACKTESTING.537,fu2505.SHFE,MM,sell,2,1,3238.0,1,tick,5.0,3,5,5,3236.9308079743982,3235.0,3236.0,2
2025-03-26 21:40:47.500000+08:00,BACKTESTING.538,fu2505.SHFE,MM,sell,3,1,3238.4,1,tick,7.0,3,5,5,3236.9308079743982,3235.0,3236.0,2
2025-03-26 22:02:47+08:00,BACKTESTING.539,fu2505.SHFE,MM,buy,1,1,3239.2000000000003,1,tick,3.0,3,5,5,3239.925541698497,3240.0,3241.0,2
2025-03-26 22:02:47+08:00,BACKTESTING.540,fu2505.SHFE,MM,buy,2,1,3238.8,1,tick,5.0,3,5,5,3239.925541698497,3240.0,3241.0,2
2025-03-26 22:02:47+08:00,BACKTESTING.541,fu2505.SHFE,MM,buy,3,1,3238.4,1,tick,7.0,3,5,5,3239.925541698497,3240.0,3241.0,2
2025-03-26 22:02:47+08:00,BACKTESTING.542,fu2505.SHFE,MM,sell,1,1,3241.0,1,tick,3.0,3,5,5,3239.925541698497,3240.0,3241.0,2
2025-03-26 22:02:47+08:00,BACKTESTING.543,fu2505.SHFE,MM,sell,2,1,3241.0,1,tick,5.0,3,5,5,3239.925541698497,3240.0,3241.0,2
2025-03-26 22:02:47+08:00,BACKTESTING.544,fu2505.SHFE,MM,sell,3,1,3241.4,1,tick,7.0,3,5,5,3239.925541698497,3240.0,3241.0,2
2025-03-26 22:13:23+08:00,BACKTESTING.545,fu2505.SHFE,MM,buy,1,1,3243.4,1,tick,3.0,3,5,5,3244.0554186563463,3244.0,3245.0,-1
2025-03-26 22:13:23+08:00,BACKTESTING.546,fu2505.SHFE,MM,buy,2,1,3243.0,1,tick,5.0,3,5,5,3244.0554186563463,3244.0,3245.0,-1
2025-03-26 22:13:23+08:00,BACKTESTING.547,fu2505.SHFE,MM,buy,3,1,3242.6000000000004,1,tick,7.0,3,5,5,3244.0554186563463,3244.0,3245.0,-1
2025-03-26 22:13:23+08:00,BACKTESTING.548,fu2505.SHFE,MM,sell,1,1,3245.0,1,tick,3.0,3,5,5,3244.0554186563463,3244.0,3245.0,-1
2025-03-26 22:13:23+08:00,BACKTESTING.549,fu2505.SHFE,MM,sell,2,1,3245.2000000000003,1,tick,5.0,3,5,5,3244.0554186563463,3244.0,3245.0,-1
2025-03-26 22:13:23+08:00,BACKTESTING.550,fu2505.SHFE,MM,sell,3,1,3245.6000000000004,1,tick,7.0,3,5,5,3244.0554186563463,3244.0,3245.0,-1
2025-03-27 08:59:00.500000+08:00,BACKTESTING.551,fu2505.SHFE,MM,buy,1,1,3235.0,1,tick,3.0,3,5,5,3240.908436876149,3235.0,3236.0,-1
2025-03-27 08:59:00.500000+08:00,BACKTESTING.552,fu2505.SHFE,MM,buy,2,1,3235.0,1,tick,5.0,3,5,5,3240.908436876149,3235.0,3236.0,-1
2025-03-27 08:59:00.500000+08:00,BACKTESTING.553,fu2505.SHFE,MM,buy,3,1,3235.0,1,tick,7.0,3,5,5,3240.908436876149,3235.0,3236.0,-1
2025-03-27 08:59:00.500000+08:00,BACKTESTING.554,fu2505.SHFE,MM,sell,1,1,3241.6000000000004,1,tick,3.0,3,5,5,3240.908436876149,3235.0,3236.0,-1
2025-03-27 08:59:00.500000+08:00,BACKTESTING.555,fu2505.SHFE,MM,sell,2,1,3242.0,1,tick,5.0,3,5,5,3240.908436876149,3235.0,3236.0,-1
2025-03-27 08:59:00.500000+08:00,BACKTESTING.556,fu2505.SHFE,MM,sell,3,1,3242.4,1,tick,7.0,3,5,5,3240.908436876149,3235.0,3236.0,-1
2025-03-27 09:01:44.500000+08:00,BACKTESTING.557,fu2505.SHFE,MM,buy,1,1,3239.2000000000003,1,tick,3.0,3,5,5,3239.826130408576,3240.0,3241.0,-1
2025-03-27 09:01:44.500000+08:00,BACKTESTING.558,fu2505.SHFE,MM,buy,2,1,3238.8,1,tick,5.0,3,5,5,3239.826130408576,3240.0,3241.0,-1
2025-03-27 09:01:44.500000+08:00,BACKTESTING.559,fu2505.SHFE,MM,buy,3,1,3238.4,1,tick,7.0,3,5,5,3239.826130408576,3240.0,3241.0,-1
2025-03-27 09:01:44.500000+08:00,BACKTESTING.560,fu2505.SHFE,MM,sell,1,1,3241.0,1,tick,3.0,3,5,5,3239.826130408576,3240.0,3241.0,-1
2025-03-27 09:01:44.500000+08:00,BACKTESTING.561,fu2505.SHFE,MM,sell,2,1,3241.0,1,tick,5.0,3,5,5,3239.826130408576,3240.0,3241.0,-1
2025-03-27 09:01:44.500000+08:00,BACKTESTING.562,fu2505.SHFE,MM,sell,3,1,3241.4,1,tick,7.0,3,5,5,3239.826130408576,3240.0,3241.0,-1
2025-03-27 09:22:25+08:00,BACKTESTING.563,fu2505.SHFE,MM,buy,1,1,3235.0,1,tick,3.0,3,5,5,3236.54989841551,3235.0,3236.0,0
2025-03-27 09:22:25+08:00,BACKTESTING.564,fu2505.SHFE,MM,buy,2,1,3235.0,1,tick,5.0,3,5,5,3236.54989841551,3235.0,3236.0,0
2025-03-27 09:22:25+08:00,BACKTESTING.565,fu2505.SHFE,MM,buy,3,1,3235.0,1,tick,7.0,3,5,5,3236.54989841551,3235.0,3236.0,0
2025-03-27 09:22:25+08:00,BACKTESTING.566,fu2505.SHFE,MM,sell,1,1,3237.2000000000003,1,tick,3.0,3,5,5,3236.54989841551,3235.0,3236.0,0
2025-03-27 09:22:25+08:00,BACKTESTING.567,fu2505.SHFE,MM,sell,2,1,3237.6000000000004,1,tick,5.0,3,5,5,3236.54989841551,3235.0,3236.0,0
2025-03-27 09:22:25+08:00,BACKTESTING.568,fu2505.SHFE,MM,sell,3,1,3238.0,1,tick,7.0,3,5,5,3236.54989841551,3235.0,3236.0,0
2025-03-27 09:31:43.500000+08:00,BACKTESTING.569,fu2505.SHFE,MM,buy,1,1,3230.8,1,tick,3.0,3,5,5,3232.484009879035,3231.0,3232.0,3
2025-03-27 09:31:43.500000+08:00,BACKTESTING.570,fu2505.SHFE,MM,buy,2,1,3230.8,1,tick,5.0,3,5,5,3232.484009879035,3231.0,3232.0,3
2025-03-27 09:31:43.500000+08:00,BACKTESTING.571,fu2505.SHFE,MM,buy,3,1,3230.8,1,tick,7.0,3,5,5,3232.484009879035,3231.0,3232.0,3
2025-03-27 09:31:43.500000+08:00,BACKTESTING.572,fu2505.SHFE,MM,sell,1,1,3233.0000000000005,1,tick,3.0,3,5,5,3232.484009879035,3231.0,3232.0,3
2025-03-27 09:31:43.500000+08:00,BACKTESTING.573,fu2505.SHFE,MM,sell,2,1,3233.4000000000005,1,tick,5.0,3,5,5,3232.484009879035,3231.0,3232.0,3
2025-03-27 09:31:43.500000+08:00,BACKTESTING.574,fu2505.SHFE,MM,sell,3,1,3233.8,1,tick,7.0,3,5,5,3232.484009879035,3231.0,3232.0,3
2025-03-27 09:47:44+08:00,BACKTESTING.575,fu2505.SHFE,MM,buy,1,1,3235.0,1,tick,3.0,3,5,5,3235.6208951057256,3236.0,3237.0,0
2025-03-27 09:47:44+08:00,BACKTESTING.576,fu2505.SHFE,MM,buy,2,1,3234.6000000000004,1,tick,5.0,3,5,5,3235.6208951057256,3236.0,3237.0,0
2025-03-27 09:47:44+08:00,BACKTESTING.577,fu2505.SHFE,MM,buy,3,1,3234.2000000000003,1,tick,7.0,3,5,5,3235.6208951057256,3236.0,3237.0,0
2025-03-27 09:47:44+08:00,BACKTESTING.578,fu2505.SHFE,MM,sell,1,1,3237.0,1,tick,3.0,3,5,5,3235.6208951057256,3236.0,3237.0,0
2025-03-27 09:47:44+08:00,BACKTESTING.579,fu2505.SHFE,MM,sell,2,1,3237.0,1,tick,5.0,3,5,5,3235.6208951057256,3236.0,3237.0,0
2025-03-27 09:47:44+08:00,BACKTESTING.580,fu2505.SHFE,MM,sell,3,1,3237.2000000000003,1,tick,7.0,3,5,5,3235.6208951057256,3236.0,3237.0,0
2025-03-27 10:30:06.500000+08:00,BACKTESTING.581,fu2505.SHFE,MM,buy,1,1,3231.0,1,tick,3.0,3,5,5,3232.1706793290864,3231.0,3232.0,0
2025-03-27 10:30:06.500000+08:00,BACKTESTING.582,fu2505.SHFE,MM,buy,2,1,3231.0,1,tick,5.0,3,5,5,3232.1706793290864,3231.0,3232.0,0
2025-03-27 10:30:06.500000+08:00,BACKTESTING.583,fu2505.SHFE,MM,buy,3,1,3230.6000000000004,1,tick,7.0,3,5,5,3232.1706793290864,3231.0,3232.0,0
2025-03-27 10:30:06.500000+08:00,BACKTESTING.584,fu2505.SHFE,MM,sell,1,1,3232.8,1,tick,3.0,3,5,5,3232.1706793290864,3231.0,3232.0,0
2025-03-27 10:30:06.500000+08:00,BACKTESTING.585,fu2505.SHFE,MM,sell,2,1,3233.2000000000003,1,tick,5.0,3,5,5,3232.1706793290864,3231.0,3232.0,0
2025-03-27 10:30:06.500000+08:00,BACKTESTING.586,fu2505.SHFE,MM,sell,3,1,3233.6000000000004,1,tick,7.0,3,5,5,3232.1706793290864,3231.0,3232.0,0
2025-03-27 10:48:02.500000+08:00,BACKTESTING.587,fu2505.SHFE,MM,buy,1,1,3234.8,1,tick,3.0,3,5,5,3235.355496435258,3236.0,3237.0,-3
2025-03-27 10:48:02.500000+08:00,BACKTESTING.588,fu2505.SHFE,MM,buy,2,1,3234.4,1,tick,5.0,3,5,5,3235.355496435258,3236.0,3237.0,-3
2025-03-27 10:48:02.500000+08:00,BACKTESTING.589,fu2505.SHFE,MM,buy,3,1,3234.0,1,tick,7.0,3,5,5,3235.355496435258,3236.0,3237.0,-3
2025-03-27 10:48:02.500000+08:00,BACKTESTING.590,fu2505.SHFE,MM,sell,1,1,3237.2,1,tick,3.0,3,5,5,3235.355496435258,3236.0,3237.0,-3
2025-03-27 10:48:02.500000+08:00,BACKTESTING.591,fu2505.SHFE,MM,sell,2,1,3237.2,1,tick,5.0,3,5,5,3235.355496435258,3236.0,3237.0,-3
2025-03-27 10:48:02.500000+08:00,BACKTESTING.592,fu2505.SHFE,MM,sell,3,1,3237.2,1,tick,7.0,3,5,5,3235.355496435258,3236.0,3237.0,-3
2025-03-27 11:01:27.500000+08:00,BACKTESTING.593,fu2505.SHFE,MM,buy,1,1,3231.0,1,tick,3.0,3,5,5,3232.310209842005,3231.0,3232.0,0
2025-03-27 11:01:27.500000+08:00,BACKTESTING.594,fu2505.SHFE,MM,buy,2,1,3231.0,1,tick,5.0,3,5,5,3232.310209842005,3231.0,3232.0,0
2025-03-27 11:01:27.500000+08:00,BACKTESTING.595,fu2505.SHFE,MM,buy,3,1,3230.8,1,tick,7.0,3,5,5,3232.310209842005,3231.0,3232.0,0
2025-03-27 11:01:27.500000+08:00,BACKTESTING.596,fu2505.SHFE,MM,sell,1,1,3233.0,1,tick,3.0,3,5,5,3232.310209842005,3231.0,3232.0,0
2025-03-27 11:01:27.500000+08:00,BACKTESTING.597,fu2505.SHFE,MM,sell,2,1,3233.4,1,tick,5.0,3,5,5,3232.310209842005,3231.0,3232.0,0
2025-03-27 11:01:27.500000+08:00,BACKTESTING.598,fu2505.SHFE,MM,sell,3,1,3233.8,1,tick,7.0,3,5,5,3232.310209842005,3231.0,3232.0,0
2025-03-27 11:02:36+08:00,BACKTESTING.599,fu2505.SHFE,MM,buy,1,1,3226.8,1,tick,3.0,3,5,5,3228.259094745165,3227.0,3228.0,3
2025-03-27 11:02:36+08:00,BACKTESTING.600,fu2505.SHFE,MM,buy,2,1,3226.8,1,tick,5.0,3,5,5,3228.259094745165,3227.0,3228.0,3
2025-03-27 11:02:36+08:00,BACKTESTING.601,fu2505.SHFE,MM,buy,3,1,3226.6000000000004,1,tick,7.0,3,5,5,3228.259094745165,3227.0,3228.0,3
2025-03-27 11:02:36+08:00,BACKTESTING.602,fu2505.SHFE,MM,sell,1,1,3228.8,1,tick,3.0,3,5,5,3228.259094745165,3227.0,3228.0,3
2025-03-27 11:02:36+08:00,BACKTESTING.603,fu2505.SHFE,MM,sell,2,1,3229.2000000000003,1,tick,5.0,3,5,5,3228.259094745165,3227.0,3228.0,3
2025-03-27 11:02:36+08:00,BACKTESTING.604,fu2505.SHFE,MM,sell,3,1,3229.6000000000004,1,tick,7.0,3,5,5,3228.259094745165,3227.0,3228.0,3
2025-03-27 11:22:46.500000+08:00,BACKTESTING.605,fu2505.SHFE,MM,buy,1,1,3230.8,1,tick,3.0,3,5,5,3231.4667204854154,3232.0,3233.0,0
2025-03-27 11:22:46.500000+08:00,BACKTESTING.606,fu2505.SHFE,MM,buy,2,1,3230.4,1,tick,5.0,3,5,5,3231.4667204854154,3232.0,3233.0,0
2025-03-27 11:22:46.500000+08:00,BACKTESTING.607,fu2505.SHFE,MM,buy,3,1,3230.0,1,tick,7.0,3,5,5,3231.4667204854154,3232.0,3233.0,0
2025-03-27 11:22:46.500000+08:00,BACKTESTING.608,fu2505.SHFE,MM,sell,1,1,3233.0,1,tick,3.0,3,5,5,3231.4667204854154,3232.0,3233.0,0
2025-03-27 11:22:46.500000+08:00,BACKTESTING.609,fu2505.SHFE,MM,sell,2,1,3233.0,1,tick,5.0,3,5,5,3231.4667204854154,3232.0,3233.0,0
2025-03-27 11:22:46.500000+08:00,BACKTESTING.610,fu2505.SHFE,MM,sell,3,1,3233.0,1,tick,7.0,3,5,5,3231.4667204854154,3232.0,3233.0,0
2025-03-27 11:28:17+08:00,BACKTESTING.611,fu2505.SHFE,MM,buy,1,1,3227.0,1,tick,3.0,3,5,5,3228.0587020613757,3227.0,3228.0,0
2025-03-27 11:28:17+08:00,BACKTESTING.612,fu2505.SHFE,MM,buy,2,1,3227.0,1,tick,5.0,3,5,5,3228.0587020613757,3227.0,3228.0,0
2025-03-27 11:28:17+08:00,BACKTESTING.613,fu2505.SHFE,MM,buy,3,1,3226.6000000000004,1,tick,7.0,3,5,5,3228.0587020613757,3227.0,3228.0,0
2025-03-27 11:28:17+08:00,BACKTESTING.614,fu2505.SHFE,MM,sell,1,1,3228.8,1,tick,3.0,3,5,5,3228.0587020613757,3227.0,3228.0,0
2025-03-27 11:28:17+08:00,BACKTESTING.615,fu2505.SHFE,MM,sell,2,1,3229.2000000000003,1,tick,5.0,3,5,5,3228.0587020613757,3227.0,3228.0,0
2025-03-27 11:28:17+08:00,BACKTESTING.616,fu2505.SHFE,MM,sell,3,1,3229.6000000000004,1,tick,7.0,3,5,5,3228.0587020613757,3227.0,3228.0,0
2025-03-27 13:48:40+08:00,BACKTESTING.617,fu2505.SHFE,MM,buy,1,1,3222.8,1,tick,3.0,3,5,5,3224.805454895919,3223.0,3224.0,3
2025-03-27 13:48:40+08:00,BACKTESTING.618,fu2505.SHFE,MM,buy,2,1,3222.8,1,tick,5.0,3,5,5,3224.805454895919,3223.0,3224.0,3
2025-03-27 13:48:40+08:00,BACKTESTING.619,fu2505.SHFE,MM,buy,3,1,3222.8,1,tick,7.0,3,5,5,3224.805454895919,3223.0,3224.0,3
2025-03-27 13:48:40+08:00,BACKTESTING.620,fu2505.SHFE,MM,sell,1,1,3225.4000000000005,1,tick,3.0,3,5,5,3224.805454895919,3223.0,3224.0,3
2025-03-27 13:48:40+08:00,BACKTESTING.621,fu2505.SHFE,MM,sell,2,1,3225.8,1,tick,5.0,3,5,5,3224.805454895919,3223.0,3224.0,3
2025-03-27 13:48:40+08:00,BACKTESTING.622,fu2505.SHFE,MM,sell,3,1,3226.2000000000003,1,tick,7.0,3,5,5,3224.805454895919,3223.0,3224.0,3
2025-03-27 14:00:03.500000+08:00,BACKTESTING.623,fu2505.SHFE,MM,buy,1,1,3227.0,1,tick,3.0,3,5,5,3227.63964297086,3228.0,3229.0,0
2025-03-27 14:00:03.500000+08:00,BACKTESTING.624,fu2505.SHFE,MM,buy,2,1,3226.6000000000004,1,tick,5.0,3,5,5,3227.63964297086,3228.0,3229.0,0
2025-03-27 14:00:03.500000+08:00,BACKTESTING.625,fu2505.SHFE,MM,buy,3,1,3226.2000000000003,1,tick,7.0,3,5,5,3227.63964297086,3228.0,3229.0,0
2025-03-27 14:00:03.500000+08:00,BACKTESTING.626,fu2505.SHFE,MM,sell,1,1,3229.0,1,tick,3.0,3,5,5,3227.63964297086,3228.0,3229.0,0
2025-03-27 14:00:03.500000+08:00,BACKTESTING.627,fu2505.SHFE,MM,sell,2,1,3229.0,1,tick,5.0,3,5,5,3227.63964297086,3228.0,3229.0,0
2025-03-27 14:00:03.500000+08:00,BACKTESTING.628,fu2505.SHFE,MM,sell,3,1,3229.2000000000003,1,tick,7.0,3,5,5,3227.63964297086,3228.0,3229.0,0
2025-03-27 14:09:18.500000+08:00,BACKTESTING.629,fu2505.SHFE,MM,buy,1,1,3231.2000000000003,1,tick,3.0,3,5,5,3231.9225031498136,3232.0,3233.0,0
2025-03-27 14:09:18.500000+08:00,BACKTESTING.630,fu2505.SHFE,MM,buy,2,1,3230.8,1,tick,5.0,3,5,5,3231.9225031498136,3232.0,3233.0,0
2025-03-27 14:09:18.500000+08:00,BACKTESTING.631,fu2505.SHFE,MM,buy,3,1,3230.4,1,tick,7.0,3,5,5,3231.9225031498136,3232.0,3233.0,0
2025-03-27 14:09:18.500000+08:00,BACKTESTING.632,fu2505.SHFE,MM,sell,1,1,3233.0,1,tick,3.0,3,5,5,3231.9225031498136,3232.0,3233.0,0
2025-03-27 14:09:18.500000+08:00,BACKTESTING.633,fu2505.SHFE,MM,sell,2,1,3233.0,1,tick,5.0,3,5,5,3231.9225031498136,3232.0,3233.0,0
2025-03-27 14:09:18.500000+08:00,BACKTESTING.634,fu2505.SHFE,MM,sell,3,1,3233.4,1,tick,7.0,3,5,5,3231.9225031498136,3232.0,3233.0,0
2025-03-27 14:28:43+08:00,BACKTESTING.635,fu2505.SHFE,MM,buy,1,1,3227.0,1,tick,3.0,3,5,5,3228.5013563679754,3227.0,3228.0,0
2025-03-27 14:28:43+08:00,BACKTESTING.636,fu2505.SHFE,MM,buy,2,1,3227.0,1,tick,5.0,3,5,5,3228.5013563679754,3227.0,3228.0,0
2025-03-27 14:28:43+08:00,BACKTESTING.637,fu2505.SHFE,MM,buy,3,1,3227.0,1,tick,7.0,3,5,5,3228.5013563679754,3227.0,3228.0,0
2025-03-27 14:28:43+08:00,BACKTESTING.638,fu2505.SHFE,MM,sell,1,1,3229.2000000000003,1,tick,3.0,3,5,5,3228.5013563679754,3227.0,3228.0,0
2025-03-27 14:28:43+08:00,BACKTESTING.639,fu2505.SHFE,MM,sell,2,1,3229.6000000000004,1,tick,5.0,3,5,5,3228.5013563679754,3227.0,3228.0,0
2025-03-27 14:28:43+08:00,BACKTESTING.640,fu2505.SHFE,MM,sell,3,1,3230.0,1,tick,7.0,3,5,5,3228.5013563679754,3227.0,3228.0,0
2025-03-27 14:46:02+08:00,BACKTESTING.641,fu2505.SHFE,MM,buy,1,1,3223.6000000000004,1,tick,3.0,3,5,5,3224.596296285985,3224.0,3225.0,3
2025-03-27 14:46:02+08:00,BACKTESTING.642,fu2505.SHFE,MM,buy,2,1,3223.2000000000003,1,tick,5.0,3,5,5,3224.596296285985,3224.0,3225.0,3
2025-03-27 14:46:02+08:00,BACKTESTING.643,fu2505.SHFE,MM,buy,3,1,3222.8,1,tick,7.0,3,5,5,3224.596296285985,3224.0,3225.0,3
2025-03-27 14:46:02+08:00,BACKTESTING.644,fu2505.SHFE,MM,sell,1,1,3225.0000000000005,1,tick,3.0,3,5,5,3224.596296285985,3224.0,3225.0,3
2025-03-27 14:46:02+08:00,BACKTESTING.645,fu2505.SHFE,MM,sell,2,1,3225.4000000000005,1,tick,5.0,3,5,5,3224.596296285985,3224.0,3225.0,3
2025-03-27 14:46:02+08:00,BACKTESTING.646,fu2505.SHFE,MM,sell,3,1,3225.8,1,tick,7.0,3,5,5,3224.596296285985,3224.0,3225.0,3
2025-03-27 14:56:33.500000+08:00,BACKTESTING.647,fu2505.SHFE,MM,buy,1,1,3218.8,1,tick,3.0,3,5,5,3220.4713490484005,3219.0,3220.0,3
2025-03-27 14:56:33.500000+08:00,BACKTESTING.648,fu2505.SHFE,MM,buy,2,1,3218.8,1,tick,5.0,3,5,5,3220.4713490484005,3219.0,3220.0,3
2025-03-27 14:56:33.500000+08:00,BACKTESTING.649,fu2505.SHFE,MM,buy,3,1,3218.8,1,tick,7.0,3,5,5,3220.4713490484005,3219.0,3220.0,3
2025-03-27 14:56:33.500000+08:00,BACKTESTING.650,fu2505.SHFE,MM,sell,1,1,3221.0000000000005,1,tick,3.0,3,5,5,3220.4713490484005,3219.0,3220.0,3
2025-03-27 14:56:33.500000+08:00,BACKTESTING.651,fu2505.SHFE,MM,sell,2,1,3221.4000000000005,1,tick,5.0,3,5,5,3220.4713490484005,3219.0,3220.0,3
2025-03-27 14:56:33.500000+08:00,BACKTESTING.652,fu2505.SHFE,MM,sell,3,1,3221.8,1,tick,7.0,3,5,5,3220.4713490484005,3219.0,3220.0,3
2025-03-27 21:00:00.500000+08:00,BACKTESTING.653,fu2505.SHFE,MM,buy,1,1,3220.4,1,tick,3.0,3,5,5,3221.123220325021,3226.0,3228.0,0
2025-03-27 21:00:00.500000+08:00,BACKTESTING.654,fu2505.SHFE,MM,buy,2,1,3220.0,1,tick,5.0,3,5,5,3221.123220325021,3226.0,3228.0,0
2025-03-27 21:00:00.500000+08:00,BACKTESTING.655,fu2505.SHFE,MM,buy,3,1,3219.6000000000004,1,tick,7.0,3,5,5,3221.123220325021,3226.0,3228.0,0
2025-03-27 21:00:00.500000+08:00,BACKTESTING.656,fu2505.SHFE,MM,sell,1,1,3228.0,1,tick,3.0,3,5,5,3221.123220325021,3226.0,3228.0,0
2025-03-27 21:00:00.500000+08:00,BACKTESTING.657,fu2505.SHFE,MM,sell,2,1,3228.0,1,tick,5.0,3,5,5,3221.123220325021,3226.0,3228.0,0
2025-03-27 21:00:00.500000+08:00,BACKTESTING.658,fu2505.SHFE,MM,sell,3,1,3228.0,1,tick,7.0,3,5,5,3221.123220325021,3226.0,3228.0,0
2025-03-27 21:00:05.500000+08:00,BACKTESTING.659,fu2505.SHFE,MM,buy,1,1,3226.0,1,tick,3.0,3,5,5,3226.5039501487468,3228.0,3229.0,-3
2025-03-27 21:00:05.500000+08:00,BACKTESTING.660,fu2505.SHFE,MM,buy,2,1,3225.6,1,tick,5.0,3,5,5,3226.5039501487468,3228.0,3229.0,-3
2025-03-27 21:00:05.500000+08:00,BACKTESTING.661,fu2505.SHFE,MM,buy,3,1,3225.2,1,tick,7.0,3,5,5,3226.5039501487468,3228.0,3229.0,-3
2025-03-27 21:00:05.500000+08:00,BACKTESTING.662,fu2505.SHFE,MM,sell,1,1,3229.2,1,tick,3.0,3,5,5,3226.5039501487468,3228.0,3229.0,-3
2025-03-27 21:00:05.500000+08:00,BACKTESTING.663,fu2505.SHFE,MM,sell,2,1,3229.2,1,tick,5.0,3,5,5,3226.5039501487468,3228.0,3229.0,-3
2025-03-27 21:00:05.500000+08:00,BACKTESTING.664,fu2505.SHFE,MM,sell,3,1,3229.2,1,tick,7.0,3,5,5,3226.5039501487468,3228.0,3229.0,-3
2025-03-27 21:00:09.500000+08:00,BACKTESTING.666,fu2505.SHFE,MM,buy,1,1,3228.0,1,tick,3.0,3,5,5,3228.401965483704,3229.0,3230.0,-4
2025-03-27 21:00:09.500000+08:00,BACKTESTING.667,fu2505.SHFE,MM,buy,2,1,3227.6,1,tick,5.0,3,5,5,3228.401965483704,3229.0,3230.0,-4
2025-03-27 21:00:09.500000+08:00,BACKTESTING.668,fu2505.SHFE,MM,buy,3,1,3227.2,1,tick,7.0,3,5,5,3228.401965483704,3229.0,3230.0,-4
2025-03-27 21:00:09.500000+08:00,BACKTESTING.669,fu2505.SHFE,MM,sell,1,1,3230.2,1,tick,3.0,3,5,5,3228.401965483704,3229.0,3230.0,-4
2025-03-27 21:00:09.500000+08:00,BACKTESTING.670,fu2505.SHFE,MM,sell,2,1,3230.2,1,tick,5.0,3,5,5,3228.401965483704,3229.0,3230.0,-4
2025-03-27 21:00:09.500000+08:00,BACKTESTING.671,fu2505.SHFE,MM,sell,3,1,3230.2,1,tick,7.0,3,5,5,3228.401965483704,3229.0,3230.0,-4
2025-03-27 21:01:08.500000+08:00,BACKTESTING.672,fu2505.SHFE,MM,buy,1,1,3224.0,1,tick,3.0,3,5,5,3225.2470317137063,3224.0,3225.0,-1
2025-03-27 21:01:08.500000+08:00,BACKTESTING.673,fu2505.SHFE,MM,buy,2,1,3224.0,1,tick,5.0,3,5,5,3225.2470317137063,3224.0,3225.0,-1
2025-03-27 21:01:08.500000+08:00,BACKTESTING.674,fu2505.SHFE,MM,buy,3,1,3223.8,1,tick,7.0,3,5,5,3225.2470317137063,3224.0,3225.0,-1
2025-03-27 21:01:08.500000+08:00,BACKTESTING.675,fu2505.SHFE,MM,sell,1,1,3226.0,1,tick,3.0,3,5,5,3225.2470317137063,3224.0,3225.0,-1
2025-03-27 21:01:08.500000+08:00,BACKTESTING.676,fu2505.SHFE,MM,sell,2,1,3226.4,1,tick,5.0,3,5,5,3225.2470317137063,3224.0,3225.0,-1
2025-03-27 21:01:08.500000+08:00,BACKTESTING.677,fu2505.SHFE,MM,sell,3,1,3226.8,1,tick,7.0,3,5,5,3225.2470317137063,3224.0,3225.0,-1
2025-03-27 21:10:54+08:00,BACKTESTING.678,fu2505.SHFE,MM,buy,1,1,3228.2000000000003,1,tick,3.0,3,5,5,3228.8396371916106,3229.0,3230.0,-1
2025-03-27 21:10:54+08:00,BACKTESTING.679,fu2505.SHFE,MM,buy,2,1,3227.8,1,tick,5.0,3,5,5,3228.8396371916106,3229.0,3230.0,-1
2025-03-27 21:10:54+08:00,BACKTESTING.680,fu2505.SHFE,MM,buy,3,1,3227.4,1,tick,7.0,3,5,5,3228.8396371916106,3229.0,3230.0,-1
2025-03-27 21:10:54+08:00,BACKTESTING.681,fu2505.SHFE,MM,sell,1,1,3230.0,1,tick,3.0,3,5,5,3228.8396371916106,3229.0,3230.0,-1
2025-03-27 21:10:54+08:00,BACKTESTING.682,fu2505.SHFE,MM,sell,2,1,3230.0,1,tick,5.0,3,5,5,3228.8396371916106,3229.0,3230.0,-1
2025-03-27 21:10:54+08:00,BACKTESTING.683,fu2505.SHFE,MM,sell,3,1,3230.4,1,tick,7.0,3,5,5,3228.8396371916106,3229.0,3230.0,-1
2025-03-27 21:14:03+08:00,BACKTESTING.684,fu2505.SHFE,MM,buy,1,1,3224.0,1,tick,3.0,3,5,5,3225.8405170137426,3224.0,3225.0,2
2025-03-27 21:14:03+08:00,BACKTESTING.685,fu2505.SHFE,MM,buy,2,1,3224.0,1,tick,5.0,3,5,5,3225.8405170137426,3224.0,3225.0,2
2025-03-27 21:14:03+08:00,BACKTESTING.686,fu2505.SHFE,MM,buy,3,1,3224.0,1,tick,7.0,3,5,5,3225.8405170137426,3224.0,3225.0,2
2025-03-27 21:14:03+08:00,BACKTESTING.687,fu2505.SHFE,MM,sell,1,1,3226.6000000000004,1,tick,3.0,3,5,5,3225.8405170137426,3224.0,3225.0,2
2025-03-27 21:14:03+08:00,BACKTESTING.688,fu2505.SHFE,MM,sell,2,1,3227.0,1,tick,5.0,3,5,5,3225.8405170137426,3224.0,3225.0,2
2025-03-27 21:14:03+08:00,BACKTESTING.689,fu2505.SHFE,MM,sell,3,1,3227.4,1,tick,7.0,3,5,5,3225.8405170137426,3224.0,3225.0,2
2025-03-27 21:16:51.500000+08:00,BACKTESTING.690,fu2505.SHFE,MM,buy,1,1,3220.8,1,tick,3.0,3,5,5,3221.970710219997,3221.0,3222.0,5
2025-03-27 21:16:51.500000+08:00,BACKTESTING.691,fu2505.SHFE,MM,buy,2,1,3220.6000000000004,1,tick,5.0,3,5,5,3221.970710219997,3221.0,3222.0,5
2025-03-27 21:16:51.500000+08:00,BACKTESTING.692,fu2505.SHFE,MM,buy,3,1,3220.2000000000003,1,tick,7.0,3,5,5,3221.970710219997,3221.0,3222.0,5
2025-03-27 21:16:51.500000+08:00,BACKTESTING.693,fu2505.SHFE,MM,sell,1,1,3222.4000000000005,1,tick,3.0,3,5,5,3221.970710219997,3221.0,3222.0,5
2025-03-27 21:16:51.500000+08:00,BACKTESTING.694,fu2505.SHFE,MM,sell,2,1,3222.8,1,tick,5.0,3,5,5,3221.970710219997,3221.0,3222.0,5
2025-03-27 21:16:51.500000+08:00,BACKTESTING.695,fu2505.SHFE,MM,sell,3,1,3223.2000000000003,1,tick,7.0,3,5,5,3221.970710219997,3221.0,3222.0,5
2025-03-27 21:19:13.500000+08:00,BACKTESTING.698,fu2505.SHFE,MM,buy,1,1,3219.8,1,tick,3.0,3,5,5,3220.9028300172404,3220.0,3221.0,4
2025-03-27 21:19:13.500000+08:00,BACKTESTING.699,fu2505.SHFE,MM,buy,2,1,3219.6000000000004,1,tick,5.0,3,5,5,3220.9028300172404,3220.0,3221.0,4
2025-03-27 21:19:13.500000+08:00,BACKTESTING.700,fu2505.SHFE,MM,buy,3,1,3219.2000000000003,1,tick,7.0,3,5,5,3220.9028300172404,3220.0,3221.0,4
2025-03-27 21:19:13.500000+08:00,BACKTESTING.701,fu2505.SHFE,MM,sell,1,1,3221.4000000000005,1,tick,3.0,3,5,5,3220.9028300172404,3220.0,3221.0,4
2025-03-27 21:19:13.500000+08:00,BACKTESTING.702,fu2505.SHFE,MM,sell,2,1,3221.8,1,tick,5.0,3,5,5,3220.9028300172404,3220.0,3221.0,4
2025-03-27 21:19:13.500000+08:00,BACKTESTING.703,fu2505.SHFE,MM,sell,3,1,3222.2000000000003,1,tick,7.0,3,5,5,3220.9028300172404,3220.0,3221.0,4
2025-03-27 21:20:39+08:00,BACKTESTING.705,fu2505.SHFE,MM,buy,1,1,3218.8,1,tick,3.0,3,5,5,3219.7275261446966,3219.0,3220.0,5
2025-03-27 21:20:39+08:00,BACKTESTING.706,fu2505.SHFE,MM,buy,2,1,3218.4000000000005,1,tick,5.0,3,5,5,3219.7275261446966,3219.0,3220.0,5
2025-03-27 21:20:39+08:00,BACKTESTING.707,fu2505.SHFE,MM,buy,3,1,3218.0000000000005,1,tick,7.0,3,5,5,3219.7275261446966,3219.0,3220.0,5
2025-03-27 21:20:39+08:00,BACKTESTING.708,fu2505.SHFE,MM,sell,1,1,3220.2000000000003,1,tick,3.0,3,5,5,3219.7275261446966,3219.0,3220.0,5
2025-03-27 21:20:39+08:00,BACKTESTING.709,fu2505.SHFE,MM,sell,2,1,3220.6000000000004,1,tick,5.0,3,5,5,3219.7275261446966,3219.0,3220.0,5
2025-03-27 21:20:39+08:00,BACKTESTING.710,fu2505.SHFE,MM,sell,3,1,3221.0000000000005,1,tick,7.0,3,5,5,3219.7275261446966,3219.0,3220.0,5
2025-03-27 21:21:20.500000+08:00,BACKTESTING.713,fu2505.SHFE,MM,buy,1,1,3217.8,1,tick,3.0,3,5,5,3218.8036599389125,3218.0,3219.0,4
2025-03-27 21:21:20.500000+08:00,BACKTESTING.714,fu2505.SHFE,MM,buy,2,1,3217.6000000000004,1,tick,5.0,3,5,5,3218.8036599389125,3218.0,3219.0,4
2025-03-27 21:21:20.500000+08:00,BACKTESTING.715,fu2505.SHFE,MM,buy,3,1,3217.2000000000003,1,tick,7.0,3,5,5,3218.8036599389125,3218.0,3219.0,4
2025-03-27 21:21:20.500000+08:00,BACKTESTING.716,fu2505.SHFE,MM,sell,1,1,3219.4000000000005,1,tick,3.0,3,5,5,3218.8036599389125,3218.0,3219.0,4
2025-03-27 21:21:20.500000+08:00,BACKTESTING.717,fu2505.SHFE,MM,sell,2,1,3219.8,1,tick,5.0,3,5,5,3218.8036599389125,3218.0,3219.0,4
2025-03-27 21:21:20.500000+08:00,BACKTESTING.718,fu2505.SHFE,MM,sell,3,1,3220.2000000000003,1,tick,7.0,3,5,5,3218.8036599389125,3218.0,3219.0,4
2025-03-27 21:30:15+08:00,BACKTESTING.719,fu2505.SHFE,MM,buy,1,1,3221.2000000000003,1,tick,3.0,3,5,5,3221.994298406092,3223.0,3224.0,1
2025-03-27 21:30:15+08:00,BACKTESTING.720,fu2505.SHFE,MM,buy,2,1,3220.8,1,tick,5.0,3,5,5,3221.994298406092,3223.0,3224.0,1
2025-03-27 21:30:15+08:00,BACKTESTING.721,fu2505.SHFE,MM,buy,3,1,3220.4,1,tick,7.0,3,5,5,3221.994298406092,3223.0,3224.0,1
2025-03-27 21:30:15+08:00,BACKTESTING.722,fu2505.SHFE,MM,sell,1,1,3224.0,1,tick,3.0,3,5,5,3221.994298406092,3223.0,3224.0,1
2025-03-27 21:30:15+08:00,BACKTESTING.723,fu2505.SHFE,MM,sell,2,1,3224.0,1,tick,5.0,3,5,5,3221.994298406092,3223.0,3224.0,1
2025-03-27 21:30:15+08:00,BACKTESTING.724,fu2505.SHFE,MM,sell,3,1,3224.0,1,tick,7.0,3,5,5,3221.994298406092,3223.0,3224.0,1
2025-03-27 21:30:56.500000+08:00,BACKTESTING.725,fu2505.SHFE,MM,buy,1,1,3217.8,1,tick,3.0,3,5,5,3219.361707960549,3218.0,3219.0,4
2025-03-27 21:30:56.500000+08:00,BACKTESTING.726,fu2505.SHFE,MM,buy,2,1,3217.8,1,tick,5.0,3,5,5,3219.361707960549,3218.0,3219.0,4
2025-03-27 21:30:56.500000+08:00,BACKTESTING.727,fu2505.SHFE,MM,buy,3,1,3217.6000000000004,1,tick,7.0,3,5,5,3219.361707960549,3218.0,3219.0,4
2025-03-27 21:30:56.500000+08:00,BACKTESTING.728,fu2505.SHFE,MM,sell,1,1,3219.8,1,tick,3.0,3,5,5,3219.361707960549,3218.0,3219.0,4
2025-03-27 21:30:56.500000+08:00,BACKTESTING.729,fu2505.SHFE,MM,sell,2,1,3220.2000000000003,1,tick,5.0,3,5,5,3219.361707960549,3218.0,3219.0,4
2025-03-27 21:30:56.500000+08:00,BACKTESTING.730,fu2505.SHFE,MM,sell,3,1,3220.6000000000004,1,tick,7.0,3,5,5,3219.361707960549,3218.0,3219.0,4
2025-03-27 21:32:50+08:00,BACKTESTING.732,fu2505.SHFE,MM,buy,1,1,3216.8,1,tick,3.0,3,5,5,3217.636450533874,3217.0,3218.0,5
2025-03-27 21:32:50+08:00,BACKTESTING.733,fu2505.SHFE,MM,buy,2,1,3216.4000000000005,1,tick,5.0,3,5,5,3217.636450533874,3217.0,3218.0,5
2025-03-27 21:32:50+08:00,BACKTESTING.734,fu2505.SHFE,MM,buy,3,1,3216.0000000000005,1,tick,7.0,3,5,5,3217.636450533874,3217.0,3218.0,5
2025-03-27 21:32:50+08:00,BACKTESTING.735,fu2505.SHFE,MM,sell,1,1,3218.2000000000003,1,tick,3.0,3,5,5,3217.636450533874,3217.0,3218.0,5
2025-03-27 21:32:50+08:00,BACKTESTING.736,fu2505.SHFE,MM,sell,2,1,3218.6000000000004,1,tick,5.0,3,5,5,3217.636450533874,3217.0,3218.0,5
2025-03-27 21:32:50+08:00,BACKTESTING.737,fu2505.SHFE,MM,sell,3,1,3219.0000000000005,1,tick,7.0,3,5,5,3217.636450533874,3217.0,3218.0,5
2025-03-27 21:55:38+08:00,BACKTESTING.740,fu2505.SHFE,MM,buy,1,1,3215.6000000000004,1,tick,3.0,3,5,5,3216.4983235486843,3216.0,3217.0,4
2025-03-27 21:55:38+08:00,BACKTESTING.741,fu2505.SHFE,MM,buy,2,1,3215.2000000000003,1,tick,5.0,3,5,5,3216.4983235486843,3216.0,3217.0,4
2025-03-27 21:55:38+08:00,BACKTESTING.742,fu2505.SHFE,MM,buy,3,1,3214.8,1,tick,7.0,3,5,5,3216.4983235486843,3216.0,3217.0,4
2025-03-27 21:55:38+08:00,BACKTESTING.743,fu2505.SHFE,MM,sell,1,1,3217.0000000000005,1,tick,3.0,3,5,5,3216.4983235486843,3216.0,3217.0,4
2025-03-27 21:55:38+08:00,BACKTESTING.744,fu2505.SHFE,MM,sell,2,1,3217.4000000000005,1,tick,5.0,3,5,5,3216.4983235486843,3216.0,3217.0,4
2025-03-27 21:55:38+08:00,BACKTESTING.745,fu2505.SHFE,MM,sell,3,1,3217.8,1,tick,7.0,3,5,5,3216.4983235486843,3216.0,3217.0,4
2025-03-27 22:04:39.500000+08:00,BACKTESTING.747,fu2505.SHFE,MM,buy,1,1,3213.6000000000004,1,tick,3.0,3,5,5,3214.558316700383,3214.0,3215.0,4
2025-03-27 22:04:39.500000+08:00,BACKTESTING.748,fu2505.SHFE,MM,buy,2,1,3213.2000000000003,1,tick,5.0,3,5,5,3214.558316700383,3214.0,3215.0,4
2025-03-27 22:04:39.500000+08:00,BACKTESTING.749,fu2505.SHFE,MM,buy,3,1,3212.8,1,tick,7.0,3,5,5,3214.558316700383,3214.0,3215.0,4
2025-03-27 22:04:39.500000+08:00,BACKTESTING.750,fu2505.SHFE,MM,sell,1,1,3215.0000000000005,1,tick,3.0,3,5,5,3214.558316700383,3214.0,3215.0,4
2025-03-27 22:04:39.500000+08:00,BACKTESTING.751,fu2505.SHFE,MM,sell,2,1,3215.4000000000005,1,tick,5.0,3,5,5,3214.558316700383,3214.0,3215.0,4
2025-03-27 22:04:39.500000+08:00,BACKTESTING.752,fu2505.SHFE,MM,sell,3,1,3215.8,1,tick,7.0,3,5,5,3214.558316700383,3214.0,3215.0,4
2025-03-27 22:09:24+08:00,BACKTESTING.754,fu2505.SHFE,MM,buy,1,1,3211.6000000000004,1,tick,3.0,3,5,5,3212.52389854186,3212.0,3213.0,4
2025-03-27 22:09:24+08:00,BACKTESTING.755,fu2505.SHFE,MM,buy,2,1,3211.2000000000003,1,tick,5.0,3,5,5,3212.52389854186,3212.0,3213.0,4
2025-03-27 22:09:24+08:00,BACKTESTING.756,fu2505.SHFE,MM,buy,3,1,3210.8,1,tick,7.0,3,5,5,3212.52389854186,3212.0,3213.0,4
2025-03-27 22:09:24+08:00,BACKTESTING.757,fu2505.SHFE,MM,sell,1,1,3213.0000000000005,1,tick,3.0,3,5,5,3212.52389854186,3212.0,3213.0,4
2025-03-27 22:09:24+08:00,BACKTESTING.758,fu2505.SHFE,MM,sell,2,1,3213.4000000000005,1,tick,5.0,3,5,5,3212.52389854186,3212.0,3213.0,4
2025-03-27 22:09:24+08:00,BACKTESTING.759,fu2505.SHFE,MM,sell,3,1,3213.8,1,tick,7.0,3,5,5,3212.52389854186,3212.0,3213.0,4
2025-03-27 22:09:31+08:00,BACKTESTING.761,fu2505.SHFE,MM,buy,1,1,3210.6000000000004,1,tick,3.0,3,5,5,3211.564442639572,3211.0,3212.0,4
2025-03-27 22:09:31+08:00,BACKTESTING.762,fu2505.SHFE,MM,buy,2,1,3210.2000000000003,1,tick,5.0,3,5,5,3211.564442639572,3211.0,3212.0,4
2025-03-27 22:09:31+08:00,BACKTESTING.763,fu2505.SHFE,MM,buy,3,1,3209.8,1,tick,7.0,3,5,5,3211.564442639572,3211.0,3212.0,4
2025-03-27 22:09:31+08:00,BACKTESTING.764,fu2505.SHFE,MM,sell,1,1,3212.0000000000005,1,tick,3.0,3,5,5,3211.564442639572,3211.0,3212.0,4
2025-03-27 22:09:31+08:00,BACKTESTING.765,fu2505.SHFE,MM,sell,2,1,3212.4000000000005,1,tick,5.0,3,5,5,3211.564442639572,3211.0,3212.0,4
2025-03-27 22:09:31+08:00,BACKTESTING.766,fu2505.SHFE,MM,sell,3,1,3212.8,1,tick,7.0,3,5,5,3211.564442639572,3211.0,3212.0,4
2025-03-27 22:10:44.500000+08:00,BACKTESTING.768,fu2505.SHFE,MM,buy,1,1,3208.6000000000004,1,tick,3.0,3,5,5,3209.4616783964466,3209.0,3210.0,4
2025-03-27 22:10:44.500000+08:00,BACKTESTING.769,fu2505.SHFE,MM,buy,2,1,3208.2000000000003,1,tick,5.0,3,5,5,3209.4616783964466,3209.0,3210.0,4
2025-03-27 22:10:44.500000+08:00,BACKTESTING.770,fu2505.SHFE,MM,buy,3,1,3207.8,1,tick,7.0,3,5,5,3209.4616783964466,3209.0,3210.0,4
2025-03-27 22:10:44.500000+08:00,BACKTESTING.771,fu2505.SHFE,MM,sell,1,1,3210.0000000000005,1,tick,3.0,3,5,5,3209.4616783964466,3209.0,3210.0,4
2025-03-27 22:10:44.500000+08:00,BACKTESTING.772,fu2505.SHFE,MM,sell,2,1,3210.4000000000005,1,tick,5.0,3,5,5,3209.4616783964466,3209.0,3210.0,4
2025-03-27 22:10:44.500000+08:00,BACKTESTING.773,fu2505.SHFE,MM,sell,3,1,3210.8,1,tick,7.0,3,5,5,3209.4616783964466,3209.0,3210.0,4
2025-03-27 22:14:56+08:00,BACKTESTING.774,fu2505.SHFE,MM,buy,1,1,3212.8,1,tick,3.0,3,5,5,3213.4141683852545,3213.0,3214.0,1
2025-03-27 22:14:56+08:00,BACKTESTING.775,fu2505.SHFE,MM,buy,2,1,3212.4,1,tick,5.0,3,5,5,3213.4141683852545,3213.0,3214.0,1
2025-03-27 22:14:56+08:00,BACKTESTING.776,fu2505.SHFE,MM,buy,3,1,3212.0,1,tick,7.0,3,5,5,3213.4141683852545,3213.0,3214.0,1
2025-03-27 22:14:56+08:00,BACKTESTING.777,fu2505.SHFE,MM,sell,1,1,3214.2000000000003,1,tick,3.0,3,5,5,3213.4141683852545,3213.0,3214.0,1
2025-03-27 22:14:56+08:00,BACKTESTING.778,fu2505.SHFE,MM,sell,2,1,3214.6000000000004,1,tick,5.0,3,5,5,3213.4141683852545,3213.0,3214.0,1
2025-03-27 22:14:56+08:00,BACKTESTING.779,fu2505.SHFE,MM,sell,3,1,3215.0,1,tick,7.0,3,5,5,3213.4141683852545,3213.0,3214.0,1
2025-03-27 22:27:37.500000+08:00,BACKTESTING.780,fu2505.SHFE,MM,buy,1,1,3216.8,1,tick,3.0,3,5,5,3217.5360347627766,3218.0,3219.0,-2
2025-03-27 22:27:37.500000+08:00,BACKTESTING.781,fu2505.SHFE,MM,buy,2,1,3216.4,1,tick,5.0,3,5,5,3217.5360347627766,3218.0,3219.0,-2
2025-03-27 22:27:37.500000+08:00,BACKTESTING.782,fu2505.SHFE,MM,buy,3,1,3216.0,1,tick,7.0,3,5,5,3217.5360347627766,3218.0,3219.0,-2
2025-03-27 22:27:37.500000+08:00,BACKTESTING.783,fu2505.SHFE,MM,sell,1,1,3219.0,1,tick,3.0,3,5,5,3217.5360347627766,3218.0,3219.0,-2
2025-03-27 22:27:37.500000+08:00,BACKTESTING.784,fu2505.SHFE,MM,sell,2,1,3219.0,1,tick,5.0,3,5,5,3217.5360347627766,3218.0,3219.0,-2
2025-03-27 22:27:37.500000+08:00,BACKTESTING.785,fu2505.SHFE,MM,sell,3,1,3219.0,1,tick,7.0,3,5,5,3217.5360347627766,3218.0,3219.0,-2
2025-03-27 22:29:02+08:00,BACKTESTING.786,fu2505.SHFE,MM,buy,1,1,3220.8,1,tick,3.0,3,5,5,3221.3179124908665,3222.0,3223.0,-5
2025-03-27 22:29:02+08:00,BACKTESTING.787,fu2505.SHFE,MM,buy,2,1,3220.4,1,tick,5.0,3,5,5,3221.3179124908665,3222.0,3223.0,-5
2025-03-27 22:29:02+08:00,BACKTESTING.788,fu2505.SHFE,MM,buy,3,1,3220.0,1,tick,7.0,3,5,5,3221.3179124908665,3222.0,3223.0,-5
2025-03-27 22:29:02+08:00,BACKTESTING.789,fu2505.SHFE,MM,sell,1,1,3223.2,1,tick,3.0,3,5,5,3221.3179124908665,3222.0,3223.0,-5
2025-03-27 22:29:02+08:00,BACKTESTING.790,fu2505.SHFE,MM,sell,2,1,3223.2,1,tick,5.0,3,5,5,3221.3179124908665,3222.0,3223.0,-5
2025-03-27 22:29:02+08:00,BACKTESTING.791,fu2505.SHFE,MM,sell,3,1,3223.2,1,tick,7.0,3,5,5,3221.3179124908665,3222.0,3223.0,-5
2025-03-27 22:33:25+08:00,BACKTESTING.794,fu2505.SHFE,MM,buy,1,1,3222.8,1,tick,3.0,3,5,5,3223.3632490471673,3223.0,3224.0,-4
2025-03-27 22:33:25+08:00,BACKTESTING.795,fu2505.SHFE,MM,buy,2,1,3222.4,1,tick,5.0,3,5,5,3223.3632490471673,3223.0,3224.0,-4
2025-03-27 22:33:25+08:00,BACKTESTING.796,fu2505.SHFE,MM,buy,3,1,3222.0,1,tick,7.0,3,5,5,3223.3632490471673,3223.0,3224.0,-4
2025-03-27 22:33:25+08:00,BACKTESTING.797,fu2505.SHFE,MM,sell,1,1,3224.2,1,tick,3.0,3,5,5,3223.3632490471673,3223.0,3224.0,-4
2025-03-27 22:33:25+08:00,BACKTESTING.798,fu2505.SHFE,MM,sell,2,1,3224.6,1,tick,5.0,3,5,5,3223.3632490471673,3223.0,3224.0,-4
2025-03-27 22:33:25+08:00,BACKTESTING.799,fu2505.SHFE,MM,sell,3,1,3225.0,1,tick,7.0,3,5,5,3223.3632490471673,3223.0,3224.0,-4
2025-03-27 22:33:47.500000+08:00,BACKTESTING.801,fu2505.SHFE,MM,buy,1,1,3224.0,1,tick,3.0,3,5,5,3224.631115518894,3224.0,3225.0,-5
2025-03-27 22:33:47.500000+08:00,BACKTESTING.802,fu2505.SHFE,MM,buy,2,1,3223.8,1,tick,5.0,3,5,5,3224.631115518894,3224.0,3225.0,-5
2025-03-27 22:33:47.500000+08:00,BACKTESTING.803,fu2505.SHFE,MM,buy,3,1,3223.4,1,tick,7.0,3,5,5,3224.631115518894,3224.0,3225.0,-5
2025-03-27 22:33:47.500000+08:00,BACKTESTING.804,fu2505.SHFE,MM,sell,1,1,3225.6,1,tick,3.0,3,5,5,3224.631115518894,3224.0,3225.0,-5
2025-03-27 22:33:47.500000+08:00,BACKTESTING.805,fu2505.SHFE,MM,sell,2,1,3226.0,1,tick,5.0,3,5,5,3224.631115518894,3224.0,3225.0,-5
2025-03-27 22:33:47.500000+08:00,BACKTESTING.806,fu2505.SHFE,MM,sell,3,1,3226.4,1,tick,7.0,3,5,5,3224.631115518894,3224.0,3225.0,-5
2025-03-27 22:38:07.500000+08:00,BACKTESTING.808,fu2505.SHFE,MM,buy,1,1,3225.0,1,tick,3.0,3,5,5,3225.5673907890523,3225.0,3226.0,-5
2025-03-27 22:38:07.500000+08:00,BACKTESTING.809,fu2505.SHFE,MM,buy,2,1,3224.6,1,tick,5.0,3,5,5,3225.5673907890523,3225.0,3226.0,-5
2025-03-27 22:38:07.500000+08:00,BACKTESTING.810,fu2505.SHFE,MM,buy,3,1,3224.2,1,tick,7.0,3,5,5,3225.5673907890523,3225.0,3226.0,-5
2025-03-27 22:38:07.500000+08:00,BACKTESTING.811,fu2505.SHFE,MM,sell,1,1,3226.4,1,tick,3.0,3,5,5,3225.5673907890523,3225.0,3226.0,-5
2025-03-27 22:38:07.500000+08:00,BACKTESTING.812,fu2505.SHFE,MM,sell,2,1,3226.8,1,tick,5.0,3,5,5,3225.5673907890523,3225.0,3226.0,-5
2025-03-27 22:38:07.500000+08:00,BACKTESTING.813,fu2505.SHFE,MM,sell,3,1,3227.2,1,tick,7.0,3,5,5,3225.5673907890523,3225.0,3226.0,-5
2025-03-27 22:38:36.500000+08:00,BACKTESTING.815,fu2505.SHFE,MM,buy,1,1,3226.0,1,tick,3.0,3,5,5,3226.6045333619118,3226.0,3227.0,-5
2025-03-27 22:38:36.500000+08:00,BACKTESTING.816,fu2505.SHFE,MM,buy,2,1,3225.8,1,tick,5.0,3,5,5,3226.6045333619118,3226.0,3227.0,-5
2025-03-27 22:38:36.500000+08:00,BACKTESTING.817,fu2505.SHFE,MM,buy,3,1,3225.4,1,tick,7.0,3,5,5,3226.6045333619118,3226.0,3227.0,-5
2025-03-27 22:38:36.500000+08:00,BACKTESTING.818,fu2505.SHFE,MM,sell,1,1,3227.6,1,tick,3.0,3,5,5,3226.6045333619118,3226.0,3227.0,-5
2025-03-27 22:38:36.500000+08:00,BACKTESTING.819,fu2505.SHFE,MM,sell,2,1,3228.0,1,tick,5.0,3,5,5,3226.6045333619118,3226.0,3227.0,-5
2025-03-27 22:38:36.500000+08:00,BACKTESTING.820,fu2505.SHFE,MM,sell,3,1,3228.4,1,tick,7.0,3,5,5,3226.6045333619118,3226.0,3227.0,-5
2025-03-27 22:59:59+08:00,BACKTESTING.821,fu2505.SHFE,MM,buy,1,1,3228.4,1,tick,3.0,3,5,5,3228.9374665770692,3231.0,3232.0,-5
2025-03-27 22:59:59+08:00,BACKTESTING.822,fu2505.SHFE,MM,buy,2,1,3228.0,1,tick,5.0,3,5,5,3228.9374665770692,3231.0,3232.0,-5
2025-03-27 22:59:59+08:00,BACKTESTING.823,fu2505.SHFE,MM,buy,3,1,3227.6,1,tick,7.0,3,5,5,3228.9374665770692,3231.0,3232.0,-5
2025-03-27 22:59:59+08:00,BACKTESTING.824,fu2505.SHFE,MM,sell,1,1,3232.2,1,tick,3.0,3,5,5,3228.9374665770692,3231.0,3232.0,-5
2025-03-27 22:59:59+08:00,BACKTESTING.825,fu2505.SHFE,MM,sell,2,1,3232.2,1,tick,5.0,3,5,5,3228.9374665770692,3231.0,3232.0,-5
2025-03-27 22:59:59+08:00,BACKTESTING.826,fu2505.SHFE,MM,sell,3,1,3232.2,1,tick,7.0,3,5,5,3228.9374665770692,3231.0,3232.0,-5
2025-03-28 09:00:09.500000+08:00,BACKTESTING.827,fu2505.SHFE,MM,buy,1,1,3226.0,1,tick,3.0,3,5,5,3227.2977903149063,3226.0,3227.0,-2
2025-03-28 09:00:09.500000+08:00,BACKTESTING.828,fu2505.SHFE,MM,buy,2,1,3226.0,1,tick,5.0,3,5,5,3227.2977903149063,3226.0,3227.0,-2
2025-03-28 09:00:09.500000+08:00,BACKTESTING.829,fu2505.SHFE,MM,buy,3,1,3225.8,1,tick,7.0,3,5,5,3227.2977903149063,3226.0,3227.0,-2
2025-03-28 09:00:09.500000+08:00,BACKTESTING.830,fu2505.SHFE,MM,sell,1,1,3228.0,1,tick,3.0,3,5,5,3227.2977903149063,3226.0,3227.0,-2
2025-03-28 09:00:09.500000+08:00,BACKTESTING.831,fu2505.SHFE,MM,sell,2,1,3228.4,1,tick,5.0,3,5,5,3227.2977903149063,3226.0,3227.0,-2
2025-03-28 09:00:09.500000+08:00,BACKTESTING.832,fu2505.SHFE,MM,sell,3,1,3228.8,1,tick,7.0,3,5,5,3227.2977903149063,3226.0,3227.0,-2
2025-03-28 09:01:19.500000+08:00,BACKTESTING.833,fu2505.SHFE,MM,buy,1,1,3230.2,1,tick,3.0,3,5,5,3230.6105036536464,3231.0,3232.0,-3
2025-03-28 09:01:19.500000+08:00,BACKTESTING.834,fu2505.SHFE,MM,buy,2,1,3229.8,1,tick,5.0,3,5,5,3230.6105036536464,3231.0,3232.0,-3
2025-03-28 09:01:19.500000+08:00,BACKTESTING.835,fu2505.SHFE,MM,buy,3,1,3229.4,1,tick,7.0,3,5,5,3230.6105036536464,3231.0,3232.0,-3
2025-03-28 09:01:19.500000+08:00,BACKTESTING.836,fu2505.SHFE,MM,sell,1,1,3232.2,1,tick,3.0,3,5,5,3230.6105036536464,3231.0,3232.0,-3
2025-03-28 09:01:19.500000+08:00,BACKTESTING.837,fu2505.SHFE,MM,sell,2,1,3232.2,1,tick,5.0,3,5,5,3230.6105036536464,3231.0,3232.0,-3
2025-03-28 09:01:19.500000+08:00,BACKTESTING.838,fu2505.SHFE,MM,sell,3,1,3232.4,1,tick,7.0,3,5,5,3230.6105036536464,3231.0,3232.0,-3
2025-03-28 09:03:10+08:00,BACKTESTING.839,fu2505.SHFE,MM,buy,1,1,3226.0,1,tick,3.0,3,5,5,3227.762797591145,3226.0,3227.0,0
2025-03-28 09:03:10+08:00,BACKTESTING.840,fu2505.SHFE,MM,buy,2,1,3226.0,1,tick,5.0,3,5,5,3227.762797591145,3226.0,3227.0,0
2025-03-28 09:03:10+08:00,BACKTESTING.841,fu2505.SHFE,MM,buy,3,1,3226.0,1,tick,7.0,3,5,5,3227.762797591145,3226.0,3227.0,0
2025-03-28 09:03:10+08:00,BACKTESTING.842,fu2505.SHFE,MM,sell,1,1,3228.4,1,tick,3.0,3,5,5,3227.762797591145,3226.0,3227.0,0
2025-03-28 09:03:10+08:00,BACKTESTING.843,fu2505.SHFE,MM,sell,2,1,3228.8,1,tick,5.0,3,5,5,3227.762797591145,3226.0,3227.0,0
2025-03-28 09:03:10+08:00,BACKTESTING.844,fu2505.SHFE,MM,sell,3,1,3229.2000000000003,1,tick,7.0,3,5,5,3227.762797591145,3226.0,3227.0,0
2025-03-28 09:11:37+08:00,BACKTESTING.845,fu2505.SHFE,MM,buy,1,1,3230.2,1,tick,3.0,3,5,5,3230.606191151638,3231.0,3232.0,-3
2025-03-28 09:11:37+08:00,BACKTESTING.846,fu2505.SHFE,MM,buy,2,1,3229.8,1,tick,5.0,3,5,5,3230.606191151638,3231.0,3232.0,-3
2025-03-28 09:11:37+08:00,BACKTESTING.847,fu2505.SHFE,MM,buy,3,1,3229.4,1,tick,7.0,3,5,5,3230.606191151638,3231.0,3232.0,-3
2025-03-28 09:11:37+08:00,BACKTESTING.848,fu2505.SHFE,MM,sell,1,1,3232.2,1,tick,3.0,3,5,5,3230.606191151638,3231.0,3232.0,-3
2025-03-28 09:11:37+08:00,BACKTESTING.849,fu2505.SHFE,MM,sell,2,1,3232.2,1,tick,5.0,3,5,5,3230.606191151638,3231.0,3232.0,-3
2025-03-28 09:11:37+08:00,BACKTESTING.850,fu2505.SHFE,MM,sell,3,1,3232.4,1,tick,7.0,3,5,5,3230.606191151638,3231.0,3232.0,-3
2025-03-28 09:14:52.500000+08:00,BACKTESTING.852,fu2505.SHFE,MM,buy,1,1,3232.0,1,tick,3.0,3,5,5,3232.4877434808936,3232.0,3233.0,-4
2025-03-28 09:14:52.500000+08:00,BACKTESTING.853,fu2505.SHFE,MM,buy,2,1,3231.6,1,tick,5.0,3,5,5,3232.4877434808936,3232.0,3233.0,-4
2025-03-28 09:14:52.500000+08:00,BACKTESTING.854,fu2505.SHFE,MM,buy,3,1,3231.2,1,tick,7.0,3,5,5,3232.4877434808936,3232.0,3233.0,-4
2025-03-28 09:14:52.500000+08:00,BACKTESTING.855,fu2505.SHFE,MM,sell,1,1,3233.4,1,tick,3.0,3,5,5,3232.4877434808936,3232.0,3233.0,-4
2025-03-28 09:14:52.500000+08:00,BACKTESTING.856,fu2505.SHFE,MM,sell,2,1,3233.8,1,tick,5.0,3,5,5,3232.4877434808936,3232.0,3233.0,-4
2025-03-28 09:14:52.500000+08:00,BACKTESTING.857,fu2505.SHFE,MM,sell,3,1,3234.2,1,tick,7.0,3,5,5,3232.4877434808936,3232.0,3233.0,-4
2025-03-28 09:15:41.500000+08:00,BACKTESTING.859,fu2505.SHFE,MM,buy,1,1,3232.6,1,tick,3.0,3,5,5,3233.185884206803,3233.0,3234.0,-4
2025-03-28 09:15:41.500000+08:00,BACKTESTING.860,fu2505.SHFE,MM,buy,2,1,3232.2,1,tick,5.0,3,5,5,3233.185884206803,3233.0,3234.0,-4
2025-03-28 09:15:41.500000+08:00,BACKTESTING.861,fu2505.SHFE,MM,buy,3,1,3231.8,1,tick,7.0,3,5,5,3233.185884206803,3233.0,3234.0,-4
2025-03-28 09:15:41.500000+08:00,BACKTESTING.862,fu2505.SHFE,MM,sell,1,1,3234.2,1,tick,3.0,3,5,5,3233.185884206803,3233.0,3234.0,-4
2025-03-28 09:15:41.500000+08:00,BACKTESTING.863,fu2505.SHFE,MM,sell,2,1,3234.4,1,tick,5.0,3,5,5,3233.185884206803,3233.0,3234.0,-4
2025-03-28 09:15:41.500000+08:00,BACKTESTING.864,fu2505.SHFE,MM,sell,3,1,3234.8,1,tick,7.0,3,5,5,3233.185884206803,3233.0,3234.0,-4
2025-03-28 09:17:20.500000+08:00,BACKTESTING.865,fu2505.SHFE,MM,buy,1,1,3228.0,1,tick,3.0,3,5,5,3229.2906400893107,3228.0,3229.0,-1
2025-03-28 09:17:20.500000+08:00,BACKTESTING.866,fu2505.SHFE,MM,buy,2,1,3228.0,1,tick,5.0,3,5,5,3229.2906400893107,3228.0,3229.0,-1
2025-03-28 09:17:20.500000+08:00,BACKTESTING.867,fu2505.SHFE,MM,buy,3,1,3227.8,1,tick,7.0,3,5,5,3229.2906400893107,3228.0,3229.0,-1
2025-03-28 09:17:20.500000+08:00,BACKTESTING.868,fu2505.SHFE,MM,sell,1,1,3230.0,1,tick,3.0,3,5,5,3229.2906400893107,3228.0,3229.0,-1
2025-03-28 09:17:20.500000+08:00,BACKTESTING.869,fu2505.SHFE,MM,sell,2,1,3230.4,1,tick,5.0,3,5,5,3229.2906400893107,3228.0,3229.0,-1
2025-03-28 09:17:20.500000+08:00,BACKTESTING.870,fu2505.SHFE,MM,sell,3,1,3230.8,1,tick,7.0,3,5,5,3229.2906400893107,3228.0,3229.0,-1
2025-03-28 09:20:55+08:00,BACKTESTING.871,fu2505.SHFE,MM,buy,1,1,3232.2000000000003,1,tick,3.0,3,5,5,3232.8476507103996,3233.0,3234.0,-1
2025-03-28 09:20:55+08:00,BACKTESTING.872,fu2505.SHFE,MM,buy,2,1,3231.8,1,tick,5.0,3,5,5,3232.8476507103996,3233.0,3234.0,-1
2025-03-28 09:20:55+08:00,BACKTESTING.873,fu2505.SHFE,MM,buy,3,1,3231.4,1,tick,7.0,3,5,5,3232.8476507103996,3233.0,3234.0,-1
2025-03-28 09:20:55+08:00,BACKTESTING.874,fu2505.SHFE,MM,sell,1,1,3234.0,1,tick,3.0,3,5,5,3232.8476507103996,3233.0,3234.0,-1
2025-03-28 09:20:55+08:00,BACKTESTING.875,fu2505.SHFE,MM,sell,2,1,3234.0,1,tick,5.0,3,5,5,3232.8476507103996,3233.0,3234.0,-1
2025-03-28 09:20:55+08:00,BACKTESTING.876,fu2505.SHFE,MM,sell,3,1,3234.4,1,tick,7.0,3,5,5,3232.8476507103996,3233.0,3234.0,-1
2025-03-28 09:34:44.500000+08:00,BACKTESTING.877,fu2505.SHFE,MM,buy,1,1,3228.0,1,tick,3.0,3,5,5,3229.28426894694,3228.0,3229.0,-1
2025-03-28 09:34:44.500000+08:00,BACKTESTING.878,fu2505.SHFE,MM,buy,2,1,3228.0,1,tick,5.0,3,5,5,3229.28426894694,3228.0,3229.0,-1
2025-03-28 09:34:44.500000+08:00,BACKTESTING.879,fu2505.SHFE,MM,buy,3,1,3227.8,1,tick,7.0,3,5,5,3229.28426894694,3228.0,3229.0,-1
2025-03-28 09:34:44.500000+08:00,BACKTESTING.880,fu2505.SHFE,MM,sell,1,1,3230.0,1,tick,3.0,3,5,5,3229.28426894694,3228.0,3229.0,-1
2025-03-28 09:34:44.500000+08:00,BACKTESTING.881,fu2505.SHFE,MM,sell,2,1,3230.4,1,tick,5.0,3,5,5,3229.28426894694,3228.0,3229.0,-1
2025-03-28 09:34:44.500000+08:00,BACKTESTING.882,fu2505.SHFE,MM,sell,3,1,3230.8,1,tick,7.0,3,5,5,3229.28426894694,3228.0,3229.0,-1
2025-03-28 09:43:06.500000+08:00,BACKTESTING.883,fu2505.SHFE,MM,buy,1,1,3224.0,1,tick,3.0,3,5,5,3225.097729473832,3224.0,3225.0,2
2025-03-28 09:43:06.500000+08:00,BACKTESTING.884,fu2505.SHFE,MM,buy,2,1,3224.0,1,tick,5.0,3,5,5,3225.097729473832,3224.0,3225.0,2
2025-03-28 09:43:06.500000+08:00,BACKTESTING.885,fu2505.SHFE,MM,buy,3,1,3223.6000000000004,1,tick,7.0,3,5,5,3225.097729473832,3224.0,3225.0,2
2025-03-28 09:43:06.500000+08:00,BACKTESTING.886,fu2505.SHFE,MM,sell,1,1,3225.8,1,tick,3.0,3,5,5,3225.097729473832,3224.0,3225.0,2
2025-03-28 09:43:06.500000+08:00,BACKTESTING.887,fu2505.SHFE,MM,sell,2,1,3226.2000000000003,1,tick,5.0,3,5,5,3225.097729473832,3224.0,3225.0,2
2025-03-28 09:43:06.500000+08:00,BACKTESTING.888,fu2505.SHFE,MM,sell,3,1,3226.6000000000004,1,tick,7.0,3,5,5,3225.097729473832,3224.0,3225.0,2
2025-03-28 09:52:20.500000+08:00,BACKTESTING.889,fu2505.SHFE,MM,buy,1,1,3219.8,1,tick,3.0,3,5,5,3221.7722114584044,3220.0,3221.0,5
2025-03-28 09:52:20.500000+08:00,BACKTESTING.890,fu2505.SHFE,MM,buy,2,1,3219.8,1,tick,5.0,3,5,5,3221.7722114584044,3220.0,3221.0,5
2025-03-28 09:52:20.500000+08:00,BACKTESTING.891,fu2505.SHFE,MM,buy,3,1,3219.8,1,tick,7.0,3,5,5,3221.7722114584044,3220.0,3221.0,5
2025-03-28 09:52:20.500000+08:00,BACKTESTING.892,fu2505.SHFE,MM,sell,1,1,3222.2000000000003,1,tick,3.0,3,5,5,3221.7722114584044,3220.0,3221.0,5
2025-03-28 09:52:20.500000+08:00,BACKTESTING.893,fu2505.SHFE,MM,sell,2,1,3222.6000000000004,1,tick,5.0,3,5,5,3221.7722114584044,3220.0,3221.0,5
2025-03-28 09:52:20.500000+08:00,BACKTESTING.894,fu2505.SHFE,MM,sell,3,1,3223.0000000000005,1,tick,7.0,3,5,5,3221.7722114584044,3220.0,3221.0,5
2025-03-28 10:42:08.500000+08:00,BACKTESTING.895,fu2505.SHFE,MM,buy,1,1,3224.0000000000005,1,tick,3.0,3,5,5,3224.8651086988634,3225.0,3226.0,5
2025-03-28 10:42:08.500000+08:00,BACKTESTING.896,fu2505.SHFE,MM,buy,2,1,3223.6000000000004,1,tick,5.0,3,5,5,3224.8651086988634,3225.0,3226.0,5
2025-03-28 10:42:08.500000+08:00,BACKTESTING.897,fu2505.SHFE,MM,buy,3,1,3223.2000000000003,1,tick,7.0,3,5,5,3224.8651086988634,3225.0,3226.0,5
2025-03-28 10:42:08.500000+08:00,BACKTESTING.898,fu2505.SHFE,MM,sell,1,1,3226.0,1,tick,3.0,3,5,5,3224.8651086988634,3225.0,3226.0,5
2025-03-28 10:42:08.500000+08:00,BACKTESTING.899,fu2505.SHFE,MM,sell,2,1,3226.0,1,tick,5.0,3,5,5,3224.8651086988634,3225.0,3226.0,5
2025-03-28 10:42:08.500000+08:00,BACKTESTING.900,fu2505.SHFE,MM,sell,3,1,3226.2000000000003,1,tick,7.0,3,5,5,3224.8651086988634,3225.0,3226.0,5
2025-03-28 10:45:29+08:00,BACKTESTING.901,fu2505.SHFE,MM,buy,1,1,3228.2000000000003,1,tick,3.0,3,5,5,3228.914108525768,3229.0,3230.0,2
2025-03-28 10:45:29+08:00,BACKTESTING.902,fu2505.SHFE,MM,buy,2,1,3227.8,1,tick,5.0,3,5,5,3228.914108525768,3229.0,3230.0,2
2025-03-28 10:45:29+08:00,BACKTESTING.903,fu2505.SHFE,MM,buy,3,1,3227.4,1,tick,7.0,3,5,5,3228.914108525768,3229.0,3230.0,2
2025-03-28 10:45:29+08:00,BACKTESTING.904,fu2505.SHFE,MM,sell,1,1,3230.0,1,tick,3.0,3,5,5,3228.914108525768,3229.0,3230.0,2
2025-03-28 10:45:29+08:00,BACKTESTING.905,fu2505.SHFE,MM,sell,2,1,3230.0,1,tick,5.0,3,5,5,3228.914108525768,3229.0,3230.0,2
2025-03-28 10:45:29+08:00,BACKTESTING.906,fu2505.SHFE,MM,sell,3,1,3230.4,1,tick,7.0,3,5,5,3228.914108525768,3229.0,3230.0,2
2025-03-28 10:51:56+08:00,BACKTESTING.907,fu2505.SHFE,MM,buy,1,1,3223.8,1,tick,3.0,3,5,5,3225.421633961294,3224.0,3225.0,5
2025-03-28 10:51:56+08:00,BACKTESTING.908,fu2505.SHFE,MM,buy,2,1,3223.8,1,tick,5.0,3,5,5,3225.421633961294,3224.0,3225.0,5
2025-03-28 10:51:56+08:00,BACKTESTING.909,fu2505.SHFE,MM,buy,3,1,3223.8,1,tick,7.0,3,5,5,3225.421633961294,3224.0,3225.0,5
2025-03-28 10:51:56+08:00,BACKTESTING.910,fu2505.SHFE,MM,sell,1,1,3226.0000000000005,1,tick,3.0,3,5,5,3225.421633961294,3224.0,3225.0,5
2025-03-28 10:51:56+08:00,BACKTESTING.911,fu2505.SHFE,MM,sell,2,1,3226.4000000000005,1,tick,5.0,3,5,5,3225.421633961294,3224.0,3225.0,5
2025-03-28 10:51:56+08:00,BACKTESTING.912,fu2505.SHFE,MM,sell,3,1,3226.8,1,tick,7.0,3,5,5,3225.421633961294,3224.0,3225.0,5
2025-03-28 10:54:20+08:00,BACKTESTING.915,fu2505.SHFE,MM,buy,1,1,3222.6000000000004,1,tick,3.0,3,5,5,3223.5742021392844,3223.0,3224.0,4
2025-03-28 10:54:20+08:00,BACKTESTING.916,fu2505.SHFE,MM,buy,2,1,3222.2000000000003,1,tick,5.0,3,5,5,3223.5742021392844,3223.0,3224.0,4
2025-03-28 10:54:20+08:00,BACKTESTING.917,fu2505.SHFE,MM,buy,3,1,3221.8,1,tick,7.0,3,5,5,3223.5742021392844,3223.0,3224.0,4
2025-03-28 10:54:20+08:00,BACKTESTING.918,fu2505.SHFE,MM,sell,1,1,3224.0000000000005,1,tick,3.0,3,5,5,3223.5742021392844,3223.0,3224.0,4
2025-03-28 10:54:20+08:00,BACKTESTING.919,fu2505.SHFE,MM,sell,2,1,3224.4000000000005,1,tick,5.0,3,5,5,3223.5742021392844,3223.0,3224.0,4
2025-03-28 10:54:20+08:00,BACKTESTING.920,fu2505.SHFE,MM,sell,3,1,3224.8,1,tick,7.0,3,5,5,3223.5742021392844,3223.0,3224.0,4
2025-03-28 11:29:04.500000+08:00,BACKTESTING.921,fu2505.SHFE,MM,buy,1,1,3217.8,1,tick,3.0,3,5,5,3219.4365880778378,3218.0,3219.0,4
2025-03-28 11:29:04.500000+08:00,BACKTESTING.922,fu2505.SHFE,MM,buy,2,1,3217.8,1,tick,5.0,3,5,5,3219.4365880778378,3218.0,3219.0,4
2025-03-28 11:29:04.500000+08:00,BACKTESTING.923,fu2505.SHFE,MM,buy,3,1,3217.8,1,tick,7.0,3,5,5,3219.4365880778378,3218.0,3219.0,4
2025-03-28 11:29:04.500000+08:00,BACKTESTING.924,fu2505.SHFE,MM,sell,1,1,3220.0000000000005,1,tick,3.0,3,5,5,3219.4365880778378,3218.0,3219.0,4
2025-03-28 11:29:04.500000+08:00,BACKTESTING.925,fu2505.SHFE,MM,sell,2,1,3220.4000000000005,1,tick,5.0,3,5,5,3219.4365880778378,3218.0,3219.0,4
2025-03-28 11:29:04.500000+08:00,BACKTESTING.926,fu2505.SHFE,MM,sell,3,1,3220.8,1,tick,7.0,3,5,5,3219.4365880778378,3218.0,3219.0,4
2025-03-28 14:00:52+08:00,BACKTESTING.928,fu2505.SHFE,MM,buy,1,1,3216.8,1,tick,3.0,3,5,5,3218.30535392725,3217.0,3218.0,5
2025-03-28 14:00:52+08:00,BACKTESTING.929,fu2505.SHFE,MM,buy,2,1,3216.8,1,tick,5.0,3,5,5,3218.30535392725,3217.0,3218.0,5
2025-03-28 14:00:52+08:00,BACKTESTING.930,fu2505.SHFE,MM,buy,3,1,3216.6000000000004,1,tick,7.0,3,5,5,3218.30535392725,3217.0,3218.0,5
2025-03-28 14:00:52+08:00,BACKTESTING.931,fu2505.SHFE,MM,sell,1,1,3218.8,1,tick,3.0,3,5,5,3218.30535392725,3217.0,3218.0,5
2025-03-28 14:00:52+08:00,BACKTESTING.932,fu2505.SHFE,MM,sell,2,1,3219.2000000000003,1,tick,5.0,3,5,5,3218.30535392725,3217.0,3218.0,5
2025-03-28 14:00:52+08:00,BACKTESTING.933,fu2505.SHFE,MM,sell,3,1,3219.6000000000004,1,tick,7.0,3,5,5,3218.30535392725,3217.0,3218.0,5
2025-03-28 14:17:38+08:00,BACKTESTING.934,fu2505.SHFE,MM,buy,1,1,3220.8,1,tick,3.0,3,5,5,3221.4937037891314,3222.0,3223.0,2
2025-03-28 14:17:38+08:00,BACKTESTING.935,fu2505.SHFE,MM,buy,2,1,3220.4,1,tick,5.0,3,5,5,3221.4937037891314,3222.0,3223.0,2
2025-03-28 14:17:38+08:00,BACKTESTING.936,fu2505.SHFE,MM,buy,3,1,3220.0,1,tick,7.0,3,5,5,3221.4937037891314,3222.0,3223.0,2
2025-03-28 14:17:38+08:00,BACKTESTING.937,fu2505.SHFE,MM,sell,1,1,3223.0,1,tick,3.0,3,5,5,3221.4937037891314,3222.0,3223.0,2
2025-03-28 14:17:38+08:00,BACKTESTING.938,fu2505.SHFE,MM,sell,2,1,3223.0,1,tick,5.0,3,5,5,3221.4937037891314,3222.0,3223.0,2
2025-03-28 14:17:38+08:00,BACKTESTING.939,fu2505.SHFE,MM,sell,3,1,3223.0,1,tick,7.0,3,5,5,3221.4937037891314,3222.0,3223.0,2
2025-03-28 14:25:23.500000+08:00,BACKTESTING.940,fu2505.SHFE,MM,buy,1,1,3225.0,1,tick,3.0,3,5,5,3225.606125018876,3225.0,3226.0,-1
2025-03-28 14:25:23.500000+08:00,BACKTESTING.941,fu2505.SHFE,MM,buy,2,1,3224.6000000000004,1,tick,5.0,3,5,5,3225.606125018876,3225.0,3226.0,-1
2025-03-28 14:25:23.500000+08:00,BACKTESTING.942,fu2505.SHFE,MM,buy,3,1,3224.2000000000003,1,tick,7.0,3,5,5,3225.606125018876,3225.0,3226.0,-1
2025-03-28 14:25:23.500000+08:00,BACKTESTING.943,fu2505.SHFE,MM,sell,1,1,3226.4,1,tick,3.0,3,5,5,3225.606125018876,3225.0,3226.0,-1
2025-03-28 14:25:23.500000+08:00,BACKTESTING.944,fu2505.SHFE,MM,sell,2,1,3226.8,1,tick,5.0,3,5,5,3225.606125018876,3225.0,3226.0,-1
2025-03-28 14:25:23.500000+08:00,BACKTESTING.945,fu2505.SHFE,MM,sell,3,1,3227.2000000000003,1,tick,7.0,3,5,5,3225.606125018876,3225.0,3226.0,-1
2025-03-28 14:58:45.500000+08:00,BACKTESTING.946,fu2505.SHFE,MM,buy,1,1,3220.8,1,tick,3.0,3,5,5,3221.5961311913825,3221.0,3222.0,2
2025-03-28 14:58:45.500000+08:00,BACKTESTING.947,fu2505.SHFE,MM,buy,2,1,3220.4,1,tick,5.0,3,5,5,3221.5961311913825,3221.0,3222.0,2
2025-03-28 14:58:45.500000+08:00,BACKTESTING.948,fu2505.SHFE,MM,buy,3,1,3220.0,1,tick,7.0,3,5,5,3221.5961311913825,3221.0,3222.0,2
2025-03-28 14:58:45.500000+08:00,BACKTESTING.949,fu2505.SHFE,MM,sell,1,1,3222.2000000000003,1,tick,3.0,3,5,5,3221.5961311913825,3221.0,3222.0,2
2025-03-28 14:58:45.500000+08:00,BACKTESTING.950,fu2505.SHFE,MM,sell,2,1,3222.6000000000004,1,tick,5.0,3,5,5,3221.5961311913825,3221.0,3222.0,2
2025-03-28 14:58:45.500000+08:00,BACKTESTING.951,fu2505.SHFE,MM,sell,3,1,3223.0,1,tick,7.0,3,5,5,3221.5961311913825,3221.0,3222.0,2
2025-03-28 20:59:00.500000+08:00,BACKTESTING.952,fu2505.SHFE,MM,buy,1,1,3223.4,1,tick,3.0,3,5,5,3224.1377047920623,3231.0,3232.0,-1
2025-03-28 20:59:00.500000+08:00,BACKTESTING.953,fu2505.SHFE,MM,buy,2,1,3223.0,1,tick,5.0,3,5,5,3224.1377047920623,3231.0,3232.0,-1
2025-03-28 20:59:00.500000+08:00,BACKTESTING.954,fu2505.SHFE,MM,buy,3,1,3222.6000000000004,1,tick,7.0,3,5,5,3224.1377047920623,3231.0,3232.0,-1
2025-03-28 20:59:00.500000+08:00,BACKTESTING.955,fu2505.SHFE,MM,sell,1,1,3232.0,1,tick,3.0,3,5,5,3224.1377047920623,3231.0,3232.0,-1
2025-03-28 20:59:00.500000+08:00,BACKTESTING.956,fu2505.SHFE,MM,sell,2,1,3232.0,1,tick,5.0,3,5,5,3224.1377047920623,3231.0,3232.0,-1
2025-03-28 20:59:00.500000+08:00,BACKTESTING.957,fu2505.SHFE,MM,sell,3,1,3232.0,1,tick,7.0,3,5,5,3224.1377047920623,3231.0,3232.0,-1
2025-03-28 21:00:04+08:00,BACKTESTING.958,fu2505.SHFE,MM,buy,1,1,3226.0,1,tick,3.0,3,5,5,3227.106575297009,3226.0,3227.0,-1
2025-03-28 21:00:04+08:00,BACKTESTING.959,fu2505.SHFE,MM,buy,2,1,3226.0,1,tick,5.0,3,5,5,3227.106575297009,3226.0,3227.0,-1
2025-03-28 21:00:04+08:00,BACKTESTING.960,fu2505.SHFE,MM,buy,3,1,3225.6000000000004,1,tick,7.0,3,5,5,3227.106575297009,3226.0,3227.0,-1
2025-03-28 21:00:04+08:00,BACKTESTING.961,fu2505.SHFE,MM,sell,1,1,3227.8,1,tick,3.0,3,5,5,3227.106575297009,3226.0,3227.0,-1
2025-03-28 21:00:04+08:00,BACKTESTING.962,fu2505.SHFE,MM,sell,2,1,3228.2000000000003,1,tick,5.0,3,5,5,3227.106575297009,3226.0,3227.0,-1
2025-03-28 21:00:04+08:00,BACKTESTING.963,fu2505.SHFE,MM,sell,3,1,3228.6000000000004,1,tick,7.0,3,5,5,3227.106575297009,3226.0,3227.0,-1
2025-03-28 21:08:10.500000+08:00,BACKTESTING.964,fu2505.SHFE,MM,buy,1,1,3229.4,1,tick,3.0,3,5,5,3230.01196753088,3231.0,3232.0,-1
2025-03-28 21:08:10.500000+08:00,BACKTESTING.965,fu2505.SHFE,MM,buy,2,1,3229.0,1,tick,5.0,3,5,5,3230.01196753088,3231.0,3232.0,-1
2025-03-28 21:08:10.500000+08:00,BACKTESTING.966,fu2505.SHFE,MM,buy,3,1,3228.6000000000004,1,tick,7.0,3,5,5,3230.01196753088,3231.0,3232.0,-1
2025-03-28 21:08:10.500000+08:00,BACKTESTING.967,fu2505.SHFE,MM,sell,1,1,3232.0,1,tick,3.0,3,5,5,3230.01196753088,3231.0,3232.0,-1
2025-03-28 21:08:10.500000+08:00,BACKTESTING.968,fu2505.SHFE,MM,sell,2,1,3232.0,1,tick,5.0,3,5,5,3230.01196753088,3231.0,3232.0,-1
2025-03-28 21:08:10.500000+08:00,BACKTESTING.969,fu2505.SHFE,MM,sell,3,1,3232.0,1,tick,7.0,3,5,5,3230.01196753088,3231.0,3232.0,-1
2025-03-28 21:11:14.500000+08:00,BACKTESTING.970,fu2505.SHFE,MM,buy,1,1,3226.0,1,tick,3.0,3,5,5,3227.1925396206634,3226.0,3227.0,-1
2025-03-28 21:11:14.500000+08:00,BACKTESTING.971,fu2505.SHFE,MM,buy,2,1,3226.0,1,tick,5.0,3,5,5,3227.1925396206634,3226.0,3227.0,-1
2025-03-28 21:11:14.500000+08:00,BACKTESTING.972,fu2505.SHFE,MM,buy,3,1,3225.6000000000004,1,tick,7.0,3,5,5,3227.1925396206634,3226.0,3227.0,-1
2025-03-28 21:11:14.500000+08:00,BACKTESTING.973,fu2505.SHFE,MM,sell,1,1,3227.8,1,tick,3.0,3,5,5,3227.1925396206634,3226.0,3227.0,-1
2025-03-28 21:11:14.500000+08:00,BACKTESTING.974,fu2505.SHFE,MM,sell,2,1,3228.2000000000003,1,tick,5.0,3,5,5,3227.1925396206634,3226.0,3227.0,-1
2025-03-28 21:11:14.500000+08:00,BACKTESTING.975,fu2505.SHFE,MM,sell,3,1,3228.6000000000004,1,tick,7.0,3,5,5,3227.1925396206634,3226.0,3227.0,-1
2025-03-28 21:21:00+08:00,BACKTESTING.976,fu2505.SHFE,MM,buy,1,1,3222.0,1,tick,3.0,3,5,5,3222.9568174162932,3222.0,3223.0,-1
2025-03-28 21:21:00+08:00,BACKTESTING.977,fu2505.SHFE,MM,buy,2,1,3221.8,1,tick,5.0,3,5,5,3222.9568174162932,3222.0,3223.0,-1
2025-03-28 21:21:00+08:00,BACKTESTING.978,fu2505.SHFE,MM,buy,3,1,3221.4,1,tick,7.0,3,5,5,3222.9568174162932,3222.0,3223.0,-1
2025-03-28 21:21:00+08:00,BACKTESTING.979,fu2505.SHFE,MM,sell,1,1,3223.6000000000004,1,tick,3.0,3,5,5,3222.9568174162932,3222.0,3223.0,-1
2025-03-28 21:21:00+08:00,BACKTESTING.980,fu2505.SHFE,MM,sell,2,1,3224.0,1,tick,5.0,3,5,5,3222.9568174162932,3222.0,3223.0,-1
2025-03-28 21:21:00+08:00,BACKTESTING.981,fu2505.SHFE,MM,sell,3,1,3224.4,1,tick,7.0,3,5,5,3222.9568174162932,3222.0,3223.0,-1
2025-03-28 21:33:44.500000+08:00,BACKTESTING.982,fu2505.SHFE,MM,buy,1,1,3218.0,1,tick,3.0,3,5,5,3218.79338003682,3218.0,3219.0,2
2025-03-28 21:33:44.500000+08:00,BACKTESTING.983,fu2505.SHFE,MM,buy,2,1,3217.6000000000004,1,tick,5.0,3,5,5,3218.79338003682,3218.0,3219.0,2
2025-03-28 21:33:44.500000+08:00,BACKTESTING.984,fu2505.SHFE,MM,buy,3,1,3217.2000000000003,1,tick,7.0,3,5,5,3218.79338003682,3218.0,3219.0,2
2025-03-28 21:33:44.500000+08:00,BACKTESTING.985,fu2505.SHFE,MM,sell,1,1,3219.4,1,tick,3.0,3,5,5,3218.79338003682,3218.0,3219.0,2
2025-03-28 21:33:44.500000+08:00,BACKTESTING.986,fu2505.SHFE,MM,sell,2,1,3219.8,1,tick,5.0,3,5,5,3218.79338003682,3218.0,3219.0,2
2025-03-28 21:33:44.500000+08:00,BACKTESTING.987,fu2505.SHFE,MM,sell,3,1,3220.2000000000003,1,tick,7.0,3,5,5,3218.79338003682,3218.0,3219.0,2
2025-03-28 21:40:57+08:00,BACKTESTING.988,fu2505.SHFE,MM,buy,1,1,3213.8,1,tick,3.0,3,5,5,3215.5253316219537,3214.0,3215.0,5
2025-03-28 21:40:57+08:00,BACKTESTING.989,fu2505.SHFE,MM,buy,2,1,3213.8,1,tick,5.0,3,5,5,3215.5253316219537,3214.0,3215.0,5
2025-03-28 21:40:57+08:00,BACKTESTING.990,fu2505.SHFE,MM,buy,3,1,3213.8,1,tick,7.0,3,5,5,3215.5253316219537,3214.0,3215.0,5
2025-03-28 21:40:57+08:00,BACKTESTING.991,fu2505.SHFE,MM,sell,1,1,3216.0000000000005,1,tick,3.0,3,5,5,3215.5253316219537,3214.0,3215.0,5
2025-03-28 21:40:57+08:00,BACKTESTING.992,fu2505.SHFE,MM,sell,2,1,3216.4000000000005,1,tick,5.0,3,5,5,3215.5253316219537,3214.0,3215.0,5
2025-03-28 21:40:57+08:00,BACKTESTING.993,fu2505.SHFE,MM,sell,3,1,3216.8,1,tick,7.0,3,5,5,3215.5253316219537,3214.0,3215.0,5
2025-03-28 22:07:45.500000+08:00,BACKTESTING.994,fu2505.SHFE,MM,buy,1,1,3209.8,1,tick,3.0,3,5,5,3211.3526020500294,3210.0,3211.0,5
2025-03-28 22:07:45.500000+08:00,BACKTESTING.995,fu2505.SHFE,MM,buy,2,1,3209.8,1,tick,5.0,3,5,5,3211.3526020500294,3210.0,3211.0,5
2025-03-28 22:07:45.500000+08:00,BACKTESTING.996,fu2505.SHFE,MM,buy,3,1,3209.6000000000004,1,tick,7.0,3,5,5,3211.3526020500294,3210.0,3211.0,5
2025-03-28 22:07:45.500000+08:00,BACKTESTING.997,fu2505.SHFE,MM,sell,1,1,3211.8,1,tick,3.0,3,5,5,3211.3526020500294,3210.0,3211.0,5
2025-03-28 22:07:45.500000+08:00,BACKTESTING.998,fu2505.SHFE,MM,sell,2,1,3212.2000000000003,1,tick,5.0,3,5,5,3211.3526020500294,3210.0,3211.0,5
2025-03-28 22:07:45.500000+08:00,BACKTESTING.999,fu2505.SHFE,MM,sell,3,1,3212.6000000000004,1,tick,7.0,3,5,5,3211.3526020500294,3210.0,3211.0,5
2025-03-28 22:08:37+08:00,BACKTESTING.1002,fu2505.SHFE,MM,buy,1,1,3208.6000000000004,1,tick,3.0,3,5,5,3209.5093368586313,3209.0,3210.0,4
2025-03-28 22:08:37+08:00,BACKTESTING.1003,fu2505.SHFE,MM,buy,2,1,3208.2000000000003,1,tick,5.0,3,5,5,3209.5093368586313,3209.0,3210.0,4
2025-03-28 22:08:37+08:00,BACKTESTING.1004,fu2505.SHFE,MM,buy,3,1,3207.8,1,tick,7.0,3,5,5,3209.5093368586313,3209.0,3210.0,4
2025-03-28 22:08:37+08:00,BACKTESTING.1005,fu2505.SHFE,MM,sell,1,1,3210.0000000000005,1,tick,3.0,3,5,5,3209.5093368586313,3209.0,3210.0,4
2025-03-28 22:08:37+08:00,BACKTESTING.1006,fu2505.SHFE,MM,sell,2,1,3210.4000000000005,1,tick,5.0,3,5,5,3209.5093368586313,3209.0,3210.0,4
2025-03-28 22:08:37+08:00,BACKTESTING.1007,fu2505.SHFE,MM,sell,3,1,3210.8,1,tick,7.0,3,5,5,3209.5093368586313,3209.0,3210.0,4
2025-03-28 22:14:22+08:00,BACKTESTING.1008,fu2505.SHFE,MM,buy,1,1,3203.8,1,tick,3.0,3,5,5,3206.246329559686,3204.0,3205.0,4
2025-03-28 22:14:22+08:00,BACKTESTING.1009,fu2505.SHFE,MM,buy,2,1,3203.8,1,tick,5.0,3,5,5,3206.246329559686,3204.0,3205.0,4
2025-03-28 22:14:22+08:00,BACKTESTING.1010,fu2505.SHFE,MM,buy,3,1,3203.8,1,tick,7.0,3,5,5,3206.246329559686,3204.0,3205.0,4
2025-03-28 22:14:22+08:00,BACKTESTING.1011,fu2505.SHFE,MM,sell,1,1,3206.8,1,tick,3.0,3,5,5,3206.246329559686,3204.0,3205.0,4
2025-03-28 22:14:22+08:00,BACKTESTING.1012,fu2505.SHFE,MM,sell,2,1,3207.2000000000003,1,tick,5.0,3,5,5,3206.246329559686,3204.0,3205.0,4
2025-03-28 22:14:22+08:00,BACKTESTING.1013,fu2505.SHFE,MM,sell,3,1,3207.6000000000004,1,tick,7.0,3,5,5,3206.246329559686,3204.0,3205.0,4
2025-03-28 22:17:37+08:00,BACKTESTING.1015,fu2505.SHFE,MM,buy,1,1,3202.8,1,tick,3.0,3,5,5,3204.045313096205,3203.0,3204.0,4
2025-03-28 22:17:37+08:00,BACKTESTING.1016,fu2505.SHFE,MM,buy,2,1,3202.8,1,tick,5.0,3,5,5,3204.045313096205,3203.0,3204.0,4
2025-03-28 22:17:37+08:00,BACKTESTING.1017,fu2505.SHFE,MM,buy,3,1,3202.4000000000005,1,tick,7.0,3,5,5,3204.045313096205,3203.0,3204.0,4
2025-03-28 22:17:37+08:00,BACKTESTING.1018,fu2505.SHFE,MM,sell,1,1,3204.6000000000004,1,tick,3.0,3,5,5,3204.045313096205,3203.0,3204.0,4
2025-03-28 22:17:37+08:00,BACKTESTING.1019,fu2505.SHFE,MM,sell,2,1,3205.0000000000005,1,tick,5.0,3,5,5,3204.045313096205,3203.0,3204.0,4
2025-03-28 22:17:37+08:00,BACKTESTING.1020,fu2505.SHFE,MM,sell,3,1,3205.4000000000005,1,tick,7.0,3,5,5,3204.045313096205,3203.0,3204.0,4
2025-03-28 22:19:05+08:00,BACKTESTING.1022,fu2505.SHFE,MM,buy,1,1,3201.6000000000004,1,tick,3.0,3,5,5,3202.4096889752977,3202.0,3203.0,5
2025-03-28 22:19:05+08:00,BACKTESTING.1023,fu2505.SHFE,MM,buy,2,1,3201.2000000000003,1,tick,5.0,3,5,5,3202.4096889752977,3202.0,3203.0,5
2025-03-28 22:19:05+08:00,BACKTESTING.1024,fu2505.SHFE,MM,buy,3,1,3200.8,1,tick,7.0,3,5,5,3202.4096889752977,3202.0,3203.0,5
2025-03-28 22:19:05+08:00,BACKTESTING.1025,fu2505.SHFE,MM,sell,1,1,3203.0000000000005,1,tick,3.0,3,5,5,3202.4096889752977,3202.0,3203.0,5
2025-03-28 22:19:05+08:00,BACKTESTING.1026,fu2505.SHFE,MM,sell,2,1,3203.4000000000005,1,tick,5.0,3,5,5,3202.4096889752977,3202.0,3203.0,5
2025-03-28 22:19:05+08:00,BACKTESTING.1027,fu2505.SHFE,MM,sell,3,1,3203.8,1,tick,7.0,3,5,5,3202.4096889752977,3202.0,3203.0,5
2025-03-28 22:19:54.500000+08:00,BACKTESTING.1029,fu2505.SHFE,MM,buy,1,1,3200.8,1,tick,3.0,3,5,5,3201.7610431594094,3201.0,3202.0,4
2025-03-28 22:19:54.500000+08:00,BACKTESTING.1030,fu2505.SHFE,MM,buy,2,1,3200.4000000000005,1,tick,5.0,3,5,5,3201.7610431594094,3201.0,3202.0,4
2025-03-28 22:19:54.500000+08:00,BACKTESTING.1031,fu2505.SHFE,MM,buy,3,1,3200.0000000000005,1,tick,7.0,3,5,5,3201.7610431594094,3201.0,3202.0,4
2025-03-28 22:19:54.500000+08:00,BACKTESTING.1032,fu2505.SHFE,MM,sell,1,1,3202.2000000000003,1,tick,3.0,3,5,5,3201.7610431594094,3201.0,3202.0,4
2025-03-28 22:19:54.500000+08:00,BACKTESTING.1033,fu2505.SHFE,MM,sell,2,1,3202.6000000000004,1,tick,5.0,3,5,5,3201.7610431594094,3201.0,3202.0,4
2025-03-28 22:19:54.500000+08:00,BACKTESTING.1034,fu2505.SHFE,MM,sell,3,1,3203.0000000000005,1,tick,7.0,3,5,5,3201.7610431594094,3201.0,3202.0,4
2025-03-28 22:28:20.500000+08:00,BACKTESTING.1035,fu2505.SHFE,MM,buy,1,1,3195.8,1,tick,3.0,3,5,5,3197.5568271764196,3196.0,3197.0,4
2025-03-28 22:28:20.500000+08:00,BACKTESTING.1036,fu2505.SHFE,MM,buy,2,1,3195.8,1,tick,5.0,3,5,5,3197.5568271764196,3196.0,3197.0,4
2025-03-28 22:28:20.500000+08:00,BACKTESTING.1037,fu2505.SHFE,MM,buy,3,1,3195.8,1,tick,7.0,3,5,5,3197.5568271764196,3196.0,3197.0,4
2025-03-28 22:28:20.500000+08:00,BACKTESTING.1038,fu2505.SHFE,MM,sell,1,1,3198.0000000000005,1,tick,3.0,3,5,5,3197.5568271764196,3196.0,3197.0,4
2025-03-28 22:28:20.500000+08:00,BACKTESTING.1039,fu2505.SHFE,MM,sell,2,1,3198.4000000000005,1,tick,5.0,3,5,5,3197.5568271764196,3196.0,3197.0,4
2025-03-28 22:28:20.500000+08:00,BACKTESTING.1040,fu2505.SHFE,MM,sell,3,1,3198.8,1,tick,7.0,3,5,5,3197.5568271764196,3196.0,3197.0,4
2025-03-28 22:28:38.500000+08:00,BACKTESTING.1042,fu2505.SHFE,MM,buy,1,1,3194.6000000000004,1,tick,3.0,3,5,5,3195.5969235404173,3195.0,3196.0,5
2025-03-28 22:28:38.500000+08:00,BACKTESTING.1043,fu2505.SHFE,MM,buy,2,1,3194.2000000000003,1,tick,5.0,3,5,5,3195.5969235404173,3195.0,3196.0,5
2025-03-28 22:28:38.500000+08:00,BACKTESTING.1044,fu2505.SHFE,MM,buy,3,1,3193.8,1,tick,7.0,3,5,5,3195.5969235404173,3195.0,3196.0,5
2025-03-28 22:28:38.500000+08:00,BACKTESTING.1045,fu2505.SHFE,MM,sell,1,1,3196.0000000000005,1,tick,3.0,3,5,5,3195.5969235404173,3195.0,3196.0,5
2025-03-28 22:28:38.500000+08:00,BACKTESTING.1046,fu2505.SHFE,MM,sell,2,1,3196.4000000000005,1,tick,5.0,3,5,5,3195.5969235404173,3195.0,3196.0,5
2025-03-28 22:28:38.500000+08:00,BACKTESTING.1047,fu2505.SHFE,MM,sell,3,1,3196.8,1,tick,7.0,3,5,5,3195.5969235404173,3195.0,3196.0,5
2025-03-28 22:30:03+08:00,BACKTESTING.1049,fu2505.SHFE,MM,buy,1,1,3193.8,1,tick,3.0,3,5,5,3194.8848876484176,3194.0,3195.0,4
2025-03-28 22:30:03+08:00,BACKTESTING.1050,fu2505.SHFE,MM,buy,2,1,3193.6000000000004,1,tick,5.0,3,5,5,3194.8848876484176,3194.0,3195.0,4
2025-03-28 22:30:03+08:00,BACKTESTING.1051,fu2505.SHFE,MM,buy,3,1,3193.2000000000003,1,tick,7.0,3,5,5,3194.8848876484176,3194.0,3195.0,4
2025-03-28 22:30:03+08:00,BACKTESTING.1052,fu2505.SHFE,MM,sell,1,1,3195.4000000000005,1,tick,3.0,3,5,5,3194.8848876484176,3194.0,3195.0,4
2025-03-28 22:30:03+08:00,BACKTESTING.1053,fu2505.SHFE,MM,sell,2,1,3195.8,1,tick,5.0,3,5,5,3194.8848876484176,3194.0,3195.0,4
2025-03-28 22:30:03+08:00,BACKTESTING.1054,fu2505.SHFE,MM,sell,3,1,3196.2000000000003,1,tick,7.0,3,5,5,3194.8848876484176,3194.0,3195.0,4
2025-03-28 22:31:45+08:00,BACKTESTING.1055,fu2505.SHFE,MM,buy,1,1,3189.8,1,tick,3.0,3,5,5,3190.7779929284907,3190.0,3191.0,4
2025-03-28 22:31:45+08:00,BACKTESTING.1056,fu2505.SHFE,MM,buy,2,1,3189.4000000000005,1,tick,5.0,3,5,5,3190.7779929284907,3190.0,3191.0,4
2025-03-28 22:31:45+08:00,BACKTESTING.1057,fu2505.SHFE,MM,buy,3,1,3189.0000000000005,1,tick,7.0,3,5,5,3190.7779929284907,3190.0,3191.0,4
2025-03-28 22:31:45+08:00,BACKTESTING.1058,fu2505.SHFE,MM,sell,1,1,3191.2000000000003,1,tick,3.0,3,5,5,3190.7779929284907,3190.0,3191.0,4
2025-03-28 22:31:45+08:00,BACKTESTING.1059,fu2505.SHFE,MM,sell,2,1,3191.6000000000004,1,tick,5.0,3,5,5,3190.7779929284907,3190.0,3191.0,4
2025-03-28 22:31:45+08:00,BACKTESTING.1060,fu2505.SHFE,MM,sell,3,1,3192.0000000000005,1,tick,7.0,3,5,5,3190.7779929284907,3190.0,3191.0,4
2025-03-28 22:32:19.500000+08:00,BACKTESTING.1062,fu2505.SHFE,MM,buy,1,1,3188.6000000000004,1,tick,3.0,3,5,5,3189.5057572280793,3189.0,3190.0,5
2025-03-28 22:32:19.500000+08:00,BACKTESTING.1063,fu2505.SHFE,MM,buy,2,1,3188.2000000000003,1,tick,5.0,3,5,5,3189.5057572280793,3189.0,3190.0,5
2025-03-28 22:32:19.500000+08:00,BACKTESTING.1064,fu2505.SHFE,MM,buy,3,1,3187.8,1,tick,7.0,3,5,5,3189.5057572280793,3189.0,3190.0,5
2025-03-28 22:32:19.500000+08:00,BACKTESTING.1065,fu2505.SHFE,MM,sell,1,1,3190.0000000000005,1,tick,3.0,3,5,5,3189.5057572280793,3189.0,3190.0,5
2025-03-28 22:32:19.500000+08:00,BACKTESTING.1066,fu2505.SHFE,MM,sell,2,1,3190.4000000000005,1,tick,5.0,3,5,5,3189.5057572280793,3189.0,3190.0,5
2025-03-28 22:32:19.500000+08:00,BACKTESTING.1067,fu2505.SHFE,MM,sell,3,1,3190.8,1,tick,7.0,3,5,5,3189.5057572280793,3189.0,3190.0,5
2025-03-28 22:33:24+08:00,BACKTESTING.1069,fu2505.SHFE,MM,buy,1,1,3187.8,1,tick,3.0,3,5,5,3188.6252501154568,3188.0,3189.0,4
2025-03-28 22:33:24+08:00,BACKTESTING.1070,fu2505.SHFE,MM,buy,2,1,3187.4000000000005,1,tick,5.0,3,5,5,3188.6252501154568,3188.0,3189.0,4
2025-03-28 22:33:24+08:00,BACKTESTING.1071,fu2505.SHFE,MM,buy,3,1,3187.0000000000005,1,tick,7.0,3,5,5,3188.6252501154568,3188.0,3189.0,4
2025-03-28 22:33:24+08:00,BACKTESTING.1072,fu2505.SHFE,MM,sell,1,1,3189.2000000000003,1,tick,3.0,3,5,5,3188.6252501154568,3188.0,3189.0,4
2025-03-28 22:33:24+08:00,BACKTESTING.1073,fu2505.SHFE,MM,sell,2,1,3189.6000000000004,1,tick,5.0,3,5,5,3188.6252501154568,3188.0,3189.0,4
2025-03-28 22:33:24+08:00,BACKTESTING.1074,fu2505.SHFE,MM,sell,3,1,3190.0000000000005,1,tick,7.0,3,5,5,3188.6252501154568,3188.0,3189.0,4
2025-03-28 22:36:36+08:00,BACKTESTING.1075,fu2505.SHFE,MM,buy,1,1,3191.4,1,tick,3.0,3,5,5,3192.17175099157,3193.0,3194.0,1
2025-03-28 22:36:36+08:00,BACKTESTING.1076,fu2505.SHFE,MM,buy,2,1,3191.0,1,tick,5.0,3,5,5,3192.17175099157,3193.0,3194.0,1
2025-03-28 22:36:36+08:00,BACKTESTING.1077,fu2505.SHFE,MM,buy,3,1,3190.6000000000004,1,tick,7.0,3,5,5,3192.17175099157,3193.0,3194.0,1
2025-03-28 22:36:36+08:00,BACKTESTING.1078,fu2505.SHFE,MM,sell,1,1,3194.0,1,tick,3.0,3,5,5,3192.17175099157,3193.0,3194.0,1
2025-03-28 22:36:36+08:00,BACKTESTING.1079,fu2505.SHFE,MM,sell,2,1,3194.0,1,tick,5.0,3,5,5,3192.17175099157,3193.0,3194.0,1
2025-03-28 22:36:36+08:00,BACKTESTING.1080,fu2505.SHFE,MM,sell,3,1,3194.0,1,tick,7.0,3,5,5,3192.17175099157,3193.0,3194.0,1
2025-03-28 22:43:57+08:00,BACKTESTING.1081,fu2505.SHFE,MM,buy,1,1,3195.6000000000004,1,tick,3.0,3,5,5,3196.2143746538063,3196.0,3197.0,1
2025-03-28 22:43:57+08:00,BACKTESTING.1082,fu2505.SHFE,MM,buy,2,1,3195.2000000000003,1,tick,5.0,3,5,5,3196.2143746538063,3196.0,3197.0,1
2025-03-28 22:43:57+08:00,BACKTESTING.1083,fu2505.SHFE,MM,buy,3,1,3194.8,1,tick,7.0,3,5,5,3196.2143746538063,3196.0,3197.0,1
2025-03-28 22:43:57+08:00,BACKTESTING.1084,fu2505.SHFE,MM,sell,1,1,3197.0,1,tick,3.0,3,5,5,3196.2143746538063,3196.0,3197.0,1
2025-03-28 22:43:57+08:00,BACKTESTING.1085,fu2505.SHFE,MM,sell,2,1,3197.4,1,tick,5.0,3,5,5,3196.2143746538063,3196.0,3197.0,1
2025-03-28 22:43:57+08:00,BACKTESTING.1086,fu2505.SHFE,MM,sell,3,1,3197.8,1,tick,7.0,3,5,5,3196.2143746538063,3196.0,3197.0,1
2025-03-31 08:59:00.500000+08:00,BACKTESTING.1087,fu2505.SHFE,MM,buy,1,1,3175.0,1,tick,3.0,3,5,5,3190.7887148485256,3175.0,3176.0,1
2025-03-31 08:59:00.500000+08:00,BACKTESTING.1088,fu2505.SHFE,MM,buy,2,1,3175.0,1,tick,5.0,3,5,5,3190.7887148485256,3175.0,3176.0,1
2025-03-31 08:59:00.500000+08:00,BACKTESTING.1089,fu2505.SHFE,MM,buy,3,1,3175.0,1,tick,7.0,3,5,5,3190.7887148485256,3175.0,3176.0,1
2025-03-31 08:59:00.500000+08:00,BACKTESTING.1090,fu2505.SHFE,MM,sell,1,1,3191.4,1,tick,3.0,3,5,5,3190.7887148485256,3175.0,3176.0,1
2025-03-31 08:59:00.500000+08:00,BACKTESTING.1091,fu2505.SHFE,MM,sell,2,1,3191.8,1,tick,5.0,3,5,5,3190.7887148485256,3175.0,3176.0,1
2025-03-31 08:59:00.500000+08:00,BACKTESTING.1092,fu2505.SHFE,MM,sell,3,1,3192.2000000000003,1,tick,7.0,3,5,5,3190.7887148485256,3175.0,3176.0,1
2025-03-31 09:00:01+08:00,BACKTESTING.1093,fu2505.SHFE,MM,buy,1,1,3170.8,1,tick,3.0,3,5,5,3184.1071747502274,3171.0,3173.0,4
2025-03-31 09:00:01+08:00,BACKTESTING.1094,fu2505.SHFE,MM,buy,2,1,3170.8,1,tick,5.0,3,5,5,3184.1071747502274,3171.0,3173.0,4
2025-03-31 09:00:01+08:00,BACKTESTING.1095,fu2505.SHFE,MM,buy,3,1,3170.8,1,tick,7.0,3,5,5,3184.1071747502274,3171.0,3173.0,4
2025-03-31 09:00:01+08:00,BACKTESTING.1096,fu2505.SHFE,MM,sell,1,1,3184.6000000000004,1,tick,3.0,3,5,5,3184.1071747502274,3171.0,3173.0,4
2025-03-31 09:00:01+08:00,BACKTESTING.1097,fu2505.SHFE,MM,sell,2,1,3185.0000000000005,1,tick,5.0,3,5,5,3184.1071747502274,3171.0,3173.0,4
2025-03-31 09:00:01+08:00,BACKTESTING.1098,fu2505.SHFE,MM,sell,3,1,3185.4000000000005,1,tick,7.0,3,5,5,3184.1071747502274,3171.0,3173.0,4
2025-03-31 09:00:06+08:00,BACKTESTING.1099,fu2505.SHFE,MM,buy,1,1,3178.8,1,tick,3.0,3,5,5,3179.696455482505,3179.0,3180.0,4
2025-03-31 09:00:06+08:00,BACKTESTING.1100,fu2505.SHFE,MM,buy,2,1,3178.4000000000005,1,tick,5.0,3,5,5,3179.696455482505,3179.0,3180.0,4
2025-03-31 09:00:06+08:00,BACKTESTING.1101,fu2505.SHFE,MM,buy,3,1,3178.0000000000005,1,tick,7.0,3,5,5,3179.696455482505,3179.0,3180.0,4
2025-03-31 09:00:06+08:00,BACKTESTING.1102,fu2505.SHFE,MM,sell,1,1,3180.2000000000003,1,tick,3.0,3,5,5,3179.696455482505,3179.0,3180.0,4
2025-03-31 09:00:06+08:00,BACKTESTING.1103,fu2505.SHFE,MM,sell,2,1,3180.6000000000004,1,tick,5.0,3,5,5,3179.696455482505,3179.0,3180.0,4
2025-03-31 09:00:06+08:00,BACKTESTING.1104,fu2505.SHFE,MM,sell,3,1,3181.0000000000005,1,tick,7.0,3,5,5,3179.696455482505,3179.0,3180.0,4
2025-03-31 09:00:09.500000+08:00,BACKTESTING.1106,fu2505.SHFE,MM,buy,1,1,3177.8,1,tick,3.0,3,5,5,3179.2360619275314,3178.0,3179.0,5
2025-03-31 09:00:09.500000+08:00,BACKTESTING.1107,fu2505.SHFE,MM,buy,2,1,3177.8,1,tick,5.0,3,5,5,3179.2360619275314,3178.0,3179.0,5
2025-03-31 09:00:09.500000+08:00,BACKTESTING.1108,fu2505.SHFE,MM,buy,3,1,3177.6000000000004,1,tick,7.0,3,5,5,3179.2360619275314,3178.0,3179.0,5
2025-03-31 09:00:09.500000+08:00,BACKTESTING.1109,fu2505.SHFE,MM,sell,1,1,3179.8,1,tick,3.0,3,5,5,3179.2360619275314,3178.0,3179.0,5
2025-03-31 09:00:09.500000+08:00,BACKTESTING.1110,fu2505.SHFE,MM,sell,2,1,3180.2000000000003,1,tick,5.0,3,5,5,3179.2360619275314,3178.0,3179.0,5
2025-03-31 09:00:09.500000+08:00,BACKTESTING.1111,fu2505.SHFE,MM,sell,3,1,3180.6000000000004,1,tick,7.0,3,5,5,3179.2360619275314,3178.0,3179.0,5
2025-03-31 09:00:15.500000+08:00,BACKTESTING.1114,fu2505.SHFE,MM,buy,1,1,3176.8,1,tick,3.0,3,5,5,3177.7104953513467,3177.0,3178.0,4
2025-03-31 09:00:15.500000+08:00,BACKTESTING.1115,fu2505.SHFE,MM,buy,2,1,3176.4000000000005,1,tick,5.0,3,5,5,3177.7104953513467,3177.0,3178.0,4
2025-03-31 09:00:15.500000+08:00,BACKTESTING.1116,fu2505.SHFE,MM,buy,3,1,3176.0000000000005,1,tick,7.0,3,5,5,3177.7104953513467,3177.0,3178.0,4
2025-03-31 09:00:15.500000+08:00,BACKTESTING.1117,fu2505.SHFE,MM,sell,1,1,3178.2000000000003,1,tick,3.0,3,5,5,3177.7104953513467,3177.0,3178.0,4
2025-03-31 09:00:15.500000+08:00,BACKTESTING.1118,fu2505.SHFE,MM,sell,2,1,3178.6000000000004,1,tick,5.0,3,5,5,3177.7104953513467,3177.0,3178.0,4
2025-03-31 09:00:15.500000+08:00,BACKTESTING.1119,fu2505.SHFE,MM,sell,3,1,3179.0000000000005,1,tick,7.0,3,5,5,3177.7104953513467,3177.0,3178.0,4
2025-03-31 09:01:07+08:00,BACKTESTING.1120,fu2505.SHFE,MM,buy,1,1,3179.8,1,tick,3.0,3,5,5,3180.468686832943,3182.0,3183.0,1
2025-03-31 09:01:07+08:00,BACKTESTING.1121,fu2505.SHFE,MM,buy,2,1,3179.4,1,tick,5.0,3,5,5,3180.468686832943,3182.0,3183.0,1
2025-03-31 09:01:07+08:00,BACKTESTING.1122,fu2505.SHFE,MM,buy,3,1,3179.0,1,tick,7.0,3,5,5,3180.468686832943,3182.0,3183.0,1
2025-03-31 09:01:07+08:00,BACKTESTING.1123,fu2505.SHFE,MM,sell,1,1,3183.0,1,tick,3.0,3,5,5,3180.468686832943,3182.0,3183.0,1
2025-03-31 09:01:07+08:00,BACKTESTING.1124,fu2505.SHFE,MM,sell,2,1,3183.0,1,tick,5.0,3,5,5,3180.468686832943,3182.0,3183.0,1
2025-03-31 09:01:07+08:00,BACKTESTING.1125,fu2505.SHFE,MM,sell,3,1,3183.0,1,tick,7.0,3,5,5,3180.468686832943,3182.0,3183.0,1
2025-03-31 09:01:17.500000+08:00,BACKTESTING.1126,fu2505.SHFE,MM,buy,1,1,3184.0,1,tick,3.0,3,5,5,3184.6122074130103,3185.0,3186.0,-2
2025-03-31 09:01:17.500000+08:00,BACKTESTING.1127,fu2505.SHFE,MM,buy,2,1,3183.6000000000004,1,tick,5.0,3,5,5,3184.6122074130103,3185.0,3186.0,-2
2025-03-31 09:01:17.500000+08:00,BACKTESTING.1128,fu2505.SHFE,MM,buy,3,1,3183.2000000000003,1,tick,7.0,3,5,5,3184.6122074130103,3185.0,3186.0,-2
2025-03-31 09:01:17.500000+08:00,BACKTESTING.1129,fu2505.SHFE,MM,sell,1,1,3186.0,1,tick,3.0,3,5,5,3184.6122074130103,3185.0,3186.0,-2
2025-03-31 09:01:17.500000+08:00,BACKTESTING.1130,fu2505.SHFE,MM,sell,2,1,3186.0,1,tick,5.0,3,5,5,3184.6122074130103,3185.0,3186.0,-2
2025-03-31 09:01:17.500000+08:00,BACKTESTING.1131,fu2505.SHFE,MM,sell,3,1,3186.2000000000003,1,tick,7.0,3,5,5,3184.6122074130103,3185.0,3186.0,-2
2025-03-31 09:01:42+08:00,BACKTESTING.1132,fu2505.SHFE,MM,buy,1,1,3187.8,1,tick,3.0,3,5,5,3188.3988521672245,3189.0,3190.0,-5
2025-03-31 09:01:42+08:00,BACKTESTING.1133,fu2505.SHFE,MM,buy,2,1,3187.4,1,tick,5.0,3,5,5,3188.3988521672245,3189.0,3190.0,-5
2025-03-31 09:01:42+08:00,BACKTESTING.1134,fu2505.SHFE,MM,buy,3,1,3187.0,1,tick,7.0,3,5,5,3188.3988521672245,3189.0,3190.0,-5
2025-03-31 09:01:42+08:00,BACKTESTING.1135,fu2505.SHFE,MM,sell,1,1,3190.2,1,tick,3.0,3,5,5,3188.3988521672245,3189.0,3190.0,-5
2025-03-31 09:01:42+08:00,BACKTESTING.1136,fu2505.SHFE,MM,sell,2,1,3190.2,1,tick,5.0,3,5,5,3188.3988521672245,3189.0,3190.0,-5
2025-03-31 09:01:42+08:00,BACKTESTING.1137,fu2505.SHFE,MM,sell,3,1,3190.2,1,tick,7.0,3,5,5,3188.3988521672245,3189.0,3190.0,-5
2025-03-31 09:02:21.500000+08:00,BACKTESTING.1138,fu2505.SHFE,MM,buy,1,1,3184.0,1,tick,3.0,3,5,5,3185.3679358246213,3184.0,3185.0,-2
2025-03-31 09:02:21.500000+08:00,BACKTESTING.1139,fu2505.SHFE,MM,buy,2,1,3184.0,1,tick,5.0,3,5,5,3185.3679358246213,3184.0,3185.0,-2
2025-03-31 09:02:21.500000+08:00,BACKTESTING.1140,fu2505.SHFE,MM,buy,3,1,3183.8,1,tick,7.0,3,5,5,3185.3679358246213,3184.0,3185.0,-2
2025-03-31 09:02:21.500000+08:00,BACKTESTING.1141,fu2505.SHFE,MM,sell,1,1,3186.0,1,tick,3.0,3,5,5,3185.3679358246213,3184.0,3185.0,-2
2025-03-31 09:02:21.500000+08:00,BACKTESTING.1142,fu2505.SHFE,MM,sell,2,1,3186.4,1,tick,5.0,3,5,5,3185.3679358246213,3184.0,3185.0,-2
2025-03-31 09:02:21.500000+08:00,BACKTESTING.1143,fu2505.SHFE,MM,sell,3,1,3186.8,1,tick,7.0,3,5,5,3185.3679358246213,3184.0,3185.0,-2
2025-03-31 09:02:50.500000+08:00,BACKTESTING.1144,fu2505.SHFE,MM,buy,1,1,3187.6,1,tick,3.0,3,5,5,3188.011626045539,3189.0,3190.0,-5
2025-03-31 09:02:50.500000+08:00,BACKTESTING.1145,fu2505.SHFE,MM,buy,2,1,3187.2,1,tick,5.0,3,5,5,3188.011626045539,3189.0,3190.0,-5
2025-03-31 09:02:50.500000+08:00,BACKTESTING.1146,fu2505.SHFE,MM,buy,3,1,3186.8,1,tick,7.0,3,5,5,3188.011626045539,3189.0,3190.0,-5
2025-03-31 09:02:50.500000+08:00,BACKTESTING.1147,fu2505.SHFE,MM,sell,1,1,3190.2,1,tick,3.0,3,5,5,3188.011626045539,3189.0,3190.0,-5
2025-03-31 09:02:50.500000+08:00,BACKTESTING.1148,fu2505.SHFE,MM,sell,2,1,3190.2,1,tick,5.0,3,5,5,3188.011626045539,3189.0,3190.0,-5
2025-03-31 09:02:50.500000+08:00,BACKTESTING.1149,fu2505.SHFE,MM,sell,3,1,3190.2,1,tick,7.0,3,5,5,3188.011626045539,3189.0,3190.0,-5
2025-03-31 09:05:10.500000+08:00,BACKTESTING.1152,fu2505.SHFE,MM,buy,1,1,3190.0,1,tick,3.0,3,5,5,3190.6848299837966,3190.0,3191.0,-4
2025-03-31 09:05:10.500000+08:00,BACKTESTING.1153,fu2505.SHFE,MM,buy,2,1,3189.8,1,tick,5.0,3,5,5,3190.6848299837966,3190.0,3191.0,-4
2025-03-31 09:05:10.500000+08:00,BACKTESTING.1154,fu2505.SHFE,MM,buy,3,1,3189.4,1,tick,7.0,3,5,5,3190.6848299837966,3190.0,3191.0,-4
2025-03-31 09:05:10.500000+08:00,BACKTESTING.1155,fu2505.SHFE,MM,sell,1,1,3191.6,1,tick,3.0,3,5,5,3190.6848299837966,3190.0,3191.0,-4
2025-03-31 09:05:10.500000+08:00,BACKTESTING.1156,fu2505.SHFE,MM,sell,2,1,3192.0,1,tick,5.0,3,5,5,3190.6848299837966,3190.0,3191.0,-4
2025-03-31 09:05:10.500000+08:00,BACKTESTING.1157,fu2505.SHFE,MM,sell,3,1,3192.4,1,tick,7.0,3,5,5,3190.6848299837966,3190.0,3191.0,-4
2025-03-31 09:06:03.500000+08:00,BACKTESTING.1159,fu2505.SHFE,MM,buy,1,1,3191.0,1,tick,3.0,3,5,5,3191.459450434617,3191.0,3192.0,-4
2025-03-31 09:06:03.500000+08:00,BACKTESTING.1160,fu2505.SHFE,MM,buy,2,1,3190.6,1,tick,5.0,3,5,5,3191.459450434617,3191.0,3192.0,-4
2025-03-31 09:06:03.500000+08:00,BACKTESTING.1161,fu2505.SHFE,MM,buy,3,1,3190.2,1,tick,7.0,3,5,5,3191.459450434617,3191.0,3192.0,-4
2025-03-31 09:06:03.500000+08:00,BACKTESTING.1162,fu2505.SHFE,MM,sell,1,1,3192.4,1,tick,3.0,3,5,5,3191.459450434617,3191.0,3192.0,-4
2025-03-31 09:06:03.500000+08:00,BACKTESTING.1163,fu2505.SHFE,MM,sell,2,1,3192.8,1,tick,5.0,3,5,5,3191.459450434617,3191.0,3192.0,-4
2025-03-31 09:06:03.500000+08:00,BACKTESTING.1164,fu2505.SHFE,MM,sell,3,1,3193.2,1,tick,7.0,3,5,5,3191.459450434617,3191.0,3192.0,-4
2025-03-31 09:09:55+08:00,BACKTESTING.1165,fu2505.SHFE,MM,buy,1,1,3186.8,1,tick,3.0,3,5,5,3187.58610551549,3187.0,3188.0,-1
2025-03-31 09:09:55+08:00,BACKTESTING.1166,fu2505.SHFE,MM,buy,2,1,3186.4,1,tick,5.0,3,5,5,3187.58610551549,3187.0,3188.0,-1
2025-03-31 09:09:55+08:00,BACKTESTING.1167,fu2505.SHFE,MM,buy,3,1,3186.0,1,tick,7.0,3,5,5,3187.58610551549,3187.0,3188.0,-1
2025-03-31 09:09:55+08:00,BACKTESTING.1168,fu2505.SHFE,MM,sell,1,1,3188.2000000000003,1,tick,3.0,3,5,5,3187.58610551549,3187.0,3188.0,-1
2025-03-31 09:09:55+08:00,BACKTESTING.1169,fu2505.SHFE,MM,sell,2,1,3188.6000000000004,1,tick,5.0,3,5,5,3187.58610551549,3187.0,3188.0,-1
2025-03-31 09:09:55+08:00,BACKTESTING.1170,fu2505.SHFE,MM,sell,3,1,3189.0,1,tick,7.0,3,5,5,3187.58610551549,3187.0,3188.0,-1
2025-03-31 09:11:23+08:00,BACKTESTING.1171,fu2505.SHFE,MM,buy,1,1,3182.0,1,tick,3.0,3,5,5,3183.386879576185,3182.0,3183.0,2
2025-03-31 09:11:23+08:00,BACKTESTING.1172,fu2505.SHFE,MM,buy,2,1,3182.0,1,tick,5.0,3,5,5,3183.386879576185,3182.0,3183.0,2
2025-03-31 09:11:23+08:00,BACKTESTING.1173,fu2505.SHFE,MM,buy,3,1,3181.8,1,tick,7.0,3,5,5,3183.386879576185,3182.0,3183.0,2
2025-03-31 09:11:23+08:00,BACKTESTING.1174,fu2505.SHFE,MM,sell,1,1,3184.0,1,tick,3.0,3,5,5,3183.386879576185,3182.0,3183.0,2
2025-03-31 09:11:23+08:00,BACKTESTING.1175,fu2505.SHFE,MM,sell,2,1,3184.4,1,tick,5.0,3,5,5,3183.386879576185,3182.0,3183.0,2
2025-03-31 09:11:23+08:00,BACKTESTING.1176,fu2505.SHFE,MM,sell,3,1,3184.8,1,tick,7.0,3,5,5,3183.386879576185,3182.0,3183.0,2
2025-03-31 09:12:31.500000+08:00,BACKTESTING.1177,fu2505.SHFE,MM,buy,1,1,3186.2000000000003,1,tick,3.0,3,5,5,3186.9082510207754,3187.0,3188.0,-1
2025-03-31 09:12:31.500000+08:00,BACKTESTING.1178,fu2505.SHFE,MM,buy,2,1,3185.8,1,tick,5.0,3,5,5,3186.9082510207754,3187.0,3188.0,-1
2025-03-31 09:12:31.500000+08:00,BACKTESTING.1179,fu2505.SHFE,MM,buy,3,1,3185.4,1,tick,7.0,3,5,5,3186.9082510207754,3187.0,3188.0,-1
2025-03-31 09:12:31.500000+08:00,BACKTESTING.1180,fu2505.SHFE,MM,sell,1,1,3188.0,1,tick,3.0,3,5,5,3186.9082510207754,3187.0,3188.0,-1
2025-03-31 09:12:31.500000+08:00,BACKTESTING.1181,fu2505.SHFE,MM,sell,2,1,3188.0,1,tick,5.0,3,5,5,3186.9082510207754,3187.0,3188.0,-1
2025-03-31 09:12:31.500000+08:00,BACKTESTING.1182,fu2505.SHFE,MM,sell,3,1,3188.4,1,tick,7.0,3,5,5,3186.9082510207754,3187.0,3188.0,-1
2025-03-31 09:24:16.500000+08:00,BACKTESTING.1183,fu2505.SHFE,MM,buy,1,1,3190.2,1,tick,3.0,3,5,5,3190.6634572214184,3191.0,3192.0,-4
2025-03-31 09:24:16.500000+08:00,BACKTESTING.1184,fu2505.SHFE,MM,buy,2,1,3189.8,1,tick,5.0,3,5,5,3190.6634572214184,3191.0,3192.0,-4
2025-03-31 09:24:16.500000+08:00,BACKTESTING.1185,fu2505.SHFE,MM,buy,3,1,3189.4,1,tick,7.0,3,5,5,3190.6634572214184,3191.0,3192.0,-4
2025-03-31 09:24:16.500000+08:00,BACKTESTING.1186,fu2505.SHFE,MM,sell,1,1,3192.2,1,tick,3.0,3,5,5,3190.6634572214184,3191.0,3192.0,-4
2025-03-31 09:24:16.500000+08:00,BACKTESTING.1187,fu2505.SHFE,MM,sell,2,1,3192.2,1,tick,5.0,3,5,5,3190.6634572214184,3191.0,3192.0,-4
2025-03-31 09:24:16.500000+08:00,BACKTESTING.1188,fu2505.SHFE,MM,sell,3,1,3192.4,1,tick,7.0,3,5,5,3190.6634572214184,3191.0,3192.0,-4
2025-03-31 10:07:37.500000+08:00,BACKTESTING.1190,fu2505.SHFE,MM,buy,1,1,3191.8,1,tick,3.0,3,5,5,3192.3623612858637,3192.0,3193.0,-4
2025-03-31 10:07:37.500000+08:00,BACKTESTING.1191,fu2505.SHFE,MM,buy,2,1,3191.4,1,tick,5.0,3,5,5,3192.3623612858637,3192.0,3193.0,-4
2025-03-31 10:07:37.500000+08:00,BACKTESTING.1192,fu2505.SHFE,MM,buy,3,1,3191.0,1,tick,7.0,3,5,5,3192.3623612858637,3192.0,3193.0,-4
2025-03-31 10:07:37.500000+08:00,BACKTESTING.1193,fu2505.SHFE,MM,sell,1,1,3193.2,1,tick,3.0,3,5,5,3192.3623612858637,3192.0,3193.0,-4
2025-03-31 10:07:37.500000+08:00,BACKTESTING.1194,fu2505.SHFE,MM,sell,2,1,3193.6,1,tick,5.0,3,5,5,3192.3623612858637,3192.0,3193.0,-4
2025-03-31 10:07:37.500000+08:00,BACKTESTING.1195,fu2505.SHFE,MM,sell,3,1,3194.0,1,tick,7.0,3,5,5,3192.3623612858637,3192.0,3193.0,-4
2025-03-31 10:11:22.500000+08:00,BACKTESTING.1196,fu2505.SHFE,MM,buy,1,1,3187.0,1,tick,3.0,3,5,5,3188.606052640188,3187.0,3188.0,-1
2025-03-31 10:11:22.500000+08:00,BACKTESTING.1197,fu2505.SHFE,MM,buy,2,1,3187.0,1,tick,5.0,3,5,5,3188.606052640188,3187.0,3188.0,-1
2025-03-31 10:11:22.500000+08:00,BACKTESTING.1198,fu2505.SHFE,MM,buy,3,1,3187.0,1,tick,7.0,3,5,5,3188.606052640188,3187.0,3188.0,-1
2025-03-31 10:11:22.500000+08:00,BACKTESTING.1199,fu2505.SHFE,MM,sell,1,1,3189.4,1,tick,3.0,3,5,5,3188.606052640188,3187.0,3188.0,-1
2025-03-31 10:11:22.500000+08:00,BACKTESTING.1200,fu2505.SHFE,MM,sell,2,1,3189.8,1,tick,5.0,3,5,5,3188.606052640188,3187.0,3188.0,-1
2025-03-31 10:11:22.500000+08:00,BACKTESTING.1201,fu2505.SHFE,MM,sell,3,1,3190.2000000000003,1,tick,7.0,3,5,5,3188.606052640188,3187.0,3188.0,-1
2025-03-31 10:32:22+08:00,BACKTESTING.1202,fu2505.SHFE,MM,buy,1,1,3191.2000000000003,1,tick,3.0,3,5,5,3191.8368134224847,3192.0,3193.0,-1
2025-03-31 10:32:22+08:00,BACKTESTING.1203,fu2505.SHFE,MM,buy,2,1,3190.8,1,tick,5.0,3,5,5,3191.8368134224847,3192.0,3193.0,-1
2025-03-31 10:32:22+08:00,BACKTESTING.1204,fu2505.SHFE,MM,buy,3,1,3190.4,1,tick,7.0,3,5,5,3191.8368134224847,3192.0,3193.0,-1
2025-03-31 10:32:22+08:00,BACKTESTING.1205,fu2505.SHFE,MM,sell,1,1,3193.0,1,tick,3.0,3,5,5,3191.8368134224847,3192.0,3193.0,-1
2025-03-31 10:32:22+08:00,BACKTESTING.1206,fu2505.SHFE,MM,sell,2,1,3193.0,1,tick,5.0,3,5,5,3191.8368134224847,3192.0,3193.0,-1
2025-03-31 10:32:22+08:00,BACKTESTING.1207,fu2505.SHFE,MM,sell,3,1,3193.4,1,tick,7.0,3,5,5,3191.8368134224847,3192.0,3193.0,-1
2025-03-31 10:44:21.500000+08:00,BACKTESTING.1208,fu2505.SHFE,MM,buy,1,1,3187.0,1,tick,3.0,3,5,5,3188.315050051802,3187.0,3188.0,-1
2025-03-31 10:44:21.500000+08:00,BACKTESTING.1209,fu2505.SHFE,MM,buy,2,1,3187.0,1,tick,5.0,3,5,5,3188.315050051802,3187.0,3188.0,-1
2025-03-31 10:44:21.500000+08:00,BACKTESTING.1210,fu2505.SHFE,MM,buy,3,1,3186.8,1,tick,7.0,3,5,5,3188.315050051802,3187.0,3188.0,-1
2025-03-31 10:44:21.500000+08:00,BACKTESTING.1211,fu2505.SHFE,MM,sell,1,1,3189.0,1,tick,3.0,3,5,5,3188.315050051802,3187.0,3188.0,-1
2025-03-31 10:44:21.500000+08:00,BACKTESTING.1212,fu2505.SHFE,MM,sell,2,1,3189.4,1,tick,5.0,3,5,5,3188.315050051802,3187.0,3188.0,-1
2025-03-31 10:44:21.500000+08:00,BACKTESTING.1213,fu2505.SHFE,MM,sell,3,1,3189.8,1,tick,7.0,3,5,5,3188.315050051802,3187.0,3188.0,-1
2025-03-31 10:55:05.500000+08:00,BACKTESTING.1214,fu2505.SHFE,MM,buy,1,1,3191.2,1,tick,3.0,3,5,5,3191.717702378054,3192.0,3193.0,-4
2025-03-31 10:55:05.500000+08:00,BACKTESTING.1215,fu2505.SHFE,MM,buy,2,1,3190.8,1,tick,5.0,3,5,5,3191.717702378054,3192.0,3193.0,-4
2025-03-31 10:55:05.500000+08:00,BACKTESTING.1216,fu2505.SHFE,MM,buy,3,1,3190.4,1,tick,7.0,3,5,5,3191.717702378054,3192.0,3193.0,-4
2025-03-31 10:55:05.500000+08:00,BACKTESTING.1217,fu2505.SHFE,MM,sell,1,1,3193.2,1,tick,3.0,3,5,5,3191.717702378054,3192.0,3193.0,-4
2025-03-31 10:55:05.500000+08:00,BACKTESTING.1218,fu2505.SHFE,MM,sell,2,1,3193.2,1,tick,5.0,3,5,5,3191.717702378054,3192.0,3193.0,-4
2025-03-31 10:55:05.500000+08:00,BACKTESTING.1219,fu2505.SHFE,MM,sell,3,1,3193.4,1,tick,7.0,3,5,5,3191.717702378054,3192.0,3193.0,-4
2025-03-31 11:04:15+08:00,BACKTESTING.1221,fu2505.SHFE,MM,buy,1,1,3192.8,1,tick,3.0,3,5,5,3193.314912083322,3193.0,3194.0,-5
2025-03-31 11:04:15+08:00,BACKTESTING.1222,fu2505.SHFE,MM,buy,2,1,3192.4,1,tick,5.0,3,5,5,3193.314912083322,3193.0,3194.0,-5
2025-03-31 11:04:15+08:00,BACKTESTING.1223,fu2505.SHFE,MM,buy,3,1,3192.0,1,tick,7.0,3,5,5,3193.314912083322,3193.0,3194.0,-5
2025-03-31 11:04:15+08:00,BACKTESTING.1224,fu2505.SHFE,MM,sell,1,1,3194.2,1,tick,3.0,3,5,5,3193.314912083322,3193.0,3194.0,-5
2025-03-31 11:04:15+08:00,BACKTESTING.1225,fu2505.SHFE,MM,sell,2,1,3194.6,1,tick,5.0,3,5,5,3193.314912083322,3193.0,3194.0,-5
2025-03-31 11:04:15+08:00,BACKTESTING.1226,fu2505.SHFE,MM,sell,3,1,3195.0,1,tick,7.0,3,5,5,3193.314912083322,3193.0,3194.0,-5
2025-03-31 11:07:31.500000+08:00,BACKTESTING.1229,fu2505.SHFE,MM,buy,1,1,3194.0,1,tick,3.0,3,5,5,3194.6492679903126,3194.0,3195.0,-4
2025-03-31 11:07:31.500000+08:00,BACKTESTING.1230,fu2505.SHFE,MM,buy,2,1,3193.8,1,tick,5.0,3,5,5,3194.6492679903126,3194.0,3195.0,-4
2025-03-31 11:07:31.500000+08:00,BACKTESTING.1231,fu2505.SHFE,MM,buy,3,1,3193.4,1,tick,7.0,3,5,5,3194.6492679903126,3194.0,3195.0,-4
2025-03-31 11:07:31.500000+08:00,BACKTESTING.1232,fu2505.SHFE,MM,sell,1,1,3195.6,1,tick,3.0,3,5,5,3194.6492679903126,3194.0,3195.0,-4
2025-03-31 11:07:31.500000+08:00,BACKTESTING.1233,fu2505.SHFE,MM,sell,2,1,3196.0,1,tick,5.0,3,5,5,3194.6492679903126,3194.0,3195.0,-4
2025-03-31 11:07:31.500000+08:00,BACKTESTING.1234,fu2505.SHFE,MM,sell,3,1,3196.4,1,tick,7.0,3,5,5,3194.6492679903126,3194.0,3195.0,-4
2025-03-31 13:30:05+08:00,BACKTESTING.1235,fu2505.SHFE,MM,buy,1,1,3197.2,1,tick,3.0,3,5,5,3197.6653898353334,3199.0,3200.0,-4
2025-03-31 13:30:05+08:00,BACKTESTING.1236,fu2505.SHFE,MM,buy,2,1,3196.8,1,tick,5.0,3,5,5,3197.6653898353334,3199.0,3200.0,-4
2025-03-31 13:30:05+08:00,BACKTESTING.1237,fu2505.SHFE,MM,buy,3,1,3196.4,1,tick,7.0,3,5,5,3197.6653898353334,3199.0,3200.0,-4
2025-03-31 13:30:05+08:00,BACKTESTING.1238,fu2505.SHFE,MM,sell,1,1,3200.2,1,tick,3.0,3,5,5,3197.6653898353334,3199.0,3200.0,-4
2025-03-31 13:30:05+08:00,BACKTESTING.1239,fu2505.SHFE,MM,sell,2,1,3200.2,1,tick,5.0,3,5,5,3197.6653898353334,3199.0,3200.0,-4
2025-03-31 13:30:05+08:00,BACKTESTING.1240,fu2505.SHFE,MM,sell,3,1,3200.2,1,tick,7.0,3,5,5,3197.6653898353334,3199.0,3200.0,-4
2025-03-31 13:45:42+08:00,BACKTESTING.1241,fu2505.SHFE,MM,buy,1,1,3194.6000000000004,1,tick,3.0,3,5,5,3195.390997224475,3195.0,3196.0,-1
2025-03-31 13:45:42+08:00,BACKTESTING.1242,fu2505.SHFE,MM,buy,2,1,3194.2000000000003,1,tick,5.0,3,5,5,3195.390997224475,3195.0,3196.0,-1
2025-03-31 13:45:42+08:00,BACKTESTING.1243,fu2505.SHFE,MM,buy,3,1,3193.8,1,tick,7.0,3,5,5,3195.390997224475,3195.0,3196.0,-1
2025-03-31 13:45:42+08:00,BACKTESTING.1244,fu2505.SHFE,MM,sell,1,1,3196.0,1,tick,3.0,3,5,5,3195.390997224475,3195.0,3196.0,-1
2025-03-31 13:45:42+08:00,BACKTESTING.1245,fu2505.SHFE,MM,sell,2,1,3196.4,1,tick,5.0,3,5,5,3195.390997224475,3195.0,3196.0,-1
2025-03-31 13:45:42+08:00,BACKTESTING.1246,fu2505.SHFE,MM,sell,3,1,3196.8,1,tick,7.0,3,5,5,3195.390997224475,3195.0,3196.0,-1
2025-03-31 13:46:59.500000+08:00,BACKTESTING.1247,fu2505.SHFE,MM,buy,1,1,3198.2,1,tick,3.0,3,5,5,3198.6689443340547,3199.0,3200.0,-4
2025-03-31 13:46:59.500000+08:00,BACKTESTING.1248,fu2505.SHFE,MM,buy,2,1,3197.8,1,tick,5.0,3,5,5,3198.6689443340547,3199.0,3200.0,-4
2025-03-31 13:46:59.500000+08:00,BACKTESTING.1249,fu2505.SHFE,MM,buy,3,1,3197.4,1,tick,7.0,3,5,5,3198.6689443340547,3199.0,3200.0,-4
2025-03-31 13:46:59.500000+08:00,BACKTESTING.1250,fu2505.SHFE,MM,sell,1,1,3200.2,1,tick,3.0,3,5,5,3198.6689443340547,3199.0,3200.0,-4
2025-03-31 13:46:59.500000+08:00,BACKTESTING.1251,fu2505.SHFE,MM,sell,2,1,3200.2,1,tick,5.0,3,5,5,3198.6689443340547,3199.0,3200.0,-4
2025-03-31 13:46:59.500000+08:00,BACKTESTING.1252,fu2505.SHFE,MM,sell,3,1,3200.4,1,tick,7.0,3,5,5,3198.6689443340547,3199.0,3200.0,-4
2025-03-31 13:51:10.500000+08:00,BACKTESTING.1254,fu2505.SHFE,MM,buy,1,1,3200.0,1,tick,3.0,3,5,5,3200.616838762688,3200.0,3201.0,-4
2025-03-31 13:51:10.500000+08:00,BACKTESTING.1255,fu2505.SHFE,MM,buy,2,1,3199.8,1,tick,5.0,3,5,5,3200.616838762688,3200.0,3201.0,-4
2025-03-31 13:51:10.500000+08:00,BACKTESTING.1256,fu2505.SHFE,MM,buy,3,1,3199.4,1,tick,7.0,3,5,5,3200.616838762688,3200.0,3201.0,-4
2025-03-31 13:51:10.500000+08:00,BACKTESTING.1257,fu2505.SHFE,MM,sell,1,1,3201.6,1,tick,3.0,3,5,5,3200.616838762688,3200.0,3201.0,-4
2025-03-31 13:51:10.500000+08:00,BACKTESTING.1258,fu2505.SHFE,MM,sell,2,1,3202.0,1,tick,5.0,3,5,5,3200.616838762688,3200.0,3201.0,-4
2025-03-31 13:51:10.500000+08:00,BACKTESTING.1259,fu2505.SHFE,MM,sell,3,1,3202.4,1,tick,7.0,3,5,5,3200.616838762688,3200.0,3201.0,-4
2025-03-31 14:39:30+08:00,BACKTESTING.1261,fu2505.SHFE,MM,buy,1,1,3202.0,1,tick,3.0,3,5,5,3202.5887418342027,3202.0,3203.0,-4
2025-03-31 14:39:30+08:00,BACKTESTING.1262,fu2505.SHFE,MM,buy,2,1,3201.6,1,tick,5.0,3,5,5,3202.5887418342027,3202.0,3203.0,-4
2025-03-31 14:39:30+08:00,BACKTESTING.1263,fu2505.SHFE,MM,buy,3,1,3201.2,1,tick,7.0,3,5,5,3202.5887418342027,3202.0,3203.0,-4
2025-03-31 14:39:30+08:00,BACKTESTING.1264,fu2505.SHFE,MM,sell,1,1,3203.4,1,tick,3.0,3,5,5,3202.5887418342027,3202.0,3203.0,-4
2025-03-31 14:39:30+08:00,BACKTESTING.1265,fu2505.SHFE,MM,sell,2,1,3203.8,1,tick,5.0,3,5,5,3202.5887418342027,3202.0,3203.0,-4
2025-03-31 14:39:30+08:00,BACKTESTING.1266,fu2505.SHFE,MM,sell,3,1,3204.2,1,tick,7.0,3,5,5,3202.5887418342027,3202.0,3203.0,-4
2025-03-31 14:56:38.500000+08:00,BACKTESTING.1267,fu2505.SHFE,MM,buy,1,1,3206.2,1,tick,3.0,3,5,5,3206.691265434574,3207.0,3208.0,-4
2025-03-31 14:56:38.500000+08:00,BACKTESTING.1268,fu2505.SHFE,MM,buy,2,1,3205.8,1,tick,5.0,3,5,5,3206.691265434574,3207.0,3208.0,-4
2025-03-31 14:56:38.500000+08:00,BACKTESTING.1269,fu2505.SHFE,MM,buy,3,1,3205.4,1,tick,7.0,3,5,5,3206.691265434574,3207.0,3208.0,-4
2025-03-31 14:56:38.500000+08:00,BACKTESTING.1270,fu2505.SHFE,MM,sell,1,1,3208.2,1,tick,3.0,3,5,5,3206.691265434574,3207.0,3208.0,-4
2025-03-31 14:56:38.500000+08:00,BACKTESTING.1271,fu2505.SHFE,MM,sell,2,1,3208.2,1,tick,5.0,3,5,5,3206.691265434574,3207.0,3208.0,-4
2025-03-31 14:56:38.500000+08:00,BACKTESTING.1272,fu2505.SHFE,MM,sell,3,1,3208.4,1,tick,7.0,3,5,5,3206.691265434574,3207.0,3208.0,-4
