成交时间,订单编号,合约代码,成交方向,开平,成交价格,成交数量,报价方向,报价档位,拆单序号,挂单价格,挂单数量,报价模式,报价偏移,策略报价档数,定价使用深度,行情有效深度,基准价,买一价,卖一价,成交后持仓,成交计数
2025-03-03 09:00:00.500000+08:00,BACKTESTING.4,fu2505.SHFE,空,开,3291.0,1,sell,1,1,3290.0,1,tick,3.0,3,5,5,3289.3384269288454,3289.0,3290.0,-1,1
2025-03-03 09:00:00.500000+08:00,BACKTESTING.5,fu2505.SHFE,空,开,3291.0,1,sell,2,1,3290.4,1,tick,5.0,3,5,5,3289.3384269288454,3289.0,3290.0,-2,2
2025-03-03 09:00:00.500000+08:00,BACKTESTING.6,fu2505.SHFE,空,开,3291.0,1,sell,3,1,3290.8,1,tick,7.0,3,5,5,3289.3384269288454,3289.0,3290.0,-3,3
2025-03-03 09:00:02.500000+08:00,BACKTESTING.10,fu2505.SHFE,空,开,3296.0,1,sell,1,1,3295.2,1,tick,3.0,3,5,5,3290.937699275394,3293.0,3295.0,-4,4
2025-03-03 09:00:02.500000+08:00,BACKTESTING.11,fu2505.SHFE,空,开,3296.0,1,sell,2,1,3295.2,1,tick,5.0,3,5,5,3290.937699275394,3293.0,3295.0,-5,5
2025-03-03 09:00:02.500000+08:00,BACKTESTING.12,fu2505.SHFE,空,开,3296.0,1,sell,3,1,3295.2,1,tick,7.0,3,5,5,3290.937699275394,3293.0,3295.0,-6,6
2025-03-03 09:00:03+08:00,BACKTESTING.13,fu2505.SHFE,多,平,3296.0,2,,,,,,,,,,,,,,-4,7
2025-03-03 09:00:04+08:00,BACKTESTING.17,fu2505.SHFE,空,开,3298.0,1,sell,1,1,3296.2,1,tick,3.0,3,5,5,3293.2718704592344,3295.0,3296.0,-5,8
2025-03-03 09:00:04+08:00,BACKTESTING.18,fu2505.SHFE,空,开,3298.0,1,sell,2,1,3296.2,1,tick,5.0,3,5,5,3293.2718704592344,3295.0,3296.0,-6,9
2025-03-03 09:00:04+08:00,BACKTESTING.19,fu2505.SHFE,空,开,3298.0,1,sell,3,1,3296.2,1,tick,7.0,3,5,5,3293.2718704592344,3295.0,3296.0,-7,10
2025-03-03 09:00:06.500000+08:00,BACKTESTING.20,fu2505.SHFE,多,平,3297.0,2,,,,,,,,,,,,,,-5,11
2025-03-03 09:00:09.500000+08:00,BACKTESTING.24,fu2505.SHFE,空,开,3298.0,1,sell,1,1,3297.2,1,tick,3.0,3,5,5,3294.447854251146,3296.0,3297.0,-6,12
2025-03-03 09:00:09.500000+08:00,BACKTESTING.25,fu2505.SHFE,空,开,3298.0,1,sell,2,1,3297.2,1,tick,5.0,3,5,5,3294.447854251146,3296.0,3297.0,-7,13
2025-03-03 09:00:09.500000+08:00,BACKTESTING.26,fu2505.SHFE,空,开,3298.0,1,sell,3,1,3297.2,1,tick,7.0,3,5,5,3294.447854251146,3296.0,3297.0,-8,14
2025-03-03 09:00:17.500000+08:00,BACKTESTING.27,fu2505.SHFE,多,平,3298.0,2,,,,,,,,,,,,,,-6,15
2025-03-03 09:00:18+08:00,BACKTESTING.28,fu2505.SHFE,多,平,3298.0,2,,,,,,,,,,,,,,-4,16
2025-03-03 09:00:23.500000+08:00,BACKTESTING.32,fu2505.SHFE,空,开,3299.0,1,sell,1,1,3298.2,1,tick,3.0,3,5,5,3295.8511717683677,3297.0,3298.0,-5,17
2025-03-03 09:00:23.500000+08:00,BACKTESTING.33,fu2505.SHFE,空,开,3299.0,1,sell,2,1,3298.2,1,tick,5.0,3,5,5,3295.8511717683677,3297.0,3298.0,-6,18
2025-03-03 09:00:23.500000+08:00,BACKTESTING.34,fu2505.SHFE,空,开,3299.0,1,sell,3,1,3298.2,1,tick,7.0,3,5,5,3295.8511717683677,3297.0,3298.0,-7,19
2025-03-03 09:00:29.500000+08:00,BACKTESTING.35,fu2505.SHFE,多,平,3299.0,2,,,,,,,,,,,,,,-5,20
2025-03-03 09:00:32+08:00,BACKTESTING.39,fu2505.SHFE,空,开,3300.0,1,sell,1,1,3299.2,1,tick,3.0,3,5,5,3297.9030126318644,3298.0,3299.0,-6,21
2025-03-03 09:00:32+08:00,BACKTESTING.40,fu2505.SHFE,空,开,3300.0,1,sell,2,1,3299.2,1,tick,5.0,3,5,5,3297.9030126318644,3298.0,3299.0,-7,22
2025-03-03 09:00:32+08:00,BACKTESTING.41,fu2505.SHFE,空,开,3300.0,1,sell,3,1,3299.6,1,tick,7.0,3,5,5,3297.9030126318644,3298.0,3299.0,-8,23
2025-03-03 09:00:33+08:00,BACKTESTING.42,fu2505.SHFE,多,平,3300.0,2,,,,,,,,,,,,,,-6,24
2025-03-03 09:00:33.500000+08:00,BACKTESTING.43,fu2505.SHFE,多,平,3300.0,2,,,,,,,,,,,,,,-4,25
2025-03-03 09:00:47.500000+08:00,BACKTESTING.44,fu2505.SHFE,多,开,3298.0,1,buy,1,1,3298.0,1,tick,3.0,3,5,5,3298.571714917626,3298.0,3300.0,-3,26
2025-03-03 09:00:54.500000+08:00,BACKTESTING.47,fu2505.SHFE,空,开,3301.0,1,sell,1,1,3300.2,1,tick,3.0,3,5,5,3298.571714917626,3298.0,3300.0,-4,27
2025-03-03 09:00:54.500000+08:00,BACKTESTING.48,fu2505.SHFE,空,开,3301.0,1,sell,2,1,3300.2,1,tick,5.0,3,5,5,3298.571714917626,3298.0,3300.0,-5,28
2025-03-03 09:00:54.500000+08:00,BACKTESTING.49,fu2505.SHFE,空,开,3301.0,1,sell,3,1,3300.2,1,tick,7.0,3,5,5,3298.571714917626,3298.0,3300.0,-6,29
2025-03-03 09:00:55+08:00,BACKTESTING.50,fu2505.SHFE,多,平,3301.0,2,,,,,,,,,,,,,,-4,30
2025-03-03 09:01:12.500000+08:00,BACKTESTING.51,fu2505.SHFE,多,开,3299.0,1,buy,1,1,3299.6,1,tick,3.0,3,5,5,3300.0033089730987,3300.0,3301.0,-3,31
2025-03-03 09:01:12.500000+08:00,BACKTESTING.52,fu2505.SHFE,多,开,3299.0,1,buy,2,1,3299.2,1,tick,5.0,3,5,5,3300.0033089730987,3300.0,3301.0,-2,32
2025-03-03 09:01:16+08:00,BACKTESTING.53,fu2505.SHFE,多,开,3298.0,1,buy,3,1,3298.8,1,tick,7.0,3,5,5,3300.0033089730987,3300.0,3301.0,-1,33
2025-03-03 09:03:12.500000+08:00,BACKTESTING.54,fu2505.SHFE,空,开,3302.0,1,sell,1,1,3301.2,1,tick,3.0,3,5,5,3300.0033089730987,3300.0,3301.0,-2,34
2025-03-03 09:03:12.500000+08:00,BACKTESTING.55,fu2505.SHFE,空,开,3302.0,1,sell,2,1,3301.4,1,tick,5.0,3,5,5,3300.0033089730987,3300.0,3301.0,-3,35
2025-03-03 09:03:12.500000+08:00,BACKTESTING.56,fu2505.SHFE,空,开,3302.0,1,sell,3,1,3301.8,1,tick,7.0,3,5,5,3300.0033089730987,3300.0,3301.0,-4,36
2025-03-03 09:09:19+08:00,BACKTESTING.60,fu2505.SHFE,空,开,3298.0,1,sell,1,1,3297.2,1,tick,3.0,3,5,5,3296.2603047287253,3295.0,3296.0,-5,37
2025-03-03 09:09:19+08:00,BACKTESTING.61,fu2505.SHFE,空,开,3298.0,1,sell,2,1,3297.6,1,tick,5.0,3,5,5,3296.2603047287253,3295.0,3296.0,-6,38
2025-03-03 09:09:19+08:00,BACKTESTING.62,fu2505.SHFE,空,开,3298.0,1,sell,3,1,3298.0,1,tick,7.0,3,5,5,3296.2603047287253,3295.0,3296.0,-7,39
2025-03-03 09:09:31+08:00,BACKTESTING.63,fu2505.SHFE,多,平,3298.0,2,,,,,,,,,,,,,,-5,40
2025-03-03 09:10:24+08:00,BACKTESTING.67,fu2505.SHFE,空,开,3299.0,1,sell,1,1,3298.2,1,tick,3.0,3,5,5,3297.3211945420417,3297.0,3298.0,-6,41
2025-03-03 09:10:24+08:00,BACKTESTING.68,fu2505.SHFE,空,开,3299.0,1,sell,2,1,3298.6,1,tick,5.0,3,5,5,3297.3211945420417,3297.0,3298.0,-7,42
2025-03-03 09:10:24+08:00,BACKTESTING.69,fu2505.SHFE,空,开,3299.0,1,sell,3,1,3299.0,1,tick,7.0,3,5,5,3297.3211945420417,3297.0,3298.0,-8,43
2025-03-03 09:10:26.500000+08:00,BACKTESTING.70,fu2505.SHFE,多,平,3299.0,2,,,,,,,,,,,,,,-6,44
2025-03-03 09:10:27+08:00,BACKTESTING.71,fu2505.SHFE,多,平,3299.0,2,,,,,,,,,,,,,,-4,45
2025-03-03 09:12:01.500000+08:00,BACKTESTING.75,fu2505.SHFE,空,开,3300.0,1,sell,1,1,3299.2,1,tick,3.0,3,5,5,3298.2853296066614,3298.0,3299.0,-5,46
2025-03-03 09:12:01.500000+08:00,BACKTESTING.76,fu2505.SHFE,空,开,3300.0,1,sell,2,1,3299.6,1,tick,5.0,3,5,5,3298.2853296066614,3298.0,3299.0,-6,47
2025-03-03 09:12:01.500000+08:00,BACKTESTING.77,fu2505.SHFE,空,开,3300.0,1,sell,3,1,3300.0,1,tick,7.0,3,5,5,3298.2853296066614,3298.0,3299.0,-7,48
2025-03-03 09:12:03.500000+08:00,BACKTESTING.78,fu2505.SHFE,多,平,3300.0,2,,,,,,,,,,,,,,-5,49
2025-03-03 09:16:01+08:00,BACKTESTING.79,fu2505.SHFE,多,开,3298.0,1,buy,1,1,3298.8,1,tick,3.0,3,5,5,3299.334806783816,3299.0,3300.0,-4,50
2025-03-03 09:16:01+08:00,BACKTESTING.80,fu2505.SHFE,多,开,3298.0,1,buy,2,1,3298.4,1,tick,5.0,3,5,5,3299.334806783816,3299.0,3300.0,-3,51
2025-03-03 09:16:01+08:00,BACKTESTING.81,fu2505.SHFE,多,开,3298.0,1,buy,3,1,3298.0,1,tick,7.0,3,5,5,3299.334806783816,3299.0,3300.0,-2,52
2025-03-03 09:17:48.500000+08:00,BACKTESTING.82,fu2505.SHFE,空,开,3301.0,1,sell,1,1,3300.2,1,tick,3.0,3,5,5,3299.334806783816,3299.0,3300.0,-3,53
2025-03-03 09:17:48.500000+08:00,BACKTESTING.83,fu2505.SHFE,空,开,3301.0,1,sell,2,1,3300.6,1,tick,5.0,3,5,5,3299.334806783816,3299.0,3300.0,-4,54
2025-03-03 09:17:48.500000+08:00,BACKTESTING.84,fu2505.SHFE,空,开,3301.0,1,sell,3,1,3301.0,1,tick,7.0,3,5,5,3299.334806783816,3299.0,3300.0,-5,55
2025-03-03 09:19:16+08:00,BACKTESTING.88,fu2505.SHFE,空,开,3305.0,1,sell,1,1,3304.4,1,tick,3.0,3,5,5,3303.4368144822583,3303.0,3304.0,-6,56
2025-03-03 09:19:16+08:00,BACKTESTING.89,fu2505.SHFE,空,开,3305.0,1,sell,2,1,3304.8,1,tick,5.0,3,5,5,3303.4368144822583,3303.0,3304.0,-7,57
2025-03-03 09:38:35+08:00,BACKTESTING.91,fu2505.SHFE,多,平,3305.0,2,,,,,,,,,,,,,,-5,58
2025-03-03 09:39:27.500000+08:00,BACKTESTING.95,fu2505.SHFE,空,开,3306.0,1,sell,1,1,3305.2,1,tick,3.0,3,5,5,3304.2282328252822,3304.0,3305.0,-6,59
2025-03-03 09:39:27.500000+08:00,BACKTESTING.96,fu2505.SHFE,空,开,3306.0,1,sell,2,1,3305.6,1,tick,5.0,3,5,5,3304.2282328252822,3304.0,3305.0,-7,60
2025-03-03 09:39:27.500000+08:00,BACKTESTING.97,fu2505.SHFE,空,开,3306.0,1,sell,3,1,3306.0,1,tick,7.0,3,5,5,3304.2282328252822,3304.0,3305.0,-8,61
2025-03-03 09:39:29.500000+08:00,BACKTESTING.98,fu2505.SHFE,多,平,3306.0,2,,,,,,,,,,,,,,-6,62
2025-03-03 09:39:30+08:00,BACKTESTING.99,fu2505.SHFE,多,平,3306.0,2,,,,,,,,,,,,,,-4,63
2025-03-03 09:40:45.500000+08:00,BACKTESTING.100,fu2505.SHFE,多,开,3305.0,1,buy,1,1,3305.0,1,tick,3.0,3,5,5,3305.726662441812,3305.0,3306.0,-3,64
2025-03-03 09:44:03.500000+08:00,BACKTESTING.101,fu2505.SHFE,多,开,3304.0,1,buy,2,1,3304.8,1,tick,5.0,3,5,5,3305.726662441812,3305.0,3306.0,-2,65
2025-03-03 09:44:03.500000+08:00,BACKTESTING.102,fu2505.SHFE,多,开,3304.0,1,buy,3,1,3304.4,1,tick,7.0,3,5,5,3305.726662441812,3305.0,3306.0,-1,66
2025-03-03 09:45:59+08:00,BACKTESTING.106,fu2505.SHFE,多,开,3301.0,1,buy,1,1,3301.0,1,tick,3.0,3,5,5,3301.787482247665,3301.0,3302.0,0,67
2025-03-03 09:48:13.500000+08:00,BACKTESTING.109,fu2505.SHFE,空,开,3303.0,1,sell,1,1,3302.4,1,tick,3.0,3,5,5,3301.787482247665,3301.0,3302.0,-1,68
2025-03-03 09:48:13.500000+08:00,BACKTESTING.110,fu2505.SHFE,空,开,3303.0,1,sell,2,1,3302.8,1,tick,5.0,3,5,5,3301.787482247665,3301.0,3302.0,-2,69
2025-03-03 09:48:41+08:00,BACKTESTING.111,fu2505.SHFE,空,开,3304.0,1,sell,3,1,3303.2000000000003,1,tick,7.0,3,5,5,3301.787482247665,3301.0,3302.0,-3,70
2025-03-03 09:59:00+08:00,BACKTESTING.112,fu2505.SHFE,多,开,3305.0,1,buy,1,1,3305.0,1,tick,3.0,3,5,5,3305.54456179697,3306.0,3307.0,-2,71
2025-03-03 10:07:44+08:00,BACKTESTING.115,fu2505.SHFE,空,开,3308.0,1,sell,1,1,3307.2,1,tick,3.0,3,5,5,3305.54456179697,3306.0,3307.0,-3,72
2025-03-03 10:07:44+08:00,BACKTESTING.116,fu2505.SHFE,空,开,3308.0,1,sell,2,1,3307.2,1,tick,5.0,3,5,5,3305.54456179697,3306.0,3307.0,-4,73
2025-03-03 10:07:44+08:00,BACKTESTING.117,fu2505.SHFE,空,开,3308.0,1,sell,3,1,3307.2,1,tick,7.0,3,5,5,3305.54456179697,3306.0,3307.0,-5,74
2025-03-03 10:14:14.500000+08:00,BACKTESTING.113,fu2505.SHFE,多,开,3304.0,1,buy,2,1,3304.6,1,tick,5.0,3,5,5,3305.54456179697,3306.0,3307.0,-4,75
2025-03-03 10:14:14.500000+08:00,BACKTESTING.114,fu2505.SHFE,多,开,3304.0,1,buy,3,1,3304.2,1,tick,7.0,3,5,5,3305.54456179697,3306.0,3307.0,-3,76
2025-03-03 10:30:34+08:00,BACKTESTING.121,fu2505.SHFE,空,开,3303.0,1,sell,1,1,3303.0,1,tick,3.0,3,5,5,3302.152935676124,3301.0,3302.0,-4,77
2025-03-03 10:32:41.500000+08:00,BACKTESTING.118,fu2505.SHFE,多,开,3301.0,1,buy,1,1,3301.0,1,tick,3.0,3,5,5,3302.152935676124,3301.0,3302.0,-3,78
2025-03-03 10:32:41.500000+08:00,BACKTESTING.119,fu2505.SHFE,多,开,3301.0,1,buy,2,1,3301.0,1,tick,5.0,3,5,5,3302.152935676124,3301.0,3302.0,-2,79
2025-03-03 10:32:42.500000+08:00,BACKTESTING.120,fu2505.SHFE,多,开,3300.0,1,buy,3,1,3300.8,1,tick,7.0,3,5,5,3302.152935676124,3301.0,3302.0,-1,80
2025-03-03 10:33:27+08:00,BACKTESTING.124,fu2505.SHFE,多,开,3297.0,1,buy,1,1,3297.0,1,tick,3.0,3,5,5,3298.1339583909858,3297.0,3298.0,0,81
2025-03-03 10:33:27+08:00,BACKTESTING.125,fu2505.SHFE,多,开,3297.0,1,buy,2,1,3297.0,1,tick,5.0,3,5,5,3298.1339583909858,3297.0,3298.0,1,82
2025-03-03 10:34:03.500000+08:00,BACKTESTING.126,fu2505.SHFE,多,开,3296.0,1,buy,3,1,3296.6000000000004,1,tick,7.0,3,5,5,3298.1339583909858,3297.0,3298.0,2,83
2025-03-03 10:40:58+08:00,BACKTESTING.130,fu2505.SHFE,多,开,3293.0,1,buy,1,1,3293.0,1,tick,3.0,3,5,5,3293.9998214421144,3293.0,3294.0,3,84
2025-03-03 10:41:03+08:00,BACKTESTING.131,fu2505.SHFE,多,开,3292.0,1,buy,2,1,3292.8,1,tick,5.0,3,5,5,3293.9998214421144,3293.0,3294.0,4,85
2025-03-03 10:41:03+08:00,BACKTESTING.132,fu2505.SHFE,多,开,3292.0,1,buy,3,1,3292.4,1,tick,7.0,3,5,5,3293.9998214421144,3293.0,3294.0,5,86
2025-03-03 10:41:43.500000+08:00,BACKTESTING.136,fu2505.SHFE,多,开,3288.0,1,buy,1,1,3288.8,1,tick,3.0,3,5,5,3290.9257214717954,3289.0,3290.0,6,87
2025-03-03 10:41:43.500000+08:00,BACKTESTING.137,fu2505.SHFE,多,开,3288.0,1,buy,2,1,3288.8,1,tick,5.0,3,5,5,3290.9257214717954,3289.0,3290.0,7,88
2025-03-03 10:41:43.500000+08:00,BACKTESTING.138,fu2505.SHFE,多,开,3288.0,1,buy,3,1,3288.8,1,tick,7.0,3,5,5,3290.9257214717954,3289.0,3290.0,8,89
2025-03-03 10:41:44+08:00,BACKTESTING.142,fu2505.SHFE,空,平,3288.0,2,,,,,,,,,,,,,,6,90
2025-03-03 10:41:44.500000+08:00,BACKTESTING.143,fu2505.SHFE,空,平,3288.0,2,,,,,,,,,,,,,,4,91
2025-03-03 10:43:02+08:00,BACKTESTING.144,fu2505.SHFE,多,开,3287.0,1,buy,1,1,3287.8,1,tick,3.0,3,5,5,3289.1303492930156,3288.0,3289.0,5,92
2025-03-03 10:43:02+08:00,BACKTESTING.145,fu2505.SHFE,多,开,3287.0,1,buy,2,1,3287.8,1,tick,5.0,3,5,5,3289.1303492930156,3288.0,3289.0,6,93
2025-03-03 10:43:02+08:00,BACKTESTING.146,fu2505.SHFE,多,开,3287.0,1,buy,3,1,3287.4000000000005,1,tick,7.0,3,5,5,3289.1303492930156,3288.0,3289.0,7,94
2025-03-03 10:43:06.500000+08:00,BACKTESTING.150,fu2505.SHFE,空,平,3287.0,2,,,,,,,,,,,,,,5,95
2025-03-03 10:43:31.500000+08:00,BACKTESTING.154,fu2505.SHFE,空,开,3289.0,1,sell,1,1,3288.2000000000003,1,tick,3.0,3,5,5,3287.6616781833036,3287.0,3288.0,4,96
2025-03-03 10:43:31.500000+08:00,BACKTESTING.155,fu2505.SHFE,空,开,3289.0,1,sell,2,1,3288.6000000000004,1,tick,5.0,3,5,5,3287.6616781833036,3287.0,3288.0,3,97
2025-03-03 10:43:31.500000+08:00,BACKTESTING.156,fu2505.SHFE,空,开,3289.0,1,sell,3,1,3289.0000000000005,1,tick,7.0,3,5,5,3287.6616781833036,3287.0,3288.0,2,98
2025-03-03 10:47:57.500000+08:00,BACKTESTING.151,fu2505.SHFE,多,开,3286.0,1,buy,1,1,3286.8,1,tick,3.0,3,5,5,3287.6616781833036,3287.0,3288.0,3,99
2025-03-03 10:47:57.500000+08:00,BACKTESTING.152,fu2505.SHFE,多,开,3286.0,1,buy,2,1,3286.4000000000005,1,tick,5.0,3,5,5,3287.6616781833036,3287.0,3288.0,4,100
2025-03-03 10:47:57.500000+08:00,BACKTESTING.153,fu2505.SHFE,多,开,3286.0,1,buy,3,1,3286.0000000000005,1,tick,7.0,3,5,5,3287.6616781833036,3287.0,3288.0,5,101
2025-03-03 10:51:14.500000+08:00,BACKTESTING.160,fu2505.SHFE,空,开,3284.0,1,sell,1,1,3284.0000000000005,1,tick,3.0,3,5,5,3283.5942488325477,3283.0,3284.0,4,102
2025-03-03 10:59:46.500000+08:00,BACKTESTING.157,fu2505.SHFE,多,开,3282.0,1,buy,1,1,3282.6000000000004,1,tick,3.0,3,5,5,3283.5942488325477,3283.0,3284.0,5,103
2025-03-03 10:59:46.500000+08:00,BACKTESTING.158,fu2505.SHFE,多,开,3282.0,1,buy,2,1,3282.2000000000003,1,tick,5.0,3,5,5,3283.5942488325477,3283.0,3284.0,6,104
2025-03-03 10:59:50.500000+08:00,BACKTESTING.163,fu2505.SHFE,空,平,3282.0,2,,,,,,,,,,,,,,4,105
2025-03-03 11:00:00.500000+08:00,BACKTESTING.164,fu2505.SHFE,多,开,3281.0,1,buy,1,1,3281.6000000000004,1,tick,3.0,3,5,5,3282.4399670290322,3282.0,3283.0,5,106
2025-03-03 11:00:00.500000+08:00,BACKTESTING.165,fu2505.SHFE,多,开,3281.0,1,buy,2,1,3281.2000000000003,1,tick,5.0,3,5,5,3282.4399670290322,3282.0,3283.0,6,107
2025-03-03 11:00:02.500000+08:00,BACKTESTING.170,fu2505.SHFE,空,平,3281.0,2,,,,,,,,,,,,,,4,108
2025-03-03 11:00:12.500000+08:00,BACKTESTING.174,fu2505.SHFE,空,开,3283.0,1,sell,1,1,3282.4000000000005,1,tick,3.0,3,5,5,3281.9001174613263,3281.0,3282.0,3,109
2025-03-03 11:00:12.500000+08:00,BACKTESTING.175,fu2505.SHFE,空,开,3283.0,1,sell,2,1,3282.8,1,tick,5.0,3,5,5,3281.9001174613263,3281.0,3282.0,2,110
2025-03-03 11:03:26.500000+08:00,BACKTESTING.171,fu2505.SHFE,多,开,3280.0,1,buy,1,1,3280.8,1,tick,3.0,3,5,5,3281.9001174613263,3281.0,3282.0,3,111
2025-03-03 11:03:26.500000+08:00,BACKTESTING.172,fu2505.SHFE,多,开,3280.0,1,buy,2,1,3280.6000000000004,1,tick,5.0,3,5,5,3281.9001174613263,3281.0,3282.0,4,112
2025-03-03 11:03:26.500000+08:00,BACKTESTING.173,fu2505.SHFE,多,开,3280.0,1,buy,3,1,3280.2000000000003,1,tick,7.0,3,5,5,3281.9001174613263,3281.0,3282.0,5,113
2025-03-03 11:10:43+08:00,BACKTESTING.176,fu2505.SHFE,空,开,3284.0,1,sell,3,1,3283.2000000000003,1,tick,7.0,3,5,5,3281.9001174613263,3281.0,3282.0,4,114
2025-03-03 11:27:35+08:00,BACKTESTING.177,fu2505.SHFE,多,开,3276.0,1,buy,1,1,3276.8,1,tick,3.0,3,5,5,3277.7379062663963,3277.0,3278.0,5,115
2025-03-03 11:27:35+08:00,BACKTESTING.178,fu2505.SHFE,多,开,3276.0,1,buy,2,1,3276.4000000000005,1,tick,5.0,3,5,5,3277.7379062663963,3277.0,3278.0,6,116
2025-03-03 11:27:35+08:00,BACKTESTING.179,fu2505.SHFE,多,开,3276.0,1,buy,3,1,3276.0000000000005,1,tick,7.0,3,5,5,3277.7379062663963,3277.0,3278.0,7,117
2025-03-03 11:27:36.500000+08:00,BACKTESTING.183,fu2505.SHFE,空,平,3276.0,2,,,,,,,,,,,,,,5,118
2025-03-03 13:30:00.500000+08:00,BACKTESTING.187,fu2505.SHFE,空,开,3278.0,1,sell,1,1,3277.2000000000003,1,tick,3.0,3,5,5,3276.601480150004,3276.0,3277.0,4,119
2025-03-03 13:30:00.500000+08:00,BACKTESTING.188,fu2505.SHFE,空,开,3278.0,1,sell,2,1,3277.6000000000004,1,tick,5.0,3,5,5,3276.601480150004,3276.0,3277.0,3,120
2025-03-03 13:30:00.500000+08:00,BACKTESTING.189,fu2505.SHFE,空,开,3278.0,1,sell,3,1,3278.0000000000005,1,tick,7.0,3,5,5,3276.601480150004,3276.0,3277.0,2,121
2025-03-03 13:33:20.500000+08:00,BACKTESTING.184,fu2505.SHFE,多,开,3275.0,1,buy,1,1,3275.8,1,tick,3.0,3,5,5,3276.601480150004,3276.0,3277.0,3,122
2025-03-03 13:33:20.500000+08:00,BACKTESTING.185,fu2505.SHFE,多,开,3275.0,1,buy,2,1,3275.4000000000005,1,tick,5.0,3,5,5,3276.601480150004,3276.0,3277.0,4,123
2025-03-03 13:33:20.500000+08:00,BACKTESTING.186,fu2505.SHFE,多,开,3275.0,1,buy,3,1,3275.0000000000005,1,tick,7.0,3,5,5,3276.601480150004,3276.0,3277.0,5,124
2025-03-03 13:35:11.500000+08:00,BACKTESTING.193,fu2505.SHFE,空,开,3273.0,1,sell,1,1,3273.0000000000005,1,tick,3.0,3,5,5,3272.5975473759754,3272.0,3273.0,4,125
2025-03-03 13:35:36+08:00,BACKTESTING.194,fu2505.SHFE,空,开,3274.0,1,sell,2,1,3273.4000000000005,1,tick,5.0,3,5,5,3272.5975473759754,3272.0,3273.0,3,126
2025-03-03 13:35:36+08:00,BACKTESTING.195,fu2505.SHFE,空,开,3274.0,1,sell,3,1,3273.8,1,tick,7.0,3,5,5,3272.5975473759754,3272.0,3273.0,2,127
2025-03-03 13:46:25+08:00,BACKTESTING.190,fu2505.SHFE,多,开,3271.0,1,buy,1,1,3271.6000000000004,1,tick,3.0,3,5,5,3272.5975473759754,3272.0,3273.0,3,128
2025-03-03 13:46:25+08:00,BACKTESTING.191,fu2505.SHFE,多,开,3271.0,1,buy,2,1,3271.2000000000003,1,tick,5.0,3,5,5,3272.5975473759754,3272.0,3273.0,4,129
2025-03-03 13:49:16+08:00,BACKTESTING.192,fu2505.SHFE,多,开,3270.0,1,buy,3,1,3270.8,1,tick,7.0,3,5,5,3272.5975473759754,3272.0,3273.0,5,130
2025-03-03 13:51:07+08:00,BACKTESTING.196,fu2505.SHFE,多,开,3266.0,1,buy,1,1,3266.8,1,tick,3.0,3,5,5,3268.369736117691,3267.0,3268.0,6,131
2025-03-03 13:51:07+08:00,BACKTESTING.197,fu2505.SHFE,多,开,3266.0,1,buy,2,1,3266.8,1,tick,5.0,3,5,5,3268.369736117691,3267.0,3268.0,7,132
2025-03-03 13:51:07+08:00,BACKTESTING.198,fu2505.SHFE,多,开,3266.0,1,buy,3,1,3266.6000000000004,1,tick,7.0,3,5,5,3268.369736117691,3267.0,3268.0,8,133
2025-03-03 13:51:07.500000+08:00,BACKTESTING.202,fu2505.SHFE,空,平,3266.0,2,,,,,,,,,,,,,,6,134
2025-03-03 13:51:08+08:00,BACKTESTING.203,fu2505.SHFE,空,平,3266.0,2,,,,,,,,,,,,,,4,135
2025-03-03 13:52:07+08:00,BACKTESTING.207,fu2505.SHFE,空,开,3268.0,1,sell,1,1,3267.6000000000004,1,tick,3.0,3,5,5,3267.1339215161056,3266.0,3267.0,3,136
2025-03-03 13:52:07+08:00,BACKTESTING.208,fu2505.SHFE,空,开,3268.0,1,sell,2,1,3268.0000000000005,1,tick,5.0,3,5,5,3267.1339215161056,3266.0,3267.0,2,137
2025-03-03 13:54:08.500000+08:00,BACKTESTING.209,fu2505.SHFE,空,开,3269.0,1,sell,3,1,3268.4000000000005,1,tick,7.0,3,5,5,3267.1339215161056,3266.0,3267.0,1,138
2025-03-03 13:57:17+08:00,BACKTESTING.213,fu2505.SHFE,空,开,3272.0,1,sell,1,1,3272.0,1,tick,3.0,3,5,5,3270.6077045481757,3271.0,3272.0,0,139
2025-03-03 13:57:17+08:00,BACKTESTING.214,fu2505.SHFE,空,开,3272.0,1,sell,2,1,3272.0,1,tick,5.0,3,5,5,3270.6077045481757,3271.0,3272.0,-1,140
2025-03-03 13:58:52.500000+08:00,BACKTESTING.215,fu2505.SHFE,空,开,3273.0,1,sell,3,1,3272.2000000000003,1,tick,7.0,3,5,5,3270.6077045481757,3271.0,3272.0,-2,141
2025-03-03 14:02:44+08:00,BACKTESTING.210,fu2505.SHFE,多,开,3270.0,1,buy,1,1,3270.0,1,tick,3.0,3,5,5,3270.6077045481757,3271.0,3272.0,-1,142
2025-03-03 14:02:45+08:00,BACKTESTING.211,fu2505.SHFE,多,开,3269.0,1,buy,2,1,3269.6000000000004,1,tick,5.0,3,5,5,3270.6077045481757,3271.0,3272.0,0,143
2025-03-03 14:02:45+08:00,BACKTESTING.212,fu2505.SHFE,多,开,3269.0,1,buy,3,1,3269.2000000000003,1,tick,7.0,3,5,5,3270.6077045481757,3271.0,3272.0,1,144
2025-03-03 14:04:14+08:00,BACKTESTING.216,fu2505.SHFE,多,开,3265.0,1,buy,1,1,3265.0,1,tick,3.0,3,5,5,3266.9741670982057,3265.0,3266.0,2,145
2025-03-03 14:04:14+08:00,BACKTESTING.217,fu2505.SHFE,多,开,3265.0,1,buy,2,1,3265.0,1,tick,5.0,3,5,5,3266.9741670982057,3265.0,3266.0,3,146
2025-03-03 14:04:14+08:00,BACKTESTING.218,fu2505.SHFE,多,开,3265.0,1,buy,3,1,3265.0,1,tick,7.0,3,5,5,3266.9741670982057,3265.0,3266.0,4,147
2025-03-03 14:05:58.500000+08:00,BACKTESTING.225,fu2505.SHFE,空,开,3264.0,1,sell,1,1,3263.8,1,tick,3.0,3,5,5,3263.301882577793,3261.0,3262.0,3,148
2025-03-03 14:05:59.500000+08:00,BACKTESTING.226,fu2505.SHFE,空,开,3265.0,1,sell,2,1,3264.2000000000003,1,tick,5.0,3,5,5,3263.301882577793,3261.0,3262.0,2,149
2025-03-03 14:05:59.500000+08:00,BACKTESTING.227,fu2505.SHFE,空,开,3265.0,1,sell,3,1,3264.6000000000004,1,tick,7.0,3,5,5,3263.301882577793,3261.0,3262.0,1,150
2025-03-03 14:08:44+08:00,BACKTESTING.228,fu2505.SHFE,多,开,3265.0,1,buy,1,1,3265.0,1,tick,3.0,3,5,5,3265.7128858125543,3266.0,3267.0,2,151
2025-03-03 14:09:18+08:00,BACKTESTING.229,fu2505.SHFE,多,开,3264.0,1,buy,2,1,3264.6000000000004,1,tick,5.0,3,5,5,3265.7128858125543,3266.0,3267.0,3,152
2025-03-03 14:09:18+08:00,BACKTESTING.230,fu2505.SHFE,多,开,3264.0,1,buy,3,1,3264.2000000000003,1,tick,7.0,3,5,5,3265.7128858125543,3266.0,3267.0,4,153
2025-03-03 14:22:33+08:00,BACKTESTING.237,fu2505.SHFE,空,开,3263.0,1,sell,1,1,3263.0000000000005,1,tick,3.0,3,5,5,3262.4025120471397,3261.0,3262.0,3,154
2025-03-03 14:23:46.500000+08:00,BACKTESTING.238,fu2505.SHFE,空,开,3264.0,1,sell,2,1,3263.4000000000005,1,tick,5.0,3,5,5,3262.4025120471397,3261.0,3262.0,2,155
2025-03-03 14:23:46.500000+08:00,BACKTESTING.239,fu2505.SHFE,空,开,3264.0,1,sell,3,1,3263.8,1,tick,7.0,3,5,5,3262.4025120471397,3261.0,3262.0,1,156
2025-03-03 14:30:36+08:00,BACKTESTING.240,fu2505.SHFE,多,开,3265.0,1,buy,1,1,3265.0,1,tick,3.0,3,5,5,3265.67931982693,3266.0,3267.0,2,157
2025-03-03 14:31:03.500000+08:00,BACKTESTING.241,fu2505.SHFE,多,开,3264.0,1,buy,2,1,3264.6000000000004,1,tick,5.0,3,5,5,3265.67931982693,3266.0,3267.0,3,158
2025-03-03 14:31:03.500000+08:00,BACKTESTING.242,fu2505.SHFE,多,开,3264.0,1,buy,3,1,3264.2000000000003,1,tick,7.0,3,5,5,3265.67931982693,3266.0,3267.0,4,159
2025-03-03 14:42:59+08:00,BACKTESTING.246,fu2505.SHFE,多,开,3260.0,1,buy,1,1,3260.8,1,tick,3.0,3,5,5,3262.691538301043,3261.0,3262.0,5,160
2025-03-03 14:42:59+08:00,BACKTESTING.247,fu2505.SHFE,多,开,3260.0,1,buy,2,1,3260.8,1,tick,5.0,3,5,5,3262.691538301043,3261.0,3262.0,6,161
2025-03-03 14:42:59+08:00,BACKTESTING.248,fu2505.SHFE,多,开,3260.0,1,buy,3,1,3260.8,1,tick,7.0,3,5,5,3262.691538301043,3261.0,3262.0,7,162
2025-03-03 14:43:00.500000+08:00,BACKTESTING.252,fu2505.SHFE,空,平,3260.0,2,,,,,,,,,,,,,,5,163
2025-03-03 14:43:54.500000+08:00,BACKTESTING.256,fu2505.SHFE,空,开,3261.0,1,sell,1,1,3261.0000000000005,1,tick,3.0,3,5,5,3260.4358597918263,3260.0,3261.0,4,164
2025-03-03 14:44:11+08:00,BACKTESTING.257,fu2505.SHFE,空,开,3262.0,1,sell,2,1,3261.4000000000005,1,tick,5.0,3,5,5,3260.4358597918263,3260.0,3261.0,3,165
2025-03-03 14:44:11+08:00,BACKTESTING.258,fu2505.SHFE,空,开,3262.0,1,sell,3,1,3261.8,1,tick,7.0,3,5,5,3260.4358597918263,3260.0,3261.0,2,166
2025-03-03 14:46:40.500000+08:00,BACKTESTING.259,fu2505.SHFE,多,开,3263.0,1,buy,1,1,3263.8,1,tick,3.0,3,5,5,3264.5639602425877,3265.0,3266.0,3,167
2025-03-03 14:46:40.500000+08:00,BACKTESTING.260,fu2505.SHFE,多,开,3263.0,1,buy,2,1,3263.4,1,tick,5.0,3,5,5,3264.5639602425877,3265.0,3266.0,4,168
2025-03-03 14:46:40.500000+08:00,BACKTESTING.261,fu2505.SHFE,多,开,3263.0,1,buy,3,1,3263.0,1,tick,7.0,3,5,5,3264.5639602425877,3265.0,3266.0,5,169
2025-03-03 14:55:46+08:00,BACKTESTING.268,fu2505.SHFE,空,开,3262.0,1,sell,1,1,3261.8,1,tick,3.0,3,5,5,3261.3927220607616,3260.0,3261.0,4,170
2025-03-03 14:59:32+08:00,BACKTESTING.269,fu2505.SHFE,空,开,3263.0,1,sell,2,1,3262.2000000000003,1,tick,5.0,3,5,5,3261.3927220607616,3260.0,3261.0,3,171
2025-03-03 14:59:32+08:00,BACKTESTING.270,fu2505.SHFE,空,开,3263.0,1,sell,3,1,3262.6000000000004,1,tick,7.0,3,5,5,3261.3927220607616,3260.0,3261.0,2,172
2025-03-03 21:00:03+08:00,BACKTESTING.265,fu2505.SHFE,多,开,3259.0,1,buy,1,1,3259.8,1,tick,3.0,3,5,5,3261.3927220607616,3260.0,3261.0,3,173
2025-03-03 21:00:03+08:00,BACKTESTING.266,fu2505.SHFE,多,开,3259.0,1,buy,2,1,3259.8,1,tick,5.0,3,5,5,3261.3927220607616,3260.0,3261.0,4,174
2025-03-03 21:00:03+08:00,BACKTESTING.267,fu2505.SHFE,多,开,3259.0,1,buy,3,1,3259.6000000000004,1,tick,7.0,3,5,5,3261.3927220607616,3260.0,3261.0,5,175
2025-03-03 21:00:10+08:00,BACKTESTING.274,fu2505.SHFE,空,开,3259.0,1,sell,1,1,3258.2000000000003,1,tick,3.0,3,5,5,3257.691570407958,3253.0,3254.0,4,176
2025-03-03 21:00:10+08:00,BACKTESTING.275,fu2505.SHFE,空,开,3259.0,1,sell,2,1,3258.6000000000004,1,tick,5.0,3,5,5,3257.691570407958,3253.0,3254.0,3,177
2025-03-03 21:00:10+08:00,BACKTESTING.276,fu2505.SHFE,空,开,3259.0,1,sell,3,1,3259.0000000000005,1,tick,7.0,3,5,5,3257.691570407958,3253.0,3254.0,2,178
2025-03-03 21:00:11+08:00,BACKTESTING.280,fu2505.SHFE,空,开,3260.0,1,sell,1,1,3260.0,1,tick,3.0,3,5,5,3257.8210949955137,3259.0,3260.0,1,179
2025-03-03 21:00:11+08:00,BACKTESTING.281,fu2505.SHFE,空,开,3260.0,1,sell,2,1,3260.0,1,tick,5.0,3,5,5,3257.8210949955137,3259.0,3260.0,0,180
2025-03-03 21:00:11+08:00,BACKTESTING.282,fu2505.SHFE,空,开,3260.0,1,sell,3,1,3260.0,1,tick,7.0,3,5,5,3257.8210949955137,3259.0,3260.0,-1,181
2025-03-03 21:00:21+08:00,BACKTESTING.277,fu2505.SHFE,多,开,3257.0,1,buy,1,1,3257.2000000000003,1,tick,3.0,3,5,5,3257.8210949955137,3259.0,3260.0,0,182
2025-03-03 21:00:36.500000+08:00,BACKTESTING.278,fu2505.SHFE,多,开,3256.0,1,buy,2,1,3256.8,1,tick,5.0,3,5,5,3257.8210949955137,3259.0,3260.0,1,183
2025-03-03 21:00:36.500000+08:00,BACKTESTING.279,fu2505.SHFE,多,开,3256.0,1,buy,3,1,3256.4,1,tick,7.0,3,5,5,3257.8210949955137,3259.0,3260.0,2,184
2025-03-03 21:01:59+08:00,BACKTESTING.283,fu2505.SHFE,多,开,3254.0,1,buy,1,1,3254.0,1,tick,3.0,3,5,5,3255.1970157834367,3254.0,3255.0,3,185
2025-03-03 21:01:59+08:00,BACKTESTING.284,fu2505.SHFE,多,开,3254.0,1,buy,2,1,3254.0,1,tick,5.0,3,5,5,3255.1970157834367,3254.0,3255.0,4,186
2025-03-03 21:02:04+08:00,BACKTESTING.285,fu2505.SHFE,多,开,3253.0,1,buy,3,1,3253.6000000000004,1,tick,7.0,3,5,5,3255.1970157834367,3254.0,3255.0,5,187
2025-03-03 21:02:14.500000+08:00,BACKTESTING.289,fu2505.SHFE,多,开,3249.0,1,buy,1,1,3249.8,1,tick,3.0,3,5,5,3252.226288963273,3250.0,3251.0,6,188
2025-03-03 21:02:14.500000+08:00,BACKTESTING.290,fu2505.SHFE,多,开,3249.0,1,buy,2,1,3249.8,1,tick,5.0,3,5,5,3252.226288963273,3250.0,3251.0,7,189
2025-03-03 21:02:14.500000+08:00,BACKTESTING.291,fu2505.SHFE,多,开,3249.0,1,buy,3,1,3249.8,1,tick,7.0,3,5,5,3252.226288963273,3250.0,3251.0,8,190
2025-03-03 21:02:16+08:00,BACKTESTING.295,fu2505.SHFE,空,平,3249.0,2,,,,,,,,,,,,,,6,191
2025-03-03 21:02:16.500000+08:00,BACKTESTING.296,fu2505.SHFE,空,平,3249.0,2,,,,,,,,,,,,,,4,192
2025-03-03 21:02:19+08:00,BACKTESTING.300,fu2505.SHFE,空,开,3250.0,1,sell,1,1,3250.0000000000005,1,tick,3.0,3,5,5,3249.5449941086913,3249.0,3250.0,3,193
2025-03-03 21:02:30+08:00,BACKTESTING.297,fu2505.SHFE,多,开,3248.0,1,buy,1,1,3248.6000000000004,1,tick,3.0,3,5,5,3249.5449941086913,3249.0,3250.0,4,194
2025-03-03 21:02:30+08:00,BACKTESTING.298,fu2505.SHFE,多,开,3248.0,1,buy,2,1,3248.2000000000003,1,tick,5.0,3,5,5,3249.5449941086913,3249.0,3250.0,5,195
2025-03-03 21:02:31.500000+08:00,BACKTESTING.299,fu2505.SHFE,多,开,3247.0,1,buy,3,1,3247.8,1,tick,7.0,3,5,5,3249.5449941086913,3249.0,3250.0,6,196
2025-03-03 21:02:32+08:00,BACKTESTING.303,fu2505.SHFE,空,平,3247.0,2,,,,,,,,,,,,,,4,197
2025-03-03 21:02:33.500000+08:00,BACKTESTING.307,fu2505.SHFE,空,开,3249.0,1,sell,1,1,3248.6000000000004,1,tick,3.0,3,5,5,3248.005032787047,3247.0,3248.0,3,198
2025-03-03 21:02:33.500000+08:00,BACKTESTING.308,fu2505.SHFE,空,开,3249.0,1,sell,2,1,3249.0000000000005,1,tick,5.0,3,5,5,3248.005032787047,3247.0,3248.0,2,199
2025-03-03 21:02:38+08:00,BACKTESTING.309,fu2505.SHFE,空,开,3250.0,1,sell,3,1,3249.4000000000005,1,tick,7.0,3,5,5,3248.005032787047,3247.0,3248.0,1,200
2025-03-03 21:02:48+08:00,BACKTESTING.313,fu2505.SHFE,空,开,3253.0,1,sell,1,1,3253.0,1,tick,3.0,3,5,5,3251.2597913967106,3252.0,3253.0,0,201
2025-03-03 21:02:48+08:00,BACKTESTING.314,fu2505.SHFE,空,开,3253.0,1,sell,2,1,3253.0,1,tick,5.0,3,5,5,3251.2597913967106,3252.0,3253.0,-1,202
2025-03-03 21:02:48+08:00,BACKTESTING.315,fu2505.SHFE,空,开,3253.0,1,sell,3,1,3253.0,1,tick,7.0,3,5,5,3251.2597913967106,3252.0,3253.0,-2,203
2025-03-03 21:11:35.500000+08:00,BACKTESTING.319,fu2505.SHFE,空,开,3257.0,1,sell,1,1,3256.2000000000003,1,tick,3.0,3,5,5,3255.404525453428,3255.0,3256.0,-3,204
2025-03-03 21:11:35.500000+08:00,BACKTESTING.320,fu2505.SHFE,空,开,3257.0,1,sell,2,1,3256.6000000000004,1,tick,5.0,3,5,5,3255.404525453428,3255.0,3256.0,-4,205
2025-03-03 21:11:35.500000+08:00,BACKTESTING.321,fu2505.SHFE,空,开,3257.0,1,sell,3,1,3257.0,1,tick,7.0,3,5,5,3255.404525453428,3255.0,3256.0,-5,206
2025-03-03 21:13:06+08:00,BACKTESTING.316,fu2505.SHFE,多,开,3254.0,1,buy,1,1,3254.8,1,tick,3.0,3,5,5,3255.404525453428,3255.0,3256.0,-4,207
2025-03-03 21:13:06+08:00,BACKTESTING.317,fu2505.SHFE,多,开,3254.0,1,buy,2,1,3254.4,1,tick,5.0,3,5,5,3255.404525453428,3255.0,3256.0,-3,208
2025-03-03 21:13:06+08:00,BACKTESTING.318,fu2505.SHFE,多,开,3254.0,1,buy,3,1,3254.0,1,tick,7.0,3,5,5,3255.404525453428,3255.0,3256.0,-2,209
2025-03-03 21:22:39.500000+08:00,BACKTESTING.322,fu2505.SHFE,多,开,3250.0,1,buy,1,1,3250.0,1,tick,3.0,3,5,5,3251.4680670858324,3250.0,3251.0,-1,210
2025-03-03 21:22:39.500000+08:00,BACKTESTING.323,fu2505.SHFE,多,开,3250.0,1,buy,2,1,3250.0,1,tick,5.0,3,5,5,3251.4680670858324,3250.0,3251.0,0,211
2025-03-03 21:22:39.500000+08:00,BACKTESTING.324,fu2505.SHFE,多,开,3250.0,1,buy,3,1,3250.0,1,tick,7.0,3,5,5,3251.4680670858324,3250.0,3251.0,1,212
2025-03-03 21:23:57+08:00,BACKTESTING.328,fu2505.SHFE,多,开,3246.0,1,buy,1,1,3246.0,1,tick,3.0,3,5,5,3247.373475895093,3246.0,3247.0,2,213
2025-03-03 21:23:57+08:00,BACKTESTING.329,fu2505.SHFE,多,开,3246.0,1,buy,2,1,3246.0,1,tick,5.0,3,5,5,3247.373475895093,3246.0,3247.0,3,214
2025-03-03 21:24:24.500000+08:00,BACKTESTING.330,fu2505.SHFE,多,开,3245.0,1,buy,3,1,3245.8,1,tick,7.0,3,5,5,3247.373475895093,3246.0,3247.0,4,215
2025-03-03 21:29:08+08:00,BACKTESTING.334,fu2505.SHFE,多,开,3241.0,1,buy,1,1,3241.8,1,tick,3.0,3,5,5,3243.4214036018006,3242.0,3243.0,5,216
2025-03-03 21:29:08+08:00,BACKTESTING.335,fu2505.SHFE,多,开,3241.0,1,buy,2,1,3241.8,1,tick,5.0,3,5,5,3243.4214036018006,3242.0,3243.0,6,217
2025-03-03 21:29:08+08:00,BACKTESTING.336,fu2505.SHFE,多,开,3241.0,1,buy,3,1,3241.8,1,tick,7.0,3,5,5,3243.4214036018006,3242.0,3243.0,7,218
2025-03-03 21:29:13.500000+08:00,BACKTESTING.340,fu2505.SHFE,空,平,3241.0,2,,,,,,,,,,,,,,5,219
2025-03-03 21:29:36+08:00,BACKTESTING.344,fu2505.SHFE,空,开,3243.0,1,sell,1,1,3242.6000000000004,1,tick,3.0,3,5,5,3242.057463533948,3241.0,3242.0,4,220
2025-03-03 21:29:36+08:00,BACKTESTING.345,fu2505.SHFE,空,开,3243.0,1,sell,2,1,3243.0000000000005,1,tick,5.0,3,5,5,3242.057463533948,3241.0,3242.0,3,221
2025-03-03 21:29:37+08:00,BACKTESTING.346,fu2505.SHFE,空,开,3244.0,1,sell,3,1,3243.4000000000005,1,tick,7.0,3,5,5,3242.057463533948,3241.0,3242.0,2,222
2025-03-03 21:31:01.500000+08:00,BACKTESTING.341,fu2505.SHFE,多,开,3240.0,1,buy,1,1,3240.8,1,tick,3.0,3,5,5,3242.057463533948,3241.0,3242.0,3,223
2025-03-03 21:31:01.500000+08:00,BACKTESTING.342,fu2505.SHFE,多,开,3240.0,1,buy,2,1,3240.8,1,tick,5.0,3,5,5,3242.057463533948,3241.0,3242.0,4,224
2025-03-03 21:31:01.500000+08:00,BACKTESTING.343,fu2505.SHFE,多,开,3240.0,1,buy,3,1,3240.4000000000005,1,tick,7.0,3,5,5,3242.057463533948,3241.0,3242.0,5,225
2025-03-03 21:32:57+08:00,BACKTESTING.350,fu2505.SHFE,空,开,3239.0,1,sell,1,1,3238.4000000000005,1,tick,3.0,3,5,5,3237.9626579247897,3237.0,3238.0,4,226
2025-03-03 21:32:57+08:00,BACKTESTING.351,fu2505.SHFE,空,开,3239.0,1,sell,2,1,3238.8,1,tick,5.0,3,5,5,3237.9626579247897,3237.0,3238.0,3,227
2025-03-03 21:33:00+08:00,BACKTESTING.352,fu2505.SHFE,空,开,3240.0,1,sell,3,1,3239.2000000000003,1,tick,7.0,3,5,5,3237.9626579247897,3237.0,3238.0,2,228
2025-03-03 21:36:03.500000+08:00,BACKTESTING.356,fu2505.SHFE,空,开,3243.0,1,sell,1,1,3243.0,1,tick,3.0,3,5,5,3241.4876264365007,3242.0,3243.0,1,229
2025-03-03 21:36:03.500000+08:00,BACKTESTING.357,fu2505.SHFE,空,开,3243.0,1,sell,2,1,3243.0,1,tick,5.0,3,5,5,3241.4876264365007,3242.0,3243.0,0,230
2025-03-03 21:36:03.500000+08:00,BACKTESTING.358,fu2505.SHFE,空,开,3243.0,1,sell,3,1,3243.0,1,tick,7.0,3,5,5,3241.4876264365007,3242.0,3243.0,-1,231
2025-03-03 21:37:53+08:00,BACKTESTING.362,fu2505.SHFE,空,开,3247.0,1,sell,1,1,3247.0,1,tick,3.0,3,5,5,3245.6704439820383,3246.0,3247.0,-2,232
2025-03-03 21:37:53+08:00,BACKTESTING.363,fu2505.SHFE,空,开,3247.0,1,sell,2,1,3247.0,1,tick,5.0,3,5,5,3245.6704439820383,3246.0,3247.0,-3,233
2025-03-03 21:38:01+08:00,BACKTESTING.364,fu2505.SHFE,空,开,3248.0,1,sell,3,1,3247.2000000000003,1,tick,7.0,3,5,5,3245.6704439820383,3246.0,3247.0,-4,234
2025-03-03 21:39:02.500000+08:00,BACKTESTING.365,fu2505.SHFE,多,开,3249.0,1,buy,1,1,3249.0,1,tick,3.0,3,5,5,3249.495286170896,3250.0,3251.0,-3,235
2025-03-03 21:45:48.500000+08:00,BACKTESTING.366,fu2505.SHFE,多,开,3248.0,1,buy,2,1,3248.6,1,tick,5.0,3,5,5,3249.495286170896,3250.0,3251.0,-2,236
2025-03-03 21:45:48.500000+08:00,BACKTESTING.367,fu2505.SHFE,多,开,3248.0,1,buy,3,1,3248.2,1,tick,7.0,3,5,5,3249.495286170896,3250.0,3251.0,-1,237
2025-03-03 21:47:40.500000+08:00,BACKTESTING.371,fu2505.SHFE,多,开,3245.0,1,buy,1,1,3245.0,1,tick,3.0,3,5,5,3246.2832727641726,3245.0,3246.0,0,238
2025-03-03 21:47:40.500000+08:00,BACKTESTING.372,fu2505.SHFE,多,开,3245.0,1,buy,2,1,3245.0,1,tick,5.0,3,5,5,3246.2832727641726,3245.0,3246.0,1,239
2025-03-03 21:48:18+08:00,BACKTESTING.373,fu2505.SHFE,多,开,3244.0,1,buy,3,1,3244.8,1,tick,7.0,3,5,5,3246.2832727641726,3245.0,3246.0,2,240
2025-03-03 22:00:02.500000+08:00,BACKTESTING.377,fu2505.SHFE,多,开,3240.0,1,buy,1,1,3240.0,1,tick,3.0,3,5,5,3242.113616990829,3240.0,3241.0,3,241
2025-03-03 22:00:02.500000+08:00,BACKTESTING.378,fu2505.SHFE,多,开,3240.0,1,buy,2,1,3240.0,1,tick,5.0,3,5,5,3242.113616990829,3240.0,3241.0,4,242
2025-03-03 22:00:02.500000+08:00,BACKTESTING.379,fu2505.SHFE,多,开,3240.0,1,buy,3,1,3240.0,1,tick,7.0,3,5,5,3242.113616990829,3240.0,3241.0,5,243
2025-03-03 22:00:51.500000+08:00,BACKTESTING.380,fu2505.SHFE,空,开,3243.0,1,sell,1,1,3242.8,1,tick,3.0,3,5,5,3242.113616990829,3240.0,3241.0,4,244
2025-03-03 22:02:53.500000+08:00,BACKTESTING.383,fu2505.SHFE,多,开,3236.0,1,buy,1,1,3236.8,1,tick,3.0,3,5,5,3238.1217346376848,3237.0,3238.0,5,245
2025-03-03 22:02:53.500000+08:00,BACKTESTING.384,fu2505.SHFE,多,开,3236.0,1,buy,2,1,3236.8,1,tick,5.0,3,5,5,3238.1217346376848,3237.0,3238.0,6,246
2025-03-03 22:02:53.500000+08:00,BACKTESTING.385,fu2505.SHFE,多,开,3236.0,1,buy,3,1,3236.4000000000005,1,tick,7.0,3,5,5,3238.1217346376848,3237.0,3238.0,7,247
2025-03-03 22:02:54.500000+08:00,BACKTESTING.389,fu2505.SHFE,空,平,3236.0,2,,,,,,,,,,,,,,5,248
2025-03-03 22:02:59.500000+08:00,BACKTESTING.390,fu2505.SHFE,多,开,3235.0,1,buy,1,1,3235.8,1,tick,3.0,3,5,5,3237.017543896882,3236.0,3237.0,6,249
2025-03-03 22:02:59.500000+08:00,BACKTESTING.391,fu2505.SHFE,多,开,3235.0,1,buy,2,1,3235.8,1,tick,5.0,3,5,5,3237.017543896882,3236.0,3237.0,7,250
2025-03-03 22:02:59.500000+08:00,BACKTESTING.392,fu2505.SHFE,多,开,3235.0,1,buy,3,1,3235.4000000000005,1,tick,7.0,3,5,5,3237.017543896882,3236.0,3237.0,8,251
2025-03-03 22:03:00+08:00,BACKTESTING.396,fu2505.SHFE,空,平,3235.0,2,,,,,,,,,,,,,,6,252
2025-03-03 22:03:00.500000+08:00,BACKTESTING.397,fu2505.SHFE,空,平,3235.0,2,,,,,,,,,,,,,,4,253
2025-03-03 22:04:08.500000+08:00,BACKTESTING.401,fu2505.SHFE,空,开,3237.0,1,sell,1,1,3236.2000000000003,1,tick,3.0,3,5,5,3235.788069214093,3235.0,3236.0,3,254
2025-03-03 22:04:08.500000+08:00,BACKTESTING.402,fu2505.SHFE,空,开,3237.0,1,sell,2,1,3236.6000000000004,1,tick,5.0,3,5,5,3235.788069214093,3235.0,3236.0,2,255
2025-03-03 22:04:08.500000+08:00,BACKTESTING.403,fu2505.SHFE,空,开,3237.0,1,sell,3,1,3237.0000000000005,1,tick,7.0,3,5,5,3235.788069214093,3235.0,3236.0,1,256
2025-03-03 22:14:21.500000+08:00,BACKTESTING.407,fu2505.SHFE,空,开,3241.0,1,sell,1,1,3241.0,1,tick,3.0,3,5,5,3239.488660261395,3240.0,3241.0,0,257
2025-03-03 22:14:21.500000+08:00,BACKTESTING.408,fu2505.SHFE,空,开,3241.0,1,sell,2,1,3241.0,1,tick,5.0,3,5,5,3239.488660261395,3240.0,3241.0,-1,258
2025-03-03 22:14:21.500000+08:00,BACKTESTING.409,fu2505.SHFE,空,开,3241.0,1,sell,3,1,3241.0,1,tick,7.0,3,5,5,3239.488660261395,3240.0,3241.0,-2,259
2025-03-03 22:26:36+08:00,BACKTESTING.404,fu2505.SHFE,多,开,3238.0,1,buy,1,1,3238.8,1,tick,3.0,3,5,5,3239.488660261395,3240.0,3241.0,-1,260
2025-03-03 22:26:36+08:00,BACKTESTING.405,fu2505.SHFE,多,开,3238.0,1,buy,2,1,3238.4,1,tick,5.0,3,5,5,3239.488660261395,3240.0,3241.0,0,261
2025-03-03 22:26:36+08:00,BACKTESTING.406,fu2505.SHFE,多,开,3238.0,1,buy,3,1,3238.0,1,tick,7.0,3,5,5,3239.488660261395,3240.0,3241.0,1,262
2025-03-03 22:29:43+08:00,BACKTESTING.413,fu2505.SHFE,空,开,3237.0,1,sell,1,1,3236.8,1,tick,3.0,3,5,5,3236.114728093751,3235.0,3236.0,0,263
2025-03-03 22:29:44+08:00,BACKTESTING.414,fu2505.SHFE,空,开,3238.0,1,sell,2,1,3237.2000000000003,1,tick,5.0,3,5,5,3236.114728093751,3235.0,3236.0,-1,264
2025-03-03 22:29:44+08:00,BACKTESTING.415,fu2505.SHFE,空,开,3238.0,1,sell,3,1,3237.6000000000004,1,tick,7.0,3,5,5,3236.114728093751,3235.0,3236.0,-2,265
2025-03-03 22:31:06.500000+08:00,BACKTESTING.410,fu2505.SHFE,多,开,3235.0,1,buy,1,1,3235.0,1,tick,3.0,3,5,5,3236.114728093751,3235.0,3236.0,-1,266
2025-03-03 22:31:06.500000+08:00,BACKTESTING.411,fu2505.SHFE,多,开,3235.0,1,buy,2,1,3235.0,1,tick,5.0,3,5,5,3236.114728093751,3235.0,3236.0,0,267
2025-03-03 22:31:09.500000+08:00,BACKTESTING.412,fu2505.SHFE,多,开,3234.0,1,buy,3,1,3234.6000000000004,1,tick,7.0,3,5,5,3236.114728093751,3235.0,3236.0,1,268
2025-03-03 22:36:03+08:00,BACKTESTING.416,fu2505.SHFE,多,开,3238.0,1,buy,1,1,3238.6000000000004,1,tick,3.0,3,5,5,3239.2145593254563,3240.0,3241.0,2,269
2025-03-03 22:36:03+08:00,BACKTESTING.417,fu2505.SHFE,多,开,3238.0,1,buy,2,1,3238.2000000000003,1,tick,5.0,3,5,5,3239.2145593254563,3240.0,3241.0,3,270
2025-03-03 22:36:19+08:00,BACKTESTING.418,fu2505.SHFE,多,开,3237.0,1,buy,3,1,3237.8,1,tick,7.0,3,5,5,3239.2145593254563,3240.0,3241.0,4,271
2025-03-03 22:36:36+08:00,BACKTESTING.425,fu2505.SHFE,空,开,3237.0,1,sell,1,1,3236.8,1,tick,3.0,3,5,5,3236.349532562388,3235.0,3236.0,3,272
2025-03-03 22:37:01+08:00,BACKTESTING.422,fu2505.SHFE,多,开,3234.0,1,buy,1,1,3234.8,1,tick,3.0,3,5,5,3236.349532562388,3235.0,3236.0,4,273
2025-03-03 22:37:01+08:00,BACKTESTING.423,fu2505.SHFE,多,开,3234.0,1,buy,2,1,3234.8,1,tick,5.0,3,5,5,3236.349532562388,3235.0,3236.0,5,274
2025-03-03 22:37:01+08:00,BACKTESTING.424,fu2505.SHFE,多,开,3234.0,1,buy,3,1,3234.6000000000004,1,tick,7.0,3,5,5,3236.349532562388,3235.0,3236.0,6,275
2025-03-26 09:50:16+08:00,BACKTESTING.428,fu2505.SHFE,空,平,3234.0,2,,,,,,,,,,,,,,4,276
2025-03-26 09:50:20+08:00,BACKTESTING.432,fu2505.SHFE,空,开,3235.0,1,sell,1,1,3235.0000000000005,1,tick,3.0,3,5,5,3234.443212377733,3234.0,3235.0,3,277
2025-03-26 09:50:31.500000+08:00,BACKTESTING.433,fu2505.SHFE,空,开,3236.0,1,sell,2,1,3235.4000000000005,1,tick,5.0,3,5,5,3234.443212377733,3234.0,3235.0,2,278
2025-03-26 09:50:31.500000+08:00,BACKTESTING.434,fu2505.SHFE,空,开,3236.0,1,sell,3,1,3235.8,1,tick,7.0,3,5,5,3234.443212377733,3234.0,3235.0,1,279
2025-03-26 10:01:48.500000+08:00,BACKTESTING.429,fu2505.SHFE,多,开,3233.0,1,buy,1,1,3233.6000000000004,1,tick,3.0,3,5,5,3234.443212377733,3234.0,3235.0,2,280
2025-03-26 10:01:48.500000+08:00,BACKTESTING.430,fu2505.SHFE,多,开,3233.0,1,buy,2,1,3233.2000000000003,1,tick,5.0,3,5,5,3234.443212377733,3234.0,3235.0,3,281
2025-03-26 10:02:22+08:00,BACKTESTING.431,fu2505.SHFE,多,开,3232.0,1,buy,3,1,3232.8,1,tick,7.0,3,5,5,3234.443212377733,3234.0,3235.0,4,282
2025-03-26 10:08:01+08:00,BACKTESTING.435,fu2505.SHFE,多,开,3229.0,1,buy,1,1,3229.4000000000005,1,tick,3.0,3,5,5,3230.3952397079006,3230.0,3231.0,5,283
2025-03-26 10:08:01+08:00,BACKTESTING.436,fu2505.SHFE,多,开,3229.0,1,buy,2,1,3229.0000000000005,1,tick,5.0,3,5,5,3230.3952397079006,3230.0,3231.0,6,284
2025-03-26 10:08:12.500000+08:00,BACKTESTING.441,fu2505.SHFE,空,平,3229.0,2,,,,,,,,,,,,,,4,285
2025-03-26 10:08:14.500000+08:00,BACKTESTING.445,fu2505.SHFE,空,开,3230.0,1,sell,1,1,3230.0,1,tick,3.0,3,5,5,3229.2969926698624,3229.0,3230.0,3,286
2025-03-26 10:13:07+08:00,BACKTESTING.446,fu2505.SHFE,空,开,3231.0,1,sell,2,1,3230.2000000000003,1,tick,5.0,3,5,5,3229.2969926698624,3229.0,3230.0,2,287
2025-03-26 10:13:07+08:00,BACKTESTING.447,fu2505.SHFE,空,开,3231.0,1,sell,3,1,3230.6000000000004,1,tick,7.0,3,5,5,3229.2969926698624,3229.0,3230.0,1,288
2025-03-26 10:30:00.500000+08:00,BACKTESTING.448,fu2505.SHFE,多,开,3232.0,1,buy,1,1,3232.6000000000004,1,tick,3.0,3,5,5,3233.2556985867163,3233.0,3234.0,2,289
2025-03-26 10:30:00.500000+08:00,BACKTESTING.449,fu2505.SHFE,多,开,3232.0,1,buy,2,1,3232.2000000000003,1,tick,5.0,3,5,5,3233.2556985867163,3233.0,3234.0,3,290
2025-03-26 10:30:02+08:00,BACKTESTING.450,fu2505.SHFE,多,开,3231.0,1,buy,3,1,3231.8,1,tick,7.0,3,5,5,3233.2556985867163,3233.0,3234.0,4,291
2025-03-26 11:05:05.500000+08:00,BACKTESTING.457,fu2505.SHFE,空,开,3230.0,1,sell,1,1,3229.8,1,tick,3.0,3,5,5,3229.3497740382973,3228.0,3229.0,3,292
2025-03-26 11:11:01+08:00,BACKTESTING.458,fu2505.SHFE,空,开,3231.0,1,sell,2,1,3230.2000000000003,1,tick,5.0,3,5,5,3229.3497740382973,3228.0,3229.0,2,293
2025-03-26 11:11:01+08:00,BACKTESTING.459,fu2505.SHFE,空,开,3231.0,1,sell,3,1,3230.6000000000004,1,tick,7.0,3,5,5,3229.3497740382973,3228.0,3229.0,1,294
2025-03-26 11:16:54.500000+08:00,BACKTESTING.454,fu2505.SHFE,多,开,3227.0,1,buy,1,1,3227.8,1,tick,3.0,3,5,5,3229.3497740382973,3228.0,3229.0,2,295
2025-03-26 11:16:54.500000+08:00,BACKTESTING.455,fu2505.SHFE,多,开,3227.0,1,buy,2,1,3227.8,1,tick,5.0,3,5,5,3229.3497740382973,3228.0,3229.0,3,296
2025-03-26 11:16:54.500000+08:00,BACKTESTING.456,fu2505.SHFE,多,开,3227.0,1,buy,3,1,3227.6000000000004,1,tick,7.0,3,5,5,3229.3497740382973,3228.0,3229.0,4,297
2025-03-26 13:30:05.500000+08:00,BACKTESTING.460,fu2505.SHFE,多,开,3223.0,1,buy,1,1,3223.8,1,tick,3.0,3,5,5,3225.1681923180845,3224.0,3225.0,5,298
2025-03-26 13:30:05.500000+08:00,BACKTESTING.461,fu2505.SHFE,多,开,3223.0,1,buy,2,1,3223.8,1,tick,5.0,3,5,5,3225.1681923180845,3224.0,3225.0,6,299
2025-03-26 13:30:05.500000+08:00,BACKTESTING.462,fu2505.SHFE,多,开,3223.0,1,buy,3,1,3223.4000000000005,1,tick,7.0,3,5,5,3225.1681923180845,3224.0,3225.0,7,300
2025-03-26 13:30:06+08:00,BACKTESTING.466,fu2505.SHFE,空,平,3223.0,2,,,,,,,,,,,,,,5,301
2025-03-26 13:30:38+08:00,BACKTESTING.470,fu2505.SHFE,空,开,3225.0,1,sell,1,1,3224.4000000000005,1,tick,3.0,3,5,5,3223.8836234494897,3223.0,3224.0,4,302
2025-03-26 13:30:38+08:00,BACKTESTING.471,fu2505.SHFE,空,开,3225.0,1,sell,2,1,3224.8,1,tick,5.0,3,5,5,3223.8836234494897,3223.0,3224.0,3,303
2025-03-26 13:33:00+08:00,BACKTESTING.472,fu2505.SHFE,空,开,3226.0,1,sell,3,1,3225.2000000000003,1,tick,7.0,3,5,5,3223.8836234494897,3223.0,3224.0,2,304
2025-03-26 13:47:06+08:00,BACKTESTING.476,fu2505.SHFE,空,开,3229.0,1,sell,1,1,3229.0,1,tick,3.0,3,5,5,3227.220593048839,3228.0,3229.0,1,305
2025-03-26 13:47:06+08:00,BACKTESTING.477,fu2505.SHFE,空,开,3229.0,1,sell,2,1,3229.0,1,tick,5.0,3,5,5,3227.220593048839,3228.0,3229.0,0,306
2025-03-26 13:47:06+08:00,BACKTESTING.478,fu2505.SHFE,空,开,3229.0,1,sell,3,1,3229.0,1,tick,7.0,3,5,5,3227.220593048839,3228.0,3229.0,-1,307
2025-03-26 13:52:21.500000+08:00,BACKTESTING.479,fu2505.SHFE,多,开,3230.0,1,buy,1,1,3230.8,1,tick,3.0,3,5,5,3231.404441803482,3231.0,3232.0,0,308
2025-03-26 13:52:21.500000+08:00,BACKTESTING.480,fu2505.SHFE,多,开,3230.0,1,buy,2,1,3230.4,1,tick,5.0,3,5,5,3231.404441803482,3231.0,3232.0,1,309
2025-03-26 13:52:21.500000+08:00,BACKTESTING.481,fu2505.SHFE,多,开,3230.0,1,buy,3,1,3230.0,1,tick,7.0,3,5,5,3231.404441803482,3231.0,3232.0,2,310
2025-03-26 14:57:01+08:00,BACKTESTING.485,fu2505.SHFE,多,开,3226.0,1,buy,1,1,3226.0,1,tick,3.0,3,5,5,3227.505506012183,3226.0,3227.0,3,311
2025-03-26 14:57:01+08:00,BACKTESTING.486,fu2505.SHFE,多,开,3226.0,1,buy,2,1,3226.0,1,tick,5.0,3,5,5,3227.505506012183,3226.0,3227.0,4,312
2025-03-26 14:57:01+08:00,BACKTESTING.487,fu2505.SHFE,多,开,3226.0,1,buy,3,1,3226.0,1,tick,7.0,3,5,5,3227.505506012183,3226.0,3227.0,5,313
2025-03-26 14:59:12+08:00,BACKTESTING.488,fu2505.SHFE,空,开,3229.0,1,sell,1,1,3228.2000000000003,1,tick,3.0,3,5,5,3227.505506012183,3226.0,3227.0,4,314
2025-03-26 14:59:12+08:00,BACKTESTING.489,fu2505.SHFE,空,开,3229.0,1,sell,2,1,3228.6000000000004,1,tick,5.0,3,5,5,3227.505506012183,3226.0,3227.0,3,315
2025-03-26 14:59:12+08:00,BACKTESTING.490,fu2505.SHFE,空,开,3229.0,1,sell,3,1,3229.0,1,tick,7.0,3,5,5,3227.505506012183,3226.0,3227.0,2,316
2025-03-26 21:00:04+08:00,BACKTESTING.497,fu2505.SHFE,多,开,3234.0,1,buy,1,1,3234.0,1,tick,3.0,3,5,5,3234.638968323889,3236.0,3237.0,3,317
2025-03-26 21:00:04.500000+08:00,BACKTESTING.498,fu2505.SHFE,多,开,3233.0,1,buy,2,1,3233.6000000000004,1,tick,5.0,3,5,5,3234.638968323889,3236.0,3237.0,4,318
2025-03-26 21:00:04.500000+08:00,BACKTESTING.499,fu2505.SHFE,多,开,3233.0,1,buy,3,1,3233.2000000000003,1,tick,7.0,3,5,5,3234.638968323889,3236.0,3237.0,5,319
2025-03-26 21:00:14+08:00,BACKTESTING.500,fu2505.SHFE,空,开,3237.0,1,sell,1,1,3237.0,1,tick,3.0,3,5,5,3234.638968323889,3236.0,3237.0,4,320
2025-03-26 21:00:14+08:00,BACKTESTING.501,fu2505.SHFE,空,开,3237.0,1,sell,2,1,3237.0,1,tick,5.0,3,5,5,3234.638968323889,3236.0,3237.0,3,321
2025-03-26 21:00:14+08:00,BACKTESTING.502,fu2505.SHFE,空,开,3237.0,1,sell,3,1,3237.0,1,tick,7.0,3,5,5,3234.638968323889,3236.0,3237.0,2,322
2025-03-26 21:01:09.500000+08:00,BACKTESTING.503,fu2505.SHFE,多,开,3231.0,1,buy,1,1,3231.0,1,tick,3.0,3,5,5,3232.1779630195115,3231.0,3232.0,3,323
2025-03-26 21:01:09.500000+08:00,BACKTESTING.504,fu2505.SHFE,多,开,3231.0,1,buy,2,1,3231.0,1,tick,5.0,3,5,5,3232.1779630195115,3231.0,3232.0,4,324
2025-03-26 21:01:16+08:00,BACKTESTING.506,fu2505.SHFE,空,开,3233.0,1,sell,1,1,3232.8,1,tick,3.0,3,5,5,3232.1779630195115,3231.0,3232.0,3,325
2025-03-26 21:01:17+08:00,BACKTESTING.507,fu2505.SHFE,空,开,3234.0,1,sell,2,1,3233.2000000000003,1,tick,5.0,3,5,5,3232.1779630195115,3231.0,3232.0,2,326
2025-03-26 21:01:17+08:00,BACKTESTING.508,fu2505.SHFE,空,开,3234.0,1,sell,3,1,3233.6000000000004,1,tick,7.0,3,5,5,3232.1779630195115,3231.0,3232.0,1,327
2025-03-26 21:02:09.500000+08:00,BACKTESTING.505,fu2505.SHFE,多,开,3230.0,1,buy,3,1,3230.6000000000004,1,tick,7.0,3,5,5,3232.1779630195115,3231.0,3232.0,2,328
2025-03-26 21:18:12.500000+08:00,BACKTESTING.512,fu2505.SHFE,空,开,3237.0,1,sell,1,1,3237.0,1,tick,3.0,3,5,5,3235.121191240969,3236.0,3237.0,1,329
2025-03-26 21:18:12.500000+08:00,BACKTESTING.513,fu2505.SHFE,空,开,3237.0,1,sell,2,1,3237.0,1,tick,5.0,3,5,5,3235.121191240969,3236.0,3237.0,0,330
2025-03-26 21:18:12.500000+08:00,BACKTESTING.514,fu2505.SHFE,空,开,3237.0,1,sell,3,1,3237.0,1,tick,7.0,3,5,5,3235.121191240969,3236.0,3237.0,-1,331
2025-03-26 21:22:45.500000+08:00,BACKTESTING.509,fu2505.SHFE,多,开,3234.0,1,buy,1,1,3234.4,1,tick,3.0,3,5,5,3235.121191240969,3236.0,3237.0,0,332
2025-03-26 21:22:45.500000+08:00,BACKTESTING.510,fu2505.SHFE,多,开,3234.0,1,buy,2,1,3234.0,1,tick,5.0,3,5,5,3235.121191240969,3236.0,3237.0,1,333
2025-03-26 21:23:05.500000+08:00,BACKTESTING.511,fu2505.SHFE,多,开,3233.0,1,buy,3,1,3233.6000000000004,1,tick,7.0,3,5,5,3235.121191240969,3236.0,3237.0,2,334
2025-03-26 21:25:12.500000+08:00,BACKTESTING.515,fu2505.SHFE,多,开,3231.0,1,buy,1,1,3231.0,1,tick,3.0,3,5,5,3232.1855882664117,3231.0,3232.0,3,335
2025-03-26 21:25:12.500000+08:00,BACKTESTING.516,fu2505.SHFE,多,开,3231.0,1,buy,2,1,3231.0,1,tick,5.0,3,5,5,3232.1855882664117,3231.0,3232.0,4,336
2025-03-26 21:28:02.500000+08:00,BACKTESTING.517,fu2505.SHFE,多,开,3230.0,1,buy,3,1,3230.6000000000004,1,tick,7.0,3,5,5,3232.1855882664117,3231.0,3232.0,5,337
2025-03-26 21:31:16+08:00,BACKTESTING.518,fu2505.SHFE,空,开,3233.0,1,sell,1,1,3232.8,1,tick,3.0,3,5,5,3232.1855882664117,3231.0,3232.0,4,338
2025-03-26 21:32:01+08:00,BACKTESTING.519,fu2505.SHFE,空,开,3234.0,1,sell,2,1,3233.2000000000003,1,tick,5.0,3,5,5,3232.1855882664117,3231.0,3232.0,3,339
2025-03-26 21:32:01+08:00,BACKTESTING.520,fu2505.SHFE,空,开,3234.0,1,sell,3,1,3233.6000000000004,1,tick,7.0,3,5,5,3232.1855882664117,3231.0,3232.0,2,340
2025-03-26 21:32:25+08:00,BACKTESTING.524,fu2505.SHFE,空,开,3237.0,1,sell,1,1,3237.0,1,tick,3.0,3,5,5,3235.708426213336,3236.0,3237.0,1,341
2025-03-26 21:32:25+08:00,BACKTESTING.525,fu2505.SHFE,空,开,3237.0,1,sell,2,1,3237.0,1,tick,5.0,3,5,5,3235.708426213336,3236.0,3237.0,0,342
2025-03-26 21:39:51.500000+08:00,BACKTESTING.526,fu2505.SHFE,空,开,3238.0,1,sell,3,1,3237.2000000000003,1,tick,7.0,3,5,5,3235.708426213336,3236.0,3237.0,-1,343
2025-03-26 21:40:09+08:00,BACKTESTING.527,fu2505.SHFE,多,开,3239.0,1,buy,1,1,3239.2000000000003,1,tick,3.0,3,5,5,3239.8292590756664,3240.0,3241.0,0,344
2025-03-26 21:40:38.500000+08:00,BACKTESTING.528,fu2505.SHFE,多,开,3238.0,1,buy,2,1,3238.8,1,tick,5.0,3,5,5,3239.8292590756664,3240.0,3241.0,1,345
2025-03-26 21:40:38.500000+08:00,BACKTESTING.529,fu2505.SHFE,多,开,3238.0,1,buy,3,1,3238.4,1,tick,7.0,3,5,5,3239.8292590756664,3240.0,3241.0,2,346
2025-03-26 21:40:48+08:00,BACKTESTING.533,fu2505.SHFE,多,开,3235.0,1,buy,1,1,3235.0,1,tick,3.0,3,5,5,3236.9308079743982,3235.0,3236.0,3,347
2025-03-26 21:40:48+08:00,BACKTESTING.534,fu2505.SHFE,多,开,3235.0,1,buy,2,1,3235.0,1,tick,5.0,3,5,5,3236.9308079743982,3235.0,3236.0,4,348
2025-03-26 21:40:48+08:00,BACKTESTING.535,fu2505.SHFE,多,开,3235.0,1,buy,3,1,3235.0,1,tick,7.0,3,5,5,3236.9308079743982,3235.0,3236.0,5,349
2025-03-26 21:45:16+08:00,BACKTESTING.536,fu2505.SHFE,空,开,3238.0,1,sell,1,1,3237.6000000000004,1,tick,3.0,3,5,5,3236.9308079743982,3235.0,3236.0,4,350
2025-03-26 21:45:16+08:00,BACKTESTING.537,fu2505.SHFE,空,开,3238.0,1,sell,2,1,3238.0,1,tick,5.0,3,5,5,3236.9308079743982,3235.0,3236.0,3,351
2025-03-26 21:45:23+08:00,BACKTESTING.538,fu2505.SHFE,空,开,3239.0,1,sell,3,1,3238.4,1,tick,7.0,3,5,5,3236.9308079743982,3235.0,3236.0,2,352
2025-03-26 22:02:57+08:00,BACKTESTING.542,fu2505.SHFE,空,开,3241.0,1,sell,1,1,3241.0,1,tick,3.0,3,5,5,3239.925541698497,3240.0,3241.0,1,353
2025-03-26 22:02:57+08:00,BACKTESTING.543,fu2505.SHFE,空,开,3241.0,1,sell,2,1,3241.0,1,tick,5.0,3,5,5,3239.925541698497,3240.0,3241.0,0,354
2025-03-26 22:03:01.500000+08:00,BACKTESTING.544,fu2505.SHFE,空,开,3242.0,1,sell,3,1,3241.4,1,tick,7.0,3,5,5,3239.925541698497,3240.0,3241.0,-1,355
2025-03-26 22:13:25+08:00,BACKTESTING.548,fu2505.SHFE,空,开,3245.0,1,sell,1,1,3245.0,1,tick,3.0,3,5,5,3244.0554186563463,3244.0,3245.0,-2,356
2025-03-26 22:22:27+08:00,BACKTESTING.545,fu2505.SHFE,多,开,3243.0,1,buy,1,1,3243.4,1,tick,3.0,3,5,5,3244.0554186563463,3244.0,3245.0,-1,357
2025-03-26 22:22:27+08:00,BACKTESTING.546,fu2505.SHFE,多,开,3243.0,1,buy,2,1,3243.0,1,tick,5.0,3,5,5,3244.0554186563463,3244.0,3245.0,0,358
2025-03-26 22:30:26.500000+08:00,BACKTESTING.547,fu2505.SHFE,多,开,3242.0,1,buy,3,1,3242.6000000000004,1,tick,7.0,3,5,5,3244.0554186563463,3244.0,3245.0,1,359
2025-03-26 22:40:42.500000+08:00,BACKTESTING.549,fu2505.SHFE,空,开,3246.0,1,sell,2,1,3245.2000000000003,1,tick,5.0,3,5,5,3244.0554186563463,3244.0,3245.0,0,360
2025-03-26 22:40:42.500000+08:00,BACKTESTING.550,fu2505.SHFE,空,开,3246.0,1,sell,3,1,3245.6000000000004,1,tick,7.0,3,5,5,3244.0554186563463,3244.0,3245.0,-1,361
2025-03-27 09:01:47+08:00,BACKTESTING.560,fu2505.SHFE,空,开,3241.0,1,sell,1,1,3241.0,1,tick,3.0,3,5,5,3239.826130408576,3240.0,3241.0,-2,362
2025-03-27 09:01:47+08:00,BACKTESTING.561,fu2505.SHFE,空,开,3241.0,1,sell,2,1,3241.0,1,tick,5.0,3,5,5,3239.826130408576,3240.0,3241.0,-3,363
2025-03-27 09:05:04+08:00,BACKTESTING.557,fu2505.SHFE,多,开,3239.0,1,buy,1,1,3239.2000000000003,1,tick,3.0,3,5,5,3239.826130408576,3240.0,3241.0,-2,364
2025-03-27 09:06:59+08:00,BACKTESTING.558,fu2505.SHFE,多,开,3238.0,1,buy,2,1,3238.8,1,tick,5.0,3,5,5,3239.826130408576,3240.0,3241.0,-1,365
2025-03-27 09:06:59+08:00,BACKTESTING.559,fu2505.SHFE,多,开,3238.0,1,buy,3,1,3238.4,1,tick,7.0,3,5,5,3239.826130408576,3240.0,3241.0,0,366
2025-03-27 09:22:25.500000+08:00,BACKTESTING.563,fu2505.SHFE,多,开,3235.0,1,buy,1,1,3235.0,1,tick,3.0,3,5,5,3236.54989841551,3235.0,3236.0,1,367
2025-03-27 09:22:25.500000+08:00,BACKTESTING.564,fu2505.SHFE,多,开,3235.0,1,buy,2,1,3235.0,1,tick,5.0,3,5,5,3236.54989841551,3235.0,3236.0,2,368
2025-03-27 09:22:25.500000+08:00,BACKTESTING.565,fu2505.SHFE,多,开,3235.0,1,buy,3,1,3235.0,1,tick,7.0,3,5,5,3236.54989841551,3235.0,3236.0,3,369
2025-03-27 09:36:00.500000+08:00,BACKTESTING.572,fu2505.SHFE,空,开,3233.0,1,sell,1,1,3233.0000000000005,1,tick,3.0,3,5,5,3232.484009879035,3231.0,3232.0,2,370
2025-03-27 09:37:42.500000+08:00,BACKTESTING.573,fu2505.SHFE,空,开,3234.0,1,sell,2,1,3233.4000000000005,1,tick,5.0,3,5,5,3232.484009879035,3231.0,3232.0,1,371
2025-03-27 09:37:42.500000+08:00,BACKTESTING.574,fu2505.SHFE,空,开,3234.0,1,sell,3,1,3233.8,1,tick,7.0,3,5,5,3232.484009879035,3231.0,3232.0,0,372
2025-03-27 09:48:06.500000+08:00,BACKTESTING.578,fu2505.SHFE,空,开,3237.0,1,sell,1,1,3237.0,1,tick,3.0,3,5,5,3235.6208951057256,3236.0,3237.0,-1,373
2025-03-27 09:48:06.500000+08:00,BACKTESTING.579,fu2505.SHFE,空,开,3237.0,1,sell,2,1,3237.0,1,tick,5.0,3,5,5,3235.6208951057256,3236.0,3237.0,-2,374
2025-03-27 09:49:29.500000+08:00,BACKTESTING.580,fu2505.SHFE,空,开,3238.0,1,sell,3,1,3237.2000000000003,1,tick,7.0,3,5,5,3235.6208951057256,3236.0,3237.0,-3,375
2025-03-27 09:59:34.500000+08:00,BACKTESTING.575,fu2505.SHFE,多,开,3235.0,1,buy,1,1,3235.0,1,tick,3.0,3,5,5,3235.6208951057256,3236.0,3237.0,-2,376
2025-03-27 10:12:27.500000+08:00,BACKTESTING.576,fu2505.SHFE,多,开,3234.0,1,buy,2,1,3234.6000000000004,1,tick,5.0,3,5,5,3235.6208951057256,3236.0,3237.0,-1,377
2025-03-27 10:12:27.500000+08:00,BACKTESTING.577,fu2505.SHFE,多,开,3234.0,1,buy,3,1,3234.2000000000003,1,tick,7.0,3,5,5,3235.6208951057256,3236.0,3237.0,0,378
2025-03-27 10:30:49.500000+08:00,BACKTESTING.584,fu2505.SHFE,空,开,3233.0,1,sell,1,1,3232.8,1,tick,3.0,3,5,5,3232.1706793290864,3231.0,3232.0,-1,379
2025-03-27 10:33:32+08:00,BACKTESTING.585,fu2505.SHFE,空,开,3234.0,1,sell,2,1,3233.2000000000003,1,tick,5.0,3,5,5,3232.1706793290864,3231.0,3232.0,-2,380
2025-03-27 10:33:32+08:00,BACKTESTING.586,fu2505.SHFE,空,开,3234.0,1,sell,3,1,3233.6000000000004,1,tick,7.0,3,5,5,3232.1706793290864,3231.0,3232.0,-3,381
2025-03-27 10:51:05+08:00,BACKTESTING.587,fu2505.SHFE,多,开,3234.0,1,buy,1,1,3234.8,1,tick,3.0,3,5,5,3235.355496435258,3236.0,3237.0,-2,382
2025-03-27 10:51:05+08:00,BACKTESTING.588,fu2505.SHFE,多,开,3234.0,1,buy,2,1,3234.4,1,tick,5.0,3,5,5,3235.355496435258,3236.0,3237.0,-1,383
2025-03-27 10:51:05+08:00,BACKTESTING.589,fu2505.SHFE,多,开,3234.0,1,buy,3,1,3234.0,1,tick,7.0,3,5,5,3235.355496435258,3236.0,3237.0,0,384
2025-03-27 11:01:28.500000+08:00,BACKTESTING.593,fu2505.SHFE,多,开,3231.0,1,buy,1,1,3231.0,1,tick,3.0,3,5,5,3232.310209842005,3231.0,3232.0,1,385
2025-03-27 11:01:28.500000+08:00,BACKTESTING.594,fu2505.SHFE,多,开,3231.0,1,buy,2,1,3231.0,1,tick,5.0,3,5,5,3232.310209842005,3231.0,3232.0,2,386
2025-03-27 11:01:42.500000+08:00,BACKTESTING.595,fu2505.SHFE,多,开,3230.0,1,buy,3,1,3230.8,1,tick,7.0,3,5,5,3232.310209842005,3231.0,3232.0,3,387
2025-03-27 11:03:11+08:00,BACKTESTING.602,fu2505.SHFE,空,开,3229.0,1,sell,1,1,3228.8,1,tick,3.0,3,5,5,3228.259094745165,3227.0,3228.0,2,388
2025-03-27 11:07:03+08:00,BACKTESTING.603,fu2505.SHFE,空,开,3230.0,1,sell,2,1,3229.2000000000003,1,tick,5.0,3,5,5,3228.259094745165,3227.0,3228.0,1,389
2025-03-27 11:07:03+08:00,BACKTESTING.604,fu2505.SHFE,空,开,3230.0,1,sell,3,1,3229.6000000000004,1,tick,7.0,3,5,5,3228.259094745165,3227.0,3228.0,0,390
2025-03-27 11:22:48.500000+08:00,BACKTESTING.608,fu2505.SHFE,空,开,3233.0,1,sell,1,1,3233.0,1,tick,3.0,3,5,5,3231.4667204854154,3232.0,3233.0,-1,391
2025-03-27 11:22:48.500000+08:00,BACKTESTING.609,fu2505.SHFE,空,开,3233.0,1,sell,2,1,3233.0,1,tick,5.0,3,5,5,3231.4667204854154,3232.0,3233.0,-2,392
2025-03-27 11:22:48.500000+08:00,BACKTESTING.610,fu2505.SHFE,空,开,3233.0,1,sell,3,1,3233.0,1,tick,7.0,3,5,5,3231.4667204854154,3232.0,3233.0,-3,393
2025-03-27 11:27:56.500000+08:00,BACKTESTING.605,fu2505.SHFE,多,开,3230.0,1,buy,1,1,3230.8,1,tick,3.0,3,5,5,3231.4667204854154,3232.0,3233.0,-2,394
2025-03-27 11:27:56.500000+08:00,BACKTESTING.606,fu2505.SHFE,多,开,3230.0,1,buy,2,1,3230.4,1,tick,5.0,3,5,5,3231.4667204854154,3232.0,3233.0,-1,395
2025-03-27 11:27:56.500000+08:00,BACKTESTING.607,fu2505.SHFE,多,开,3230.0,1,buy,3,1,3230.0,1,tick,7.0,3,5,5,3231.4667204854154,3232.0,3233.0,0,396
2025-03-27 11:29:32.500000+08:00,BACKTESTING.611,fu2505.SHFE,多,开,3227.0,1,buy,1,1,3227.0,1,tick,3.0,3,5,5,3228.0587020613757,3227.0,3228.0,1,397
2025-03-27 11:29:32.500000+08:00,BACKTESTING.612,fu2505.SHFE,多,开,3227.0,1,buy,2,1,3227.0,1,tick,5.0,3,5,5,3228.0587020613757,3227.0,3228.0,2,398
2025-03-27 13:30:00.500000+08:00,BACKTESTING.613,fu2505.SHFE,多,开,3226.0,1,buy,3,1,3226.6000000000004,1,tick,7.0,3,5,5,3228.0587020613757,3227.0,3228.0,3,399
2025-03-27 13:58:34.500000+08:00,BACKTESTING.620,fu2505.SHFE,空,开,3226.0,1,sell,1,1,3225.4000000000005,1,tick,3.0,3,5,5,3224.805454895919,3223.0,3224.0,2,400
2025-03-27 13:58:34.500000+08:00,BACKTESTING.621,fu2505.SHFE,空,开,3226.0,1,sell,2,1,3225.8,1,tick,5.0,3,5,5,3224.805454895919,3223.0,3224.0,1,401
2025-03-27 13:59:37.500000+08:00,BACKTESTING.622,fu2505.SHFE,空,开,3227.0,1,sell,3,1,3226.2000000000003,1,tick,7.0,3,5,5,3224.805454895919,3223.0,3224.0,0,402
2025-03-27 14:02:02.500000+08:00,BACKTESTING.623,fu2505.SHFE,多,开,3227.0,1,buy,1,1,3227.0,1,tick,3.0,3,5,5,3227.63964297086,3228.0,3229.0,1,403
2025-03-27 14:02:26+08:00,BACKTESTING.624,fu2505.SHFE,多,开,3226.0,1,buy,2,1,3226.6000000000004,1,tick,5.0,3,5,5,3227.63964297086,3228.0,3229.0,2,404
2025-03-27 14:02:26+08:00,BACKTESTING.625,fu2505.SHFE,多,开,3226.0,1,buy,3,1,3226.2000000000003,1,tick,7.0,3,5,5,3227.63964297086,3228.0,3229.0,3,405
2025-03-27 14:04:07+08:00,BACKTESTING.626,fu2505.SHFE,空,开,3229.0,1,sell,1,1,3229.0,1,tick,3.0,3,5,5,3227.63964297086,3228.0,3229.0,2,406
2025-03-27 14:04:07+08:00,BACKTESTING.627,fu2505.SHFE,空,开,3229.0,1,sell,2,1,3229.0,1,tick,5.0,3,5,5,3227.63964297086,3228.0,3229.0,1,407
2025-03-27 14:06:16.500000+08:00,BACKTESTING.628,fu2505.SHFE,空,开,3230.0,1,sell,3,1,3229.2000000000003,1,tick,7.0,3,5,5,3227.63964297086,3228.0,3229.0,0,408
2025-03-27 14:09:19+08:00,BACKTESTING.632,fu2505.SHFE,空,开,3233.0,1,sell,1,1,3233.0,1,tick,3.0,3,5,5,3231.9225031498136,3232.0,3233.0,-1,409
2025-03-27 14:09:19+08:00,BACKTESTING.633,fu2505.SHFE,空,开,3233.0,1,sell,2,1,3233.0,1,tick,5.0,3,5,5,3231.9225031498136,3232.0,3233.0,-2,410
2025-03-27 14:09:19.500000+08:00,BACKTESTING.634,fu2505.SHFE,空,开,3234.0,1,sell,3,1,3233.4,1,tick,7.0,3,5,5,3231.9225031498136,3232.0,3233.0,-3,411
2025-03-27 14:10:29+08:00,BACKTESTING.629,fu2505.SHFE,多,开,3231.0,1,buy,1,1,3231.2000000000003,1,tick,3.0,3,5,5,3231.9225031498136,3232.0,3233.0,-2,412
2025-03-27 14:10:37+08:00,BACKTESTING.630,fu2505.SHFE,多,开,3230.0,1,buy,2,1,3230.8,1,tick,5.0,3,5,5,3231.9225031498136,3232.0,3233.0,-1,413
2025-03-27 14:10:37+08:00,BACKTESTING.631,fu2505.SHFE,多,开,3230.0,1,buy,3,1,3230.4,1,tick,7.0,3,5,5,3231.9225031498136,3232.0,3233.0,0,414
2025-03-27 14:37:16.500000+08:00,BACKTESTING.635,fu2505.SHFE,多,开,3227.0,1,buy,1,1,3227.0,1,tick,3.0,3,5,5,3228.5013563679754,3227.0,3228.0,1,415
2025-03-27 14:37:16.500000+08:00,BACKTESTING.636,fu2505.SHFE,多,开,3227.0,1,buy,2,1,3227.0,1,tick,5.0,3,5,5,3228.5013563679754,3227.0,3228.0,2,416
2025-03-27 14:37:16.500000+08:00,BACKTESTING.637,fu2505.SHFE,多,开,3227.0,1,buy,3,1,3227.0,1,tick,7.0,3,5,5,3228.5013563679754,3227.0,3228.0,3,417
2025-03-27 14:46:56.500000+08:00,BACKTESTING.644,fu2505.SHFE,空,开,3225.0,1,sell,1,1,3225.0000000000005,1,tick,3.0,3,5,5,3224.596296285985,3224.0,3225.0,2,418
2025-03-27 14:47:53+08:00,BACKTESTING.645,fu2505.SHFE,空,开,3226.0,1,sell,2,1,3225.4000000000005,1,tick,5.0,3,5,5,3224.596296285985,3224.0,3225.0,1,419
2025-03-27 14:47:53+08:00,BACKTESTING.646,fu2505.SHFE,空,开,3226.0,1,sell,3,1,3225.8,1,tick,7.0,3,5,5,3224.596296285985,3224.0,3225.0,0,420
2025-03-27 14:54:43+08:00,BACKTESTING.641,fu2505.SHFE,多,开,3223.0,1,buy,1,1,3223.6000000000004,1,tick,3.0,3,5,5,3224.596296285985,3224.0,3225.0,1,421
2025-03-27 14:54:43+08:00,BACKTESTING.642,fu2505.SHFE,多,开,3223.0,1,buy,2,1,3223.2000000000003,1,tick,5.0,3,5,5,3224.596296285985,3224.0,3225.0,2,422
2025-03-27 14:55:15.500000+08:00,BACKTESTING.643,fu2505.SHFE,多,开,3222.0,1,buy,3,1,3222.8,1,tick,7.0,3,5,5,3224.596296285985,3224.0,3225.0,3,423
2025-03-27 14:57:48.500000+08:00,BACKTESTING.650,fu2505.SHFE,空,开,3221.0,1,sell,1,1,3221.0000000000005,1,tick,3.0,3,5,5,3220.4713490484005,3219.0,3220.0,2,424
2025-03-27 14:57:58+08:00,BACKTESTING.651,fu2505.SHFE,空,开,3222.0,1,sell,2,1,3221.4000000000005,1,tick,5.0,3,5,5,3220.4713490484005,3219.0,3220.0,1,425
2025-03-27 14:57:58+08:00,BACKTESTING.652,fu2505.SHFE,空,开,3222.0,1,sell,3,1,3221.8,1,tick,7.0,3,5,5,3220.4713490484005,3219.0,3220.0,0,426
2025-03-27 21:00:01.500000+08:00,BACKTESTING.656,fu2505.SHFE,空,开,3228.0,1,sell,1,1,3228.0,1,tick,3.0,3,5,5,3221.123220325021,3226.0,3228.0,-1,427
2025-03-27 21:00:01.500000+08:00,BACKTESTING.657,fu2505.SHFE,空,开,3228.0,1,sell,2,1,3228.0,1,tick,5.0,3,5,5,3221.123220325021,3226.0,3228.0,-2,428
2025-03-27 21:00:01.500000+08:00,BACKTESTING.658,fu2505.SHFE,空,开,3228.0,1,sell,3,1,3228.0,1,tick,7.0,3,5,5,3221.123220325021,3226.0,3228.0,-3,429
2025-03-27 21:00:09+08:00,BACKTESTING.662,fu2505.SHFE,空,开,3230.0,1,sell,1,1,3229.2,1,tick,3.0,3,5,5,3226.5039501487468,3228.0,3229.0,-4,430
2025-03-27 21:00:09+08:00,BACKTESTING.663,fu2505.SHFE,空,开,3230.0,1,sell,2,1,3229.2,1,tick,5.0,3,5,5,3226.5039501487468,3228.0,3229.0,-5,431
2025-03-27 21:00:09+08:00,BACKTESTING.664,fu2505.SHFE,空,开,3230.0,1,sell,3,1,3229.2,1,tick,7.0,3,5,5,3226.5039501487468,3228.0,3229.0,-6,432
2025-03-27 21:00:09.500000+08:00,BACKTESTING.665,fu2505.SHFE,多,平,3230.0,2,,,,,,,,,,,,,,-4,433
2025-03-27 21:00:10.500000+08:00,BACKTESTING.666,fu2505.SHFE,多,开,3228.0,1,buy,1,1,3228.0,1,tick,3.0,3,5,5,3228.401965483704,3229.0,3230.0,-3,434
2025-03-27 21:00:14.500000+08:00,BACKTESTING.667,fu2505.SHFE,多,开,3227.0,1,buy,2,1,3227.6,1,tick,5.0,3,5,5,3228.401965483704,3229.0,3230.0,-2,435
2025-03-27 21:00:14.500000+08:00,BACKTESTING.668,fu2505.SHFE,多,开,3227.0,1,buy,3,1,3227.2,1,tick,7.0,3,5,5,3228.401965483704,3229.0,3230.0,-1,436
2025-03-27 21:01:46.500000+08:00,BACKTESTING.675,fu2505.SHFE,空,开,3226.0,1,sell,1,1,3226.0,1,tick,3.0,3,5,5,3225.2470317137063,3224.0,3225.0,-2,437
2025-03-27 21:02:54.500000+08:00,BACKTESTING.672,fu2505.SHFE,多,开,3224.0,1,buy,1,1,3224.0,1,tick,3.0,3,5,5,3225.2470317137063,3224.0,3225.0,-1,438
2025-03-27 21:02:54.500000+08:00,BACKTESTING.673,fu2505.SHFE,多,开,3224.0,1,buy,2,1,3224.0,1,tick,5.0,3,5,5,3225.2470317137063,3224.0,3225.0,0,439
2025-03-27 21:06:21+08:00,BACKTESTING.674,fu2505.SHFE,多,开,3223.0,1,buy,3,1,3223.8,1,tick,7.0,3,5,5,3225.2470317137063,3224.0,3225.0,1,440
2025-03-27 21:10:07+08:00,BACKTESTING.676,fu2505.SHFE,空,开,3227.0,1,sell,2,1,3226.4,1,tick,5.0,3,5,5,3225.2470317137063,3224.0,3225.0,0,441
2025-03-27 21:10:07+08:00,BACKTESTING.677,fu2505.SHFE,空,开,3227.0,1,sell,3,1,3226.8,1,tick,7.0,3,5,5,3225.2470317137063,3224.0,3225.0,-1,442
2025-03-27 21:11:20+08:00,BACKTESTING.678,fu2505.SHFE,多,开,3228.0,1,buy,1,1,3228.2000000000003,1,tick,3.0,3,5,5,3228.8396371916106,3229.0,3230.0,0,443
2025-03-27 21:11:39+08:00,BACKTESTING.679,fu2505.SHFE,多,开,3227.0,1,buy,2,1,3227.8,1,tick,5.0,3,5,5,3228.8396371916106,3229.0,3230.0,1,444
2025-03-27 21:11:39+08:00,BACKTESTING.680,fu2505.SHFE,多,开,3227.0,1,buy,3,1,3227.4,1,tick,7.0,3,5,5,3228.8396371916106,3229.0,3230.0,2,445
2025-03-27 21:14:05.500000+08:00,BACKTESTING.684,fu2505.SHFE,多,开,3224.0,1,buy,1,1,3224.0,1,tick,3.0,3,5,5,3225.8405170137426,3224.0,3225.0,3,446
2025-03-27 21:14:05.500000+08:00,BACKTESTING.685,fu2505.SHFE,多,开,3224.0,1,buy,2,1,3224.0,1,tick,5.0,3,5,5,3225.8405170137426,3224.0,3225.0,4,447
2025-03-27 21:14:05.500000+08:00,BACKTESTING.686,fu2505.SHFE,多,开,3224.0,1,buy,3,1,3224.0,1,tick,7.0,3,5,5,3225.8405170137426,3224.0,3225.0,5,448
2025-03-27 21:19:02.500000+08:00,BACKTESTING.690,fu2505.SHFE,多,开,3220.0,1,buy,1,1,3220.8,1,tick,3.0,3,5,5,3221.970710219997,3221.0,3222.0,6,449
2025-03-27 21:19:02.500000+08:00,BACKTESTING.691,fu2505.SHFE,多,开,3220.0,1,buy,2,1,3220.6000000000004,1,tick,5.0,3,5,5,3221.970710219997,3221.0,3222.0,7,450
2025-03-27 21:19:02.500000+08:00,BACKTESTING.692,fu2505.SHFE,多,开,3220.0,1,buy,3,1,3220.2000000000003,1,tick,7.0,3,5,5,3221.970710219997,3221.0,3222.0,8,451
2025-03-27 21:19:13+08:00,BACKTESTING.696,fu2505.SHFE,空,平,3220.0,2,,,,,,,,,,,,,,6,452
2025-03-27 21:19:13.500000+08:00,BACKTESTING.697,fu2505.SHFE,空,平,3220.0,2,,,,,,,,,,,,,,4,453
2025-03-27 21:20:38+08:00,BACKTESTING.698,fu2505.SHFE,多,开,3219.0,1,buy,1,1,3219.8,1,tick,3.0,3,5,5,3220.9028300172404,3220.0,3221.0,5,454
2025-03-27 21:20:38+08:00,BACKTESTING.699,fu2505.SHFE,多,开,3219.0,1,buy,2,1,3219.6000000000004,1,tick,5.0,3,5,5,3220.9028300172404,3220.0,3221.0,6,455
2025-03-27 21:20:38+08:00,BACKTESTING.700,fu2505.SHFE,多,开,3219.0,1,buy,3,1,3219.2000000000003,1,tick,7.0,3,5,5,3220.9028300172404,3220.0,3221.0,7,456
2025-03-27 21:20:39+08:00,BACKTESTING.704,fu2505.SHFE,空,平,3219.0,2,,,,,,,,,,,,,,5,457
2025-03-27 21:20:44.500000+08:00,BACKTESTING.705,fu2505.SHFE,多,开,3218.0,1,buy,1,1,3218.8,1,tick,3.0,3,5,5,3219.7275261446966,3219.0,3220.0,6,458
2025-03-27 21:20:44.500000+08:00,BACKTESTING.706,fu2505.SHFE,多,开,3218.0,1,buy,2,1,3218.4000000000005,1,tick,5.0,3,5,5,3219.7275261446966,3219.0,3220.0,7,459
2025-03-27 21:20:44.500000+08:00,BACKTESTING.707,fu2505.SHFE,多,开,3218.0,1,buy,3,1,3218.0000000000005,1,tick,7.0,3,5,5,3219.7275261446966,3219.0,3220.0,8,460
2025-03-27 21:21:20+08:00,BACKTESTING.711,fu2505.SHFE,空,平,3218.0,2,,,,,,,,,,,,,,6,461
2025-03-27 21:21:20.500000+08:00,BACKTESTING.712,fu2505.SHFE,空,平,3218.0,2,,,,,,,,,,,,,,4,462
2025-03-27 21:27:02.500000+08:00,BACKTESTING.716,fu2505.SHFE,空,开,3220.0,1,sell,1,1,3219.4000000000005,1,tick,3.0,3,5,5,3218.8036599389125,3218.0,3219.0,3,463
2025-03-27 21:27:02.500000+08:00,BACKTESTING.717,fu2505.SHFE,空,开,3220.0,1,sell,2,1,3219.8,1,tick,5.0,3,5,5,3218.8036599389125,3218.0,3219.0,2,464
2025-03-27 21:29:21.500000+08:00,BACKTESTING.718,fu2505.SHFE,空,开,3221.0,1,sell,3,1,3220.2000000000003,1,tick,7.0,3,5,5,3218.8036599389125,3218.0,3219.0,1,465
2025-03-27 21:30:20.500000+08:00,BACKTESTING.719,fu2505.SHFE,多,开,3221.0,1,buy,1,1,3221.2000000000003,1,tick,3.0,3,5,5,3221.994298406092,3223.0,3224.0,2,466
2025-03-27 21:30:46+08:00,BACKTESTING.720,fu2505.SHFE,多,开,3220.0,1,buy,2,1,3220.8,1,tick,5.0,3,5,5,3221.994298406092,3223.0,3224.0,3,467
2025-03-27 21:30:46+08:00,BACKTESTING.721,fu2505.SHFE,多,开,3220.0,1,buy,3,1,3220.4,1,tick,7.0,3,5,5,3221.994298406092,3223.0,3224.0,4,468
2025-03-27 21:32:11.500000+08:00,BACKTESTING.725,fu2505.SHFE,多,开,3217.0,1,buy,1,1,3217.8,1,tick,3.0,3,5,5,3219.361707960549,3218.0,3219.0,5,469
2025-03-27 21:32:11.500000+08:00,BACKTESTING.726,fu2505.SHFE,多,开,3217.0,1,buy,2,1,3217.8,1,tick,5.0,3,5,5,3219.361707960549,3218.0,3219.0,6,470
2025-03-27 21:32:11.500000+08:00,BACKTESTING.727,fu2505.SHFE,多,开,3217.0,1,buy,3,1,3217.6000000000004,1,tick,7.0,3,5,5,3219.361707960549,3218.0,3219.0,7,471
2025-03-27 21:32:50+08:00,BACKTESTING.731,fu2505.SHFE,空,平,3217.0,2,,,,,,,,,,,,,,5,472
2025-03-27 21:33:10+08:00,BACKTESTING.732,fu2505.SHFE,多,开,3216.0,1,buy,1,1,3216.8,1,tick,3.0,3,5,5,3217.636450533874,3217.0,3218.0,6,473
2025-03-27 21:33:10+08:00,BACKTESTING.733,fu2505.SHFE,多,开,3216.0,1,buy,2,1,3216.4000000000005,1,tick,5.0,3,5,5,3217.636450533874,3217.0,3218.0,7,474
2025-03-27 21:33:10+08:00,BACKTESTING.734,fu2505.SHFE,多,开,3216.0,1,buy,3,1,3216.0000000000005,1,tick,7.0,3,5,5,3217.636450533874,3217.0,3218.0,8,475
2025-03-27 21:55:37.500000+08:00,BACKTESTING.738,fu2505.SHFE,空,平,3216.0,2,,,,,,,,,,,,,,6,476
2025-03-27 21:55:38+08:00,BACKTESTING.739,fu2505.SHFE,空,平,3216.0,2,,,,,,,,,,,,,,4,477
2025-03-27 21:55:50+08:00,BACKTESTING.743,fu2505.SHFE,空,开,3217.0,1,sell,1,1,3217.0000000000005,1,tick,3.0,3,5,5,3216.4983235486843,3216.0,3217.0,3,478
2025-03-27 21:57:06+08:00,BACKTESTING.740,fu2505.SHFE,多,开,3215.0,1,buy,1,1,3215.6000000000004,1,tick,3.0,3,5,5,3216.4983235486843,3216.0,3217.0,4,479
2025-03-27 21:57:06+08:00,BACKTESTING.741,fu2505.SHFE,多,开,3215.0,1,buy,2,1,3215.2000000000003,1,tick,5.0,3,5,5,3216.4983235486843,3216.0,3217.0,5,480
2025-03-27 22:04:01+08:00,BACKTESTING.742,fu2505.SHFE,多,开,3214.0,1,buy,3,1,3214.8,1,tick,7.0,3,5,5,3216.4983235486843,3216.0,3217.0,6,481
2025-03-27 22:04:39.500000+08:00,BACKTESTING.746,fu2505.SHFE,空,平,3214.0,2,,,,,,,,,,,,,,4,482
2025-03-27 22:05:25.500000+08:00,BACKTESTING.750,fu2505.SHFE,空,开,3215.0,1,sell,1,1,3215.0000000000005,1,tick,3.0,3,5,5,3214.558316700383,3214.0,3215.0,3,483
2025-03-27 22:06:11.500000+08:00,BACKTESTING.747,fu2505.SHFE,多,开,3213.0,1,buy,1,1,3213.6000000000004,1,tick,3.0,3,5,5,3214.558316700383,3214.0,3215.0,4,484
2025-03-27 22:06:11.500000+08:00,BACKTESTING.748,fu2505.SHFE,多,开,3213.0,1,buy,2,1,3213.2000000000003,1,tick,5.0,3,5,5,3214.558316700383,3214.0,3215.0,5,485
2025-03-27 22:07:44+08:00,BACKTESTING.749,fu2505.SHFE,多,开,3212.0,1,buy,3,1,3212.8,1,tick,7.0,3,5,5,3214.558316700383,3214.0,3215.0,6,486
2025-03-27 22:09:24+08:00,BACKTESTING.753,fu2505.SHFE,空,平,3212.0,2,,,,,,,,,,,,,,4,487
2025-03-27 22:09:30+08:00,BACKTESTING.754,fu2505.SHFE,多,开,3211.0,1,buy,1,1,3211.6000000000004,1,tick,3.0,3,5,5,3212.52389854186,3212.0,3213.0,5,488
2025-03-27 22:09:30+08:00,BACKTESTING.755,fu2505.SHFE,多,开,3211.0,1,buy,2,1,3211.2000000000003,1,tick,5.0,3,5,5,3212.52389854186,3212.0,3213.0,6,489
2025-03-27 22:09:31+08:00,BACKTESTING.760,fu2505.SHFE,空,平,3211.0,2,,,,,,,,,,,,,,4,490
2025-03-27 22:09:52+08:00,BACKTESTING.764,fu2505.SHFE,空,开,3212.0,1,sell,1,1,3212.0000000000005,1,tick,3.0,3,5,5,3211.564442639572,3211.0,3212.0,3,491
2025-03-27 22:10:23.500000+08:00,BACKTESTING.761,fu2505.SHFE,多,开,3210.0,1,buy,1,1,3210.6000000000004,1,tick,3.0,3,5,5,3211.564442639572,3211.0,3212.0,4,492
2025-03-27 22:10:23.500000+08:00,BACKTESTING.762,fu2505.SHFE,多,开,3210.0,1,buy,2,1,3210.2000000000003,1,tick,5.0,3,5,5,3211.564442639572,3211.0,3212.0,5,493
2025-03-27 22:10:32.500000+08:00,BACKTESTING.763,fu2505.SHFE,多,开,3209.0,1,buy,3,1,3209.8,1,tick,7.0,3,5,5,3211.564442639572,3211.0,3212.0,6,494
2025-03-27 22:10:44.500000+08:00,BACKTESTING.767,fu2505.SHFE,空,平,3209.0,2,,,,,,,,,,,,,,4,495
2025-03-27 22:11:01.500000+08:00,BACKTESTING.771,fu2505.SHFE,空,开,3210.0,1,sell,1,1,3210.0000000000005,1,tick,3.0,3,5,5,3209.4616783964466,3209.0,3210.0,3,496
2025-03-27 22:11:24.500000+08:00,BACKTESTING.772,fu2505.SHFE,空,开,3211.0,1,sell,2,1,3210.4000000000005,1,tick,5.0,3,5,5,3209.4616783964466,3209.0,3210.0,2,497
2025-03-27 22:11:24.500000+08:00,BACKTESTING.773,fu2505.SHFE,空,开,3211.0,1,sell,3,1,3210.8,1,tick,7.0,3,5,5,3209.4616783964466,3209.0,3210.0,1,498
2025-03-27 22:15:07.500000+08:00,BACKTESTING.777,fu2505.SHFE,空,开,3215.0,1,sell,1,1,3214.2000000000003,1,tick,3.0,3,5,5,3213.4141683852545,3213.0,3214.0,0,499
2025-03-27 22:15:07.500000+08:00,BACKTESTING.778,fu2505.SHFE,空,开,3215.0,1,sell,2,1,3214.6000000000004,1,tick,5.0,3,5,5,3213.4141683852545,3213.0,3214.0,-1,500
2025-03-27 22:15:07.500000+08:00,BACKTESTING.779,fu2505.SHFE,空,开,3215.0,1,sell,3,1,3215.0,1,tick,7.0,3,5,5,3213.4141683852545,3213.0,3214.0,-2,501
2025-03-27 22:28:38.500000+08:00,BACKTESTING.783,fu2505.SHFE,空,开,3219.0,1,sell,1,1,3219.0,1,tick,3.0,3,5,5,3217.5360347627766,3218.0,3219.0,-3,502
2025-03-27 22:28:38.500000+08:00,BACKTESTING.784,fu2505.SHFE,空,开,3219.0,1,sell,2,1,3219.0,1,tick,5.0,3,5,5,3217.5360347627766,3218.0,3219.0,-4,503
2025-03-27 22:28:38.500000+08:00,BACKTESTING.785,fu2505.SHFE,空,开,3219.0,1,sell,3,1,3219.0,1,tick,7.0,3,5,5,3217.5360347627766,3218.0,3219.0,-5,504
2025-03-27 22:33:01.500000+08:00,BACKTESTING.789,fu2505.SHFE,空,开,3224.0,1,sell,1,1,3223.2,1,tick,3.0,3,5,5,3221.3179124908665,3222.0,3223.0,-6,505
2025-03-27 22:33:01.500000+08:00,BACKTESTING.790,fu2505.SHFE,空,开,3224.0,1,sell,2,1,3223.2,1,tick,5.0,3,5,5,3221.3179124908665,3222.0,3223.0,-7,506
2025-03-27 22:33:01.500000+08:00,BACKTESTING.791,fu2505.SHFE,空,开,3224.0,1,sell,3,1,3223.2,1,tick,7.0,3,5,5,3221.3179124908665,3222.0,3223.0,-8,507
2025-03-27 22:33:24.500000+08:00,BACKTESTING.792,fu2505.SHFE,多,平,3224.0,2,,,,,,,,,,,,,,-6,508
2025-03-27 22:33:25+08:00,BACKTESTING.793,fu2505.SHFE,多,平,3224.0,2,,,,,,,,,,,,,,-4,509
2025-03-27 22:33:47+08:00,BACKTESTING.797,fu2505.SHFE,空,开,3225.0,1,sell,1,1,3224.2,1,tick,3.0,3,5,5,3223.3632490471673,3223.0,3224.0,-5,510
2025-03-27 22:33:47+08:00,BACKTESTING.798,fu2505.SHFE,空,开,3225.0,1,sell,2,1,3224.6,1,tick,5.0,3,5,5,3223.3632490471673,3223.0,3224.0,-6,511
2025-03-27 22:33:47+08:00,BACKTESTING.799,fu2505.SHFE,空,开,3225.0,1,sell,3,1,3225.0,1,tick,7.0,3,5,5,3223.3632490471673,3223.0,3224.0,-7,512
2025-03-27 22:33:47.500000+08:00,BACKTESTING.800,fu2505.SHFE,多,平,3225.0,2,,,,,,,,,,,,,,-5,513
2025-03-27 22:38:06.500000+08:00,BACKTESTING.804,fu2505.SHFE,空,开,3226.0,1,sell,1,1,3225.6,1,tick,3.0,3,5,5,3224.631115518894,3224.0,3225.0,-6,514
2025-03-27 22:38:06.500000+08:00,BACKTESTING.805,fu2505.SHFE,空,开,3226.0,1,sell,2,1,3226.0,1,tick,5.0,3,5,5,3224.631115518894,3224.0,3225.0,-7,515
2025-03-27 22:38:07.500000+08:00,BACKTESTING.807,fu2505.SHFE,多,平,3226.0,2,,,,,,,,,,,,,,-5,516
2025-03-27 22:38:32+08:00,BACKTESTING.811,fu2505.SHFE,空,开,3227.0,1,sell,1,1,3226.4,1,tick,3.0,3,5,5,3225.5673907890523,3225.0,3226.0,-6,517
2025-03-27 22:38:32+08:00,BACKTESTING.812,fu2505.SHFE,空,开,3227.0,1,sell,2,1,3226.8,1,tick,5.0,3,5,5,3225.5673907890523,3225.0,3226.0,-7,518
2025-03-27 22:38:36.500000+08:00,BACKTESTING.814,fu2505.SHFE,多,平,3227.0,2,,,,,,,,,,,,,,-5,519
2025-03-27 22:39:15+08:00,BACKTESTING.815,fu2505.SHFE,多,开,3226.0,1,buy,1,1,3226.0,1,tick,3.0,3,5,5,3226.6045333619118,3226.0,3227.0,-4,520
2025-03-27 22:41:23.500000+08:00,BACKTESTING.816,fu2505.SHFE,多,开,3225.0,1,buy,2,1,3225.8,1,tick,5.0,3,5,5,3226.6045333619118,3226.0,3227.0,-3,521
2025-03-27 22:41:23.500000+08:00,BACKTESTING.817,fu2505.SHFE,多,开,3225.0,1,buy,3,1,3225.4,1,tick,7.0,3,5,5,3226.6045333619118,3226.0,3227.0,-2,522
2025-03-27 22:59:56.500000+08:00,BACKTESTING.818,fu2505.SHFE,空,开,3228.0,1,sell,1,1,3227.6,1,tick,3.0,3,5,5,3226.6045333619118,3226.0,3227.0,-3,523
2025-03-27 22:59:56.500000+08:00,BACKTESTING.819,fu2505.SHFE,空,开,3228.0,1,sell,2,1,3228.0,1,tick,5.0,3,5,5,3226.6045333619118,3226.0,3227.0,-4,524
2025-03-27 22:59:58.500000+08:00,BACKTESTING.820,fu2505.SHFE,空,开,3229.0,1,sell,3,1,3228.4,1,tick,7.0,3,5,5,3226.6045333619118,3226.0,3227.0,-5,525
2025-03-28 09:00:00.500000+08:00,BACKTESTING.821,fu2505.SHFE,多,开,3228.0,1,buy,1,1,3228.4,1,tick,3.0,3,5,5,3228.9374665770692,3231.0,3232.0,-4,526
2025-03-28 09:00:00.500000+08:00,BACKTESTING.822,fu2505.SHFE,多,开,3228.0,1,buy,2,1,3228.0,1,tick,5.0,3,5,5,3228.9374665770692,3231.0,3232.0,-3,527
2025-03-28 09:00:01+08:00,BACKTESTING.823,fu2505.SHFE,多,开,3227.0,1,buy,3,1,3227.6,1,tick,7.0,3,5,5,3228.9374665770692,3231.0,3232.0,-2,528
2025-03-28 09:00:11+08:00,BACKTESTING.827,fu2505.SHFE,多,开,3226.0,1,buy,1,1,3226.0,1,tick,3.0,3,5,5,3227.2977903149063,3226.0,3227.0,-1,529
2025-03-28 09:00:11+08:00,BACKTESTING.828,fu2505.SHFE,多,开,3226.0,1,buy,2,1,3226.0,1,tick,5.0,3,5,5,3227.2977903149063,3226.0,3227.0,0,530
2025-03-28 09:01:10.500000+08:00,BACKTESTING.830,fu2505.SHFE,空,开,3228.0,1,sell,1,1,3228.0,1,tick,3.0,3,5,5,3227.2977903149063,3226.0,3227.0,-1,531
2025-03-28 09:01:11+08:00,BACKTESTING.831,fu2505.SHFE,空,开,3229.0,1,sell,2,1,3228.4,1,tick,5.0,3,5,5,3227.2977903149063,3226.0,3227.0,-2,532
2025-03-28 09:01:11+08:00,BACKTESTING.832,fu2505.SHFE,空,开,3229.0,1,sell,3,1,3228.8,1,tick,7.0,3,5,5,3227.2977903149063,3226.0,3227.0,-3,533
2025-03-28 09:01:26+08:00,BACKTESTING.833,fu2505.SHFE,多,开,3230.0,1,buy,1,1,3230.2,1,tick,3.0,3,5,5,3230.6105036536464,3231.0,3232.0,-2,534
2025-03-28 09:01:29.500000+08:00,BACKTESTING.834,fu2505.SHFE,多,开,3229.0,1,buy,2,1,3229.8,1,tick,5.0,3,5,5,3230.6105036536464,3231.0,3232.0,-1,535
2025-03-28 09:01:29.500000+08:00,BACKTESTING.835,fu2505.SHFE,多,开,3229.0,1,buy,3,1,3229.4,1,tick,7.0,3,5,5,3230.6105036536464,3231.0,3232.0,0,536
2025-03-28 09:05:15.500000+08:00,BACKTESTING.842,fu2505.SHFE,空,开,3229.0,1,sell,1,1,3228.4,1,tick,3.0,3,5,5,3227.762797591145,3226.0,3227.0,-1,537
2025-03-28 09:05:15.500000+08:00,BACKTESTING.843,fu2505.SHFE,空,开,3229.0,1,sell,2,1,3228.8,1,tick,5.0,3,5,5,3227.762797591145,3226.0,3227.0,-2,538
2025-03-28 09:05:21+08:00,BACKTESTING.844,fu2505.SHFE,空,开,3230.0,1,sell,3,1,3229.2000000000003,1,tick,7.0,3,5,5,3227.762797591145,3226.0,3227.0,-3,539
2025-03-28 09:14:51.500000+08:00,BACKTESTING.848,fu2505.SHFE,空,开,3233.0,1,sell,1,1,3232.2,1,tick,3.0,3,5,5,3230.606191151638,3231.0,3232.0,-4,540
2025-03-28 09:14:51.500000+08:00,BACKTESTING.849,fu2505.SHFE,空,开,3233.0,1,sell,2,1,3232.2,1,tick,5.0,3,5,5,3230.606191151638,3231.0,3232.0,-5,541
2025-03-28 09:14:51.500000+08:00,BACKTESTING.850,fu2505.SHFE,空,开,3233.0,1,sell,3,1,3232.4,1,tick,7.0,3,5,5,3230.606191151638,3231.0,3232.0,-6,542
2025-03-28 09:14:52.500000+08:00,BACKTESTING.851,fu2505.SHFE,多,平,3233.0,2,,,,,,,,,,,,,,-4,543
2025-03-28 09:15:03+08:00,BACKTESTING.855,fu2505.SHFE,空,开,3234.0,1,sell,1,1,3233.4,1,tick,3.0,3,5,5,3232.4877434808936,3232.0,3233.0,-5,544
2025-03-28 09:15:03+08:00,BACKTESTING.856,fu2505.SHFE,空,开,3234.0,1,sell,2,1,3233.8,1,tick,5.0,3,5,5,3232.4877434808936,3232.0,3233.0,-6,545
2025-03-28 09:15:41.500000+08:00,BACKTESTING.858,fu2505.SHFE,多,平,3234.0,2,,,,,,,,,,,,,,-4,546
2025-03-28 09:16:17.500000+08:00,BACKTESTING.859,fu2505.SHFE,多,开,3232.0,1,buy,1,1,3232.6,1,tick,3.0,3,5,5,3233.185884206803,3233.0,3234.0,-3,547
2025-03-28 09:16:17.500000+08:00,BACKTESTING.860,fu2505.SHFE,多,开,3232.0,1,buy,2,1,3232.2,1,tick,5.0,3,5,5,3233.185884206803,3233.0,3234.0,-2,548
2025-03-28 09:17:07+08:00,BACKTESTING.861,fu2505.SHFE,多,开,3231.0,1,buy,3,1,3231.8,1,tick,7.0,3,5,5,3233.185884206803,3233.0,3234.0,-1,549
2025-03-28 09:17:24+08:00,BACKTESTING.865,fu2505.SHFE,多,开,3228.0,1,buy,1,1,3228.0,1,tick,3.0,3,5,5,3229.2906400893107,3228.0,3229.0,0,550
2025-03-28 09:17:24+08:00,BACKTESTING.866,fu2505.SHFE,多,开,3228.0,1,buy,2,1,3228.0,1,tick,5.0,3,5,5,3229.2906400893107,3228.0,3229.0,1,551
2025-03-28 09:20:06.500000+08:00,BACKTESTING.867,fu2505.SHFE,多,开,3227.0,1,buy,3,1,3227.8,1,tick,7.0,3,5,5,3229.2906400893107,3228.0,3229.0,2,552
2025-03-28 09:20:37+08:00,BACKTESTING.868,fu2505.SHFE,空,开,3230.0,1,sell,1,1,3230.0,1,tick,3.0,3,5,5,3229.2906400893107,3228.0,3229.0,1,553
2025-03-28 09:20:40.500000+08:00,BACKTESTING.869,fu2505.SHFE,空,开,3231.0,1,sell,2,1,3230.4,1,tick,5.0,3,5,5,3229.2906400893107,3228.0,3229.0,0,554
2025-03-28 09:20:40.500000+08:00,BACKTESTING.870,fu2505.SHFE,空,开,3231.0,1,sell,3,1,3230.8,1,tick,7.0,3,5,5,3229.2906400893107,3228.0,3229.0,-1,555
2025-03-28 09:21:01.500000+08:00,BACKTESTING.871,fu2505.SHFE,多,开,3232.0,1,buy,1,1,3232.2000000000003,1,tick,3.0,3,5,5,3232.8476507103996,3233.0,3234.0,0,556
2025-03-28 09:21:19+08:00,BACKTESTING.872,fu2505.SHFE,多,开,3231.0,1,buy,2,1,3231.8,1,tick,5.0,3,5,5,3232.8476507103996,3233.0,3234.0,1,557
2025-03-28 09:21:19+08:00,BACKTESTING.873,fu2505.SHFE,多,开,3231.0,1,buy,3,1,3231.4,1,tick,7.0,3,5,5,3232.8476507103996,3233.0,3234.0,2,558
2025-03-28 09:23:00+08:00,BACKTESTING.874,fu2505.SHFE,空,开,3234.0,1,sell,1,1,3234.0,1,tick,3.0,3,5,5,3232.8476507103996,3233.0,3234.0,1,559
2025-03-28 09:23:00+08:00,BACKTESTING.875,fu2505.SHFE,空,开,3234.0,1,sell,2,1,3234.0,1,tick,5.0,3,5,5,3232.8476507103996,3233.0,3234.0,0,560
2025-03-28 09:23:08+08:00,BACKTESTING.876,fu2505.SHFE,空,开,3235.0,1,sell,3,1,3234.4,1,tick,7.0,3,5,5,3232.8476507103996,3233.0,3234.0,-1,561
2025-03-28 09:34:48+08:00,BACKTESTING.877,fu2505.SHFE,多,开,3228.0,1,buy,1,1,3228.0,1,tick,3.0,3,5,5,3229.28426894694,3228.0,3229.0,0,562
2025-03-28 09:34:48+08:00,BACKTESTING.878,fu2505.SHFE,多,开,3228.0,1,buy,2,1,3228.0,1,tick,5.0,3,5,5,3229.28426894694,3228.0,3229.0,1,563
2025-03-28 09:35:08.500000+08:00,BACKTESTING.879,fu2505.SHFE,多,开,3227.0,1,buy,3,1,3227.8,1,tick,7.0,3,5,5,3229.28426894694,3228.0,3229.0,2,564
2025-03-28 09:44:15+08:00,BACKTESTING.883,fu2505.SHFE,多,开,3224.0,1,buy,1,1,3224.0,1,tick,3.0,3,5,5,3225.097729473832,3224.0,3225.0,3,565
2025-03-28 09:44:15+08:00,BACKTESTING.884,fu2505.SHFE,多,开,3224.0,1,buy,2,1,3224.0,1,tick,5.0,3,5,5,3225.097729473832,3224.0,3225.0,4,566
2025-03-28 09:45:07+08:00,BACKTESTING.885,fu2505.SHFE,多,开,3223.0,1,buy,3,1,3223.6000000000004,1,tick,7.0,3,5,5,3225.097729473832,3224.0,3225.0,5,567
2025-03-28 09:53:47+08:00,BACKTESTING.892,fu2505.SHFE,空,开,3223.0,1,sell,1,1,3222.2000000000003,1,tick,3.0,3,5,5,3221.7722114584044,3220.0,3221.0,4,568
2025-03-28 09:53:47+08:00,BACKTESTING.893,fu2505.SHFE,空,开,3223.0,1,sell,2,1,3222.6000000000004,1,tick,5.0,3,5,5,3221.7722114584044,3220.0,3221.0,3,569
2025-03-28 09:53:47+08:00,BACKTESTING.894,fu2505.SHFE,空,开,3223.0,1,sell,3,1,3223.0000000000005,1,tick,7.0,3,5,5,3221.7722114584044,3220.0,3221.0,2,570
2025-03-28 10:02:53+08:00,BACKTESTING.889,fu2505.SHFE,多,开,3219.0,1,buy,1,1,3219.8,1,tick,3.0,3,5,5,3221.7722114584044,3220.0,3221.0,3,571
2025-03-28 10:02:53+08:00,BACKTESTING.890,fu2505.SHFE,多,开,3219.0,1,buy,2,1,3219.8,1,tick,5.0,3,5,5,3221.7722114584044,3220.0,3221.0,4,572
2025-03-28 10:02:53+08:00,BACKTESTING.891,fu2505.SHFE,多,开,3219.0,1,buy,3,1,3219.8,1,tick,7.0,3,5,5,3221.7722114584044,3220.0,3221.0,5,573
2025-03-28 10:42:37+08:00,BACKTESTING.898,fu2505.SHFE,空,开,3226.0,1,sell,1,1,3226.0,1,tick,3.0,3,5,5,3224.8651086988634,3225.0,3226.0,4,574
2025-03-28 10:42:37+08:00,BACKTESTING.899,fu2505.SHFE,空,开,3226.0,1,sell,2,1,3226.0,1,tick,5.0,3,5,5,3224.8651086988634,3225.0,3226.0,3,575
2025-03-28 10:42:59.500000+08:00,BACKTESTING.900,fu2505.SHFE,空,开,3227.0,1,sell,3,1,3226.2000000000003,1,tick,7.0,3,5,5,3224.8651086988634,3225.0,3226.0,2,576
2025-03-28 10:48:06+08:00,BACKTESTING.901,fu2505.SHFE,多,开,3228.0,1,buy,1,1,3228.2000000000003,1,tick,3.0,3,5,5,3228.914108525768,3229.0,3230.0,3,577
2025-03-28 10:50:18.500000+08:00,BACKTESTING.902,fu2505.SHFE,多,开,3227.0,1,buy,2,1,3227.8,1,tick,5.0,3,5,5,3228.914108525768,3229.0,3230.0,4,578
2025-03-28 10:50:18.500000+08:00,BACKTESTING.903,fu2505.SHFE,多,开,3227.0,1,buy,3,1,3227.4,1,tick,7.0,3,5,5,3228.914108525768,3229.0,3230.0,5,579
2025-03-28 10:53:03+08:00,BACKTESTING.907,fu2505.SHFE,多,开,3223.0,1,buy,1,1,3223.8,1,tick,3.0,3,5,5,3225.421633961294,3224.0,3225.0,6,580
2025-03-28 10:53:03+08:00,BACKTESTING.908,fu2505.SHFE,多,开,3223.0,1,buy,2,1,3223.8,1,tick,5.0,3,5,5,3225.421633961294,3224.0,3225.0,7,581
2025-03-28 10:53:03+08:00,BACKTESTING.909,fu2505.SHFE,多,开,3223.0,1,buy,3,1,3223.8,1,tick,7.0,3,5,5,3225.421633961294,3224.0,3225.0,8,582
2025-03-28 10:54:19.500000+08:00,BACKTESTING.913,fu2505.SHFE,空,平,3223.0,2,,,,,,,,,,,,,,6,583
2025-03-28 10:54:20+08:00,BACKTESTING.914,fu2505.SHFE,空,平,3223.0,2,,,,,,,,,,,,,,4,584
2025-03-28 10:54:45+08:00,BACKTESTING.918,fu2505.SHFE,空,开,3224.0,1,sell,1,1,3224.0000000000005,1,tick,3.0,3,5,5,3223.5742021392844,3223.0,3224.0,3,585
2025-03-28 11:03:11+08:00,BACKTESTING.915,fu2505.SHFE,多,开,3222.0,1,buy,1,1,3222.6000000000004,1,tick,3.0,3,5,5,3223.5742021392844,3223.0,3224.0,4,586
2025-03-28 11:03:11+08:00,BACKTESTING.916,fu2505.SHFE,多,开,3222.0,1,buy,2,1,3222.2000000000003,1,tick,5.0,3,5,5,3223.5742021392844,3223.0,3224.0,5,587
2025-03-28 11:07:44.500000+08:00,BACKTESTING.919,fu2505.SHFE,空,开,3225.0,1,sell,2,1,3224.4000000000005,1,tick,5.0,3,5,5,3223.5742021392844,3223.0,3224.0,4,588
2025-03-28 11:07:44.500000+08:00,BACKTESTING.920,fu2505.SHFE,空,开,3225.0,1,sell,3,1,3224.8,1,tick,7.0,3,5,5,3223.5742021392844,3223.0,3224.0,3,589
2025-03-28 11:23:01+08:00,BACKTESTING.917,fu2505.SHFE,多,开,3221.0,1,buy,3,1,3221.8,1,tick,7.0,3,5,5,3223.5742021392844,3223.0,3224.0,4,590
2025-03-28 11:29:07+08:00,BACKTESTING.921,fu2505.SHFE,多,开,3217.0,1,buy,1,1,3217.8,1,tick,3.0,3,5,5,3219.4365880778378,3218.0,3219.0,5,591
2025-03-28 11:29:07+08:00,BACKTESTING.922,fu2505.SHFE,多,开,3217.0,1,buy,2,1,3217.8,1,tick,5.0,3,5,5,3219.4365880778378,3218.0,3219.0,6,592
2025-03-28 11:29:07+08:00,BACKTESTING.923,fu2505.SHFE,多,开,3217.0,1,buy,3,1,3217.8,1,tick,7.0,3,5,5,3219.4365880778378,3218.0,3219.0,7,593
2025-03-28 14:00:52+08:00,BACKTESTING.927,fu2505.SHFE,空,平,3217.0,2,,,,,,,,,,,,,,5,594
2025-03-28 14:01:47.500000+08:00,BACKTESTING.931,fu2505.SHFE,空,开,3219.0,1,sell,1,1,3218.8,1,tick,3.0,3,5,5,3218.30535392725,3217.0,3218.0,4,595
2025-03-28 14:03:01+08:00,BACKTESTING.932,fu2505.SHFE,空,开,3220.0,1,sell,2,1,3219.2000000000003,1,tick,5.0,3,5,5,3218.30535392725,3217.0,3218.0,3,596
2025-03-28 14:03:01+08:00,BACKTESTING.933,fu2505.SHFE,空,开,3220.0,1,sell,3,1,3219.6000000000004,1,tick,7.0,3,5,5,3218.30535392725,3217.0,3218.0,2,597
2025-03-28 14:18:05+08:00,BACKTESTING.937,fu2505.SHFE,空,开,3223.0,1,sell,1,1,3223.0,1,tick,3.0,3,5,5,3221.4937037891314,3222.0,3223.0,1,598
2025-03-28 14:18:05+08:00,BACKTESTING.938,fu2505.SHFE,空,开,3223.0,1,sell,2,1,3223.0,1,tick,5.0,3,5,5,3221.4937037891314,3222.0,3223.0,0,599
2025-03-28 14:18:05+08:00,BACKTESTING.939,fu2505.SHFE,空,开,3223.0,1,sell,3,1,3223.0,1,tick,7.0,3,5,5,3221.4937037891314,3222.0,3223.0,-1,600
2025-03-28 14:25:25+08:00,BACKTESTING.940,fu2505.SHFE,多,开,3225.0,1,buy,1,1,3225.0,1,tick,3.0,3,5,5,3225.606125018876,3225.0,3226.0,0,601
2025-03-28 14:26:51+08:00,BACKTESTING.941,fu2505.SHFE,多,开,3224.0,1,buy,2,1,3224.6000000000004,1,tick,5.0,3,5,5,3225.606125018876,3225.0,3226.0,1,602
2025-03-28 14:26:51+08:00,BACKTESTING.942,fu2505.SHFE,多,开,3224.0,1,buy,3,1,3224.2000000000003,1,tick,7.0,3,5,5,3225.606125018876,3225.0,3226.0,2,603
2025-03-28 20:59:00.500000+08:00,BACKTESTING.949,fu2505.SHFE,空,开,3231.0,1,sell,1,1,3222.2000000000003,1,tick,3.0,3,5,5,3221.5961311913825,3221.0,3222.0,1,604
2025-03-28 20:59:00.500000+08:00,BACKTESTING.950,fu2505.SHFE,空,开,3231.0,1,sell,2,1,3222.6000000000004,1,tick,5.0,3,5,5,3221.5961311913825,3221.0,3222.0,0,605
2025-03-28 20:59:00.500000+08:00,BACKTESTING.951,fu2505.SHFE,空,开,3231.0,1,sell,3,1,3223.0,1,tick,7.0,3,5,5,3221.5961311913825,3221.0,3222.0,-1,606
2025-03-28 21:00:05+08:00,BACKTESTING.958,fu2505.SHFE,多,开,3226.0,1,buy,1,1,3226.0,1,tick,3.0,3,5,5,3227.106575297009,3226.0,3227.0,0,607
2025-03-28 21:00:05+08:00,BACKTESTING.959,fu2505.SHFE,多,开,3226.0,1,buy,2,1,3226.0,1,tick,5.0,3,5,5,3227.106575297009,3226.0,3227.0,1,608
2025-03-28 21:00:07.500000+08:00,BACKTESTING.961,fu2505.SHFE,空,开,3228.0,1,sell,1,1,3227.8,1,tick,3.0,3,5,5,3227.106575297009,3226.0,3227.0,0,609
2025-03-28 21:00:16+08:00,BACKTESTING.960,fu2505.SHFE,多,开,3225.0,1,buy,3,1,3225.6000000000004,1,tick,7.0,3,5,5,3227.106575297009,3226.0,3227.0,1,610
2025-03-28 21:00:53+08:00,BACKTESTING.962,fu2505.SHFE,空,开,3229.0,1,sell,2,1,3228.2000000000003,1,tick,5.0,3,5,5,3227.106575297009,3226.0,3227.0,0,611
2025-03-28 21:00:53+08:00,BACKTESTING.963,fu2505.SHFE,空,开,3229.0,1,sell,3,1,3228.6000000000004,1,tick,7.0,3,5,5,3227.106575297009,3226.0,3227.0,-1,612
2025-03-28 21:08:12+08:00,BACKTESTING.967,fu2505.SHFE,空,开,3232.0,1,sell,1,1,3232.0,1,tick,3.0,3,5,5,3230.01196753088,3231.0,3232.0,-2,613
2025-03-28 21:08:12+08:00,BACKTESTING.968,fu2505.SHFE,空,开,3232.0,1,sell,2,1,3232.0,1,tick,5.0,3,5,5,3230.01196753088,3231.0,3232.0,-3,614
2025-03-28 21:08:12+08:00,BACKTESTING.969,fu2505.SHFE,空,开,3232.0,1,sell,3,1,3232.0,1,tick,7.0,3,5,5,3230.01196753088,3231.0,3232.0,-4,615
2025-03-28 21:10:02+08:00,BACKTESTING.964,fu2505.SHFE,多,开,3229.0,1,buy,1,1,3229.4,1,tick,3.0,3,5,5,3230.01196753088,3231.0,3232.0,-3,616
2025-03-28 21:10:02+08:00,BACKTESTING.965,fu2505.SHFE,多,开,3229.0,1,buy,2,1,3229.0,1,tick,5.0,3,5,5,3230.01196753088,3231.0,3232.0,-2,617
2025-03-28 21:11:05.500000+08:00,BACKTESTING.966,fu2505.SHFE,多,开,3228.0,1,buy,3,1,3228.6000000000004,1,tick,7.0,3,5,5,3230.01196753088,3231.0,3232.0,-1,618
2025-03-28 21:11:25.500000+08:00,BACKTESTING.970,fu2505.SHFE,多,开,3226.0,1,buy,1,1,3226.0,1,tick,3.0,3,5,5,3227.1925396206634,3226.0,3227.0,0,619
2025-03-28 21:11:25.500000+08:00,BACKTESTING.971,fu2505.SHFE,多,开,3226.0,1,buy,2,1,3226.0,1,tick,5.0,3,5,5,3227.1925396206634,3226.0,3227.0,1,620
2025-03-28 21:14:49.500000+08:00,BACKTESTING.973,fu2505.SHFE,空,开,3228.0,1,sell,1,1,3227.8,1,tick,3.0,3,5,5,3227.1925396206634,3226.0,3227.0,0,621
2025-03-28 21:15:01.500000+08:00,BACKTESTING.974,fu2505.SHFE,空,开,3229.0,1,sell,2,1,3228.2000000000003,1,tick,5.0,3,5,5,3227.1925396206634,3226.0,3227.0,-1,622
2025-03-28 21:15:01.500000+08:00,BACKTESTING.975,fu2505.SHFE,空,开,3229.0,1,sell,3,1,3228.6000000000004,1,tick,7.0,3,5,5,3227.1925396206634,3226.0,3227.0,-2,623
2025-03-28 21:19:49+08:00,BACKTESTING.972,fu2505.SHFE,多,开,3225.0,1,buy,3,1,3225.6000000000004,1,tick,7.0,3,5,5,3227.1925396206634,3226.0,3227.0,-1,624
2025-03-28 21:21:08+08:00,BACKTESTING.976,fu2505.SHFE,多,开,3222.0,1,buy,1,1,3222.0,1,tick,3.0,3,5,5,3222.9568174162932,3222.0,3223.0,0,625
2025-03-28 21:22:07+08:00,BACKTESTING.977,fu2505.SHFE,多,开,3221.0,1,buy,2,1,3221.8,1,tick,5.0,3,5,5,3222.9568174162932,3222.0,3223.0,1,626
2025-03-28 21:22:07+08:00,BACKTESTING.978,fu2505.SHFE,多,开,3221.0,1,buy,3,1,3221.4,1,tick,7.0,3,5,5,3222.9568174162932,3222.0,3223.0,2,627
2025-03-28 21:33:45+08:00,BACKTESTING.982,fu2505.SHFE,多,开,3218.0,1,buy,1,1,3218.0,1,tick,3.0,3,5,5,3218.79338003682,3218.0,3219.0,3,628
2025-03-28 21:33:46.500000+08:00,BACKTESTING.983,fu2505.SHFE,多,开,3217.0,1,buy,2,1,3217.6000000000004,1,tick,5.0,3,5,5,3218.79338003682,3218.0,3219.0,4,629
2025-03-28 21:33:46.500000+08:00,BACKTESTING.984,fu2505.SHFE,多,开,3217.0,1,buy,3,1,3217.2000000000003,1,tick,7.0,3,5,5,3218.79338003682,3218.0,3219.0,5,630
2025-03-28 21:41:44+08:00,BACKTESTING.991,fu2505.SHFE,空,开,3216.0,1,sell,1,1,3216.0000000000005,1,tick,3.0,3,5,5,3215.5253316219537,3214.0,3215.0,4,631
2025-03-28 21:41:58.500000+08:00,BACKTESTING.992,fu2505.SHFE,空,开,3217.0,1,sell,2,1,3216.4000000000005,1,tick,5.0,3,5,5,3215.5253316219537,3214.0,3215.0,3,632
2025-03-28 21:41:58.500000+08:00,BACKTESTING.993,fu2505.SHFE,空,开,3217.0,1,sell,3,1,3216.8,1,tick,7.0,3,5,5,3215.5253316219537,3214.0,3215.0,2,633
2025-03-28 21:51:55.500000+08:00,BACKTESTING.988,fu2505.SHFE,多,开,3213.0,1,buy,1,1,3213.8,1,tick,3.0,3,5,5,3215.5253316219537,3214.0,3215.0,3,634
2025-03-28 21:51:55.500000+08:00,BACKTESTING.989,fu2505.SHFE,多,开,3213.0,1,buy,2,1,3213.8,1,tick,5.0,3,5,5,3215.5253316219537,3214.0,3215.0,4,635
2025-03-28 21:51:55.500000+08:00,BACKTESTING.990,fu2505.SHFE,多,开,3213.0,1,buy,3,1,3213.8,1,tick,7.0,3,5,5,3215.5253316219537,3214.0,3215.0,5,636
2025-03-28 22:08:36+08:00,BACKTESTING.994,fu2505.SHFE,多,开,3209.0,1,buy,1,1,3209.8,1,tick,3.0,3,5,5,3211.3526020500294,3210.0,3211.0,6,637
2025-03-28 22:08:36+08:00,BACKTESTING.995,fu2505.SHFE,多,开,3209.0,1,buy,2,1,3209.8,1,tick,5.0,3,5,5,3211.3526020500294,3210.0,3211.0,7,638
2025-03-28 22:08:36+08:00,BACKTESTING.996,fu2505.SHFE,多,开,3209.0,1,buy,3,1,3209.6000000000004,1,tick,7.0,3,5,5,3211.3526020500294,3210.0,3211.0,8,639
2025-03-28 22:08:36.500000+08:00,BACKTESTING.1000,fu2505.SHFE,空,平,3209.0,2,,,,,,,,,,,,,,6,640
2025-03-28 22:08:37+08:00,BACKTESTING.1001,fu2505.SHFE,空,平,3209.0,2,,,,,,,,,,,,,,4,641
2025-03-28 22:08:58.500000+08:00,BACKTESTING.1005,fu2505.SHFE,空,开,3210.0,1,sell,1,1,3210.0000000000005,1,tick,3.0,3,5,5,3209.5093368586313,3209.0,3210.0,3,642
2025-03-28 22:09:21.500000+08:00,BACKTESTING.1006,fu2505.SHFE,空,开,3211.0,1,sell,2,1,3210.4000000000005,1,tick,5.0,3,5,5,3209.5093368586313,3209.0,3210.0,2,643
2025-03-28 22:09:21.500000+08:00,BACKTESTING.1007,fu2505.SHFE,空,开,3211.0,1,sell,3,1,3210.8,1,tick,7.0,3,5,5,3209.5093368586313,3209.0,3210.0,1,644
2025-03-28 22:14:17+08:00,BACKTESTING.1002,fu2505.SHFE,多,开,3208.0,1,buy,1,1,3208.6000000000004,1,tick,3.0,3,5,5,3209.5093368586313,3209.0,3210.0,2,645
2025-03-28 22:14:17+08:00,BACKTESTING.1003,fu2505.SHFE,多,开,3208.0,1,buy,2,1,3208.2000000000003,1,tick,5.0,3,5,5,3209.5093368586313,3209.0,3210.0,3,646
2025-03-28 22:14:18.500000+08:00,BACKTESTING.1004,fu2505.SHFE,多,开,3207.0,1,buy,3,1,3207.8,1,tick,7.0,3,5,5,3209.5093368586313,3209.0,3210.0,4,647
2025-03-28 22:14:25.500000+08:00,BACKTESTING.1011,fu2505.SHFE,空,开,3207.0,1,sell,1,1,3206.8,1,tick,3.0,3,5,5,3206.246329559686,3204.0,3205.0,3,648
2025-03-28 22:17:30.500000+08:00,BACKTESTING.1008,fu2505.SHFE,多,开,3203.0,1,buy,1,1,3203.8,1,tick,3.0,3,5,5,3206.246329559686,3204.0,3205.0,4,649
2025-03-28 22:17:30.500000+08:00,BACKTESTING.1009,fu2505.SHFE,多,开,3203.0,1,buy,2,1,3203.8,1,tick,5.0,3,5,5,3206.246329559686,3204.0,3205.0,5,650
2025-03-28 22:17:30.500000+08:00,BACKTESTING.1010,fu2505.SHFE,多,开,3203.0,1,buy,3,1,3203.8,1,tick,7.0,3,5,5,3206.246329559686,3204.0,3205.0,6,651
2025-03-28 22:17:37+08:00,BACKTESTING.1014,fu2505.SHFE,空,平,3203.0,2,,,,,,,,,,,,,,4,652
2025-03-28 22:18:40.500000+08:00,BACKTESTING.1015,fu2505.SHFE,多,开,3202.0,1,buy,1,1,3202.8,1,tick,3.0,3,5,5,3204.045313096205,3203.0,3204.0,5,653
2025-03-28 22:18:40.500000+08:00,BACKTESTING.1016,fu2505.SHFE,多,开,3202.0,1,buy,2,1,3202.8,1,tick,5.0,3,5,5,3204.045313096205,3203.0,3204.0,6,654
2025-03-28 22:18:40.500000+08:00,BACKTESTING.1017,fu2505.SHFE,多,开,3202.0,1,buy,3,1,3202.4000000000005,1,tick,7.0,3,5,5,3204.045313096205,3203.0,3204.0,7,655
2025-03-28 22:19:05+08:00,BACKTESTING.1021,fu2505.SHFE,空,平,3202.0,2,,,,,,,,,,,,,,5,656
2025-03-28 22:19:08.500000+08:00,BACKTESTING.1025,fu2505.SHFE,空,开,3203.0,1,sell,1,1,3203.0000000000005,1,tick,3.0,3,5,5,3202.4096889752977,3202.0,3203.0,4,657
2025-03-28 22:19:52+08:00,BACKTESTING.1022,fu2505.SHFE,多,开,3201.0,1,buy,1,1,3201.6000000000004,1,tick,3.0,3,5,5,3202.4096889752977,3202.0,3203.0,5,658
2025-03-28 22:19:52+08:00,BACKTESTING.1023,fu2505.SHFE,多,开,3201.0,1,buy,2,1,3201.2000000000003,1,tick,5.0,3,5,5,3202.4096889752977,3202.0,3203.0,6,659
2025-03-28 22:19:54.500000+08:00,BACKTESTING.1028,fu2505.SHFE,空,平,3201.0,2,,,,,,,,,,,,,,4,660
2025-03-28 22:20:40.500000+08:00,BACKTESTING.1032,fu2505.SHFE,空,开,3203.0,1,sell,1,1,3202.2000000000003,1,tick,3.0,3,5,5,3201.7610431594094,3201.0,3202.0,3,661
2025-03-28 22:20:40.500000+08:00,BACKTESTING.1033,fu2505.SHFE,空,开,3203.0,1,sell,2,1,3202.6000000000004,1,tick,5.0,3,5,5,3201.7610431594094,3201.0,3202.0,2,662
2025-03-28 22:20:40.500000+08:00,BACKTESTING.1034,fu2505.SHFE,空,开,3203.0,1,sell,3,1,3203.0000000000005,1,tick,7.0,3,5,5,3201.7610431594094,3201.0,3202.0,1,663
2025-03-28 22:26:56.500000+08:00,BACKTESTING.1029,fu2505.SHFE,多,开,3200.0,1,buy,1,1,3200.8,1,tick,3.0,3,5,5,3201.7610431594094,3201.0,3202.0,2,664
2025-03-28 22:26:56.500000+08:00,BACKTESTING.1030,fu2505.SHFE,多,开,3200.0,1,buy,2,1,3200.4000000000005,1,tick,5.0,3,5,5,3201.7610431594094,3201.0,3202.0,3,665
2025-03-28 22:26:56.500000+08:00,BACKTESTING.1031,fu2505.SHFE,多,开,3200.0,1,buy,3,1,3200.0000000000005,1,tick,7.0,3,5,5,3201.7610431594094,3201.0,3202.0,4,666
2025-03-28 22:28:38+08:00,BACKTESTING.1035,fu2505.SHFE,多,开,3195.0,1,buy,1,1,3195.8,1,tick,3.0,3,5,5,3197.5568271764196,3196.0,3197.0,5,667
2025-03-28 22:28:38+08:00,BACKTESTING.1036,fu2505.SHFE,多,开,3195.0,1,buy,2,1,3195.8,1,tick,5.0,3,5,5,3197.5568271764196,3196.0,3197.0,6,668
2025-03-28 22:28:38+08:00,BACKTESTING.1037,fu2505.SHFE,多,开,3195.0,1,buy,3,1,3195.8,1,tick,7.0,3,5,5,3197.5568271764196,3196.0,3197.0,7,669
2025-03-28 22:28:38.500000+08:00,BACKTESTING.1041,fu2505.SHFE,空,平,3195.0,2,,,,,,,,,,,,,,5,670
2025-03-28 22:28:46+08:00,BACKTESTING.1045,fu2505.SHFE,空,开,3196.0,1,sell,1,1,3196.0000000000005,1,tick,3.0,3,5,5,3195.5969235404173,3195.0,3196.0,4,671
2025-03-28 22:30:01.500000+08:00,BACKTESTING.1042,fu2505.SHFE,多,开,3194.0,1,buy,1,1,3194.6000000000004,1,tick,3.0,3,5,5,3195.5969235404173,3195.0,3196.0,5,672
2025-03-28 22:30:01.500000+08:00,BACKTESTING.1043,fu2505.SHFE,多,开,3194.0,1,buy,2,1,3194.2000000000003,1,tick,5.0,3,5,5,3195.5969235404173,3195.0,3196.0,6,673
2025-03-28 22:30:03+08:00,BACKTESTING.1048,fu2505.SHFE,空,平,3194.0,2,,,,,,,,,,,,,,4,674
2025-03-28 22:30:08+08:00,BACKTESTING.1052,fu2505.SHFE,空,开,3196.0,1,sell,1,1,3195.4000000000005,1,tick,3.0,3,5,5,3194.8848876484176,3194.0,3195.0,3,675
2025-03-28 22:30:08+08:00,BACKTESTING.1053,fu2505.SHFE,空,开,3196.0,1,sell,2,1,3195.8,1,tick,5.0,3,5,5,3194.8848876484176,3194.0,3195.0,2,676
2025-03-28 22:30:26.500000+08:00,BACKTESTING.1054,fu2505.SHFE,空,开,3197.0,1,sell,3,1,3196.2000000000003,1,tick,7.0,3,5,5,3194.8848876484176,3194.0,3195.0,1,677
2025-03-28 22:31:30.500000+08:00,BACKTESTING.1049,fu2505.SHFE,多,开,3193.0,1,buy,1,1,3193.8,1,tick,3.0,3,5,5,3194.8848876484176,3194.0,3195.0,2,678
2025-03-28 22:31:30.500000+08:00,BACKTESTING.1050,fu2505.SHFE,多,开,3193.0,1,buy,2,1,3193.6000000000004,1,tick,5.0,3,5,5,3194.8848876484176,3194.0,3195.0,3,679
2025-03-28 22:31:30.500000+08:00,BACKTESTING.1051,fu2505.SHFE,多,开,3193.0,1,buy,3,1,3193.2000000000003,1,tick,7.0,3,5,5,3194.8848876484176,3194.0,3195.0,4,680
2025-03-28 22:32:18.500000+08:00,BACKTESTING.1055,fu2505.SHFE,多,开,3189.0,1,buy,1,1,3189.8,1,tick,3.0,3,5,5,3190.7779929284907,3190.0,3191.0,5,681
2025-03-28 22:32:18.500000+08:00,BACKTESTING.1056,fu2505.SHFE,多,开,3189.0,1,buy,2,1,3189.4000000000005,1,tick,5.0,3,5,5,3190.7779929284907,3190.0,3191.0,6,682
2025-03-28 22:32:18.500000+08:00,BACKTESTING.1057,fu2505.SHFE,多,开,3189.0,1,buy,3,1,3189.0000000000005,1,tick,7.0,3,5,5,3190.7779929284907,3190.0,3191.0,7,683
2025-03-28 22:32:19.500000+08:00,BACKTESTING.1061,fu2505.SHFE,空,平,3189.0,2,,,,,,,,,,,,,,5,684
2025-03-28 22:32:29+08:00,BACKTESTING.1065,fu2505.SHFE,空,开,3190.0,1,sell,1,1,3190.0000000000005,1,tick,3.0,3,5,5,3189.5057572280793,3189.0,3190.0,4,685
2025-03-28 22:33:16+08:00,BACKTESTING.1062,fu2505.SHFE,多,开,3188.0,1,buy,1,1,3188.6000000000004,1,tick,3.0,3,5,5,3189.5057572280793,3189.0,3190.0,5,686
2025-03-28 22:33:16+08:00,BACKTESTING.1063,fu2505.SHFE,多,开,3188.0,1,buy,2,1,3188.2000000000003,1,tick,5.0,3,5,5,3189.5057572280793,3189.0,3190.0,6,687
2025-03-28 22:33:24+08:00,BACKTESTING.1068,fu2505.SHFE,空,平,3188.0,2,,,,,,,,,,,,,,4,688
2025-03-28 22:35:06+08:00,BACKTESTING.1072,fu2505.SHFE,空,开,3190.0,1,sell,1,1,3189.2000000000003,1,tick,3.0,3,5,5,3188.6252501154568,3188.0,3189.0,3,689
2025-03-28 22:35:06+08:00,BACKTESTING.1073,fu2505.SHFE,空,开,3190.0,1,sell,2,1,3189.6000000000004,1,tick,5.0,3,5,5,3188.6252501154568,3188.0,3189.0,2,690
2025-03-28 22:35:06+08:00,BACKTESTING.1074,fu2505.SHFE,空,开,3190.0,1,sell,3,1,3190.0000000000005,1,tick,7.0,3,5,5,3188.6252501154568,3188.0,3189.0,1,691
2025-03-28 22:37:07+08:00,BACKTESTING.1075,fu2505.SHFE,多,开,3191.0,1,buy,1,1,3191.4,1,tick,3.0,3,5,5,3192.17175099157,3193.0,3194.0,2,692
2025-03-28 22:37:07+08:00,BACKTESTING.1076,fu2505.SHFE,多,开,3191.0,1,buy,2,1,3191.0,1,tick,5.0,3,5,5,3192.17175099157,3193.0,3194.0,3,693
2025-03-28 22:37:13.500000+08:00,BACKTESTING.1077,fu2505.SHFE,多,开,3190.0,1,buy,3,1,3190.6000000000004,1,tick,7.0,3,5,5,3192.17175099157,3193.0,3194.0,4,694
2025-03-28 22:39:43.500000+08:00,BACKTESTING.1078,fu2505.SHFE,空,开,3194.0,1,sell,1,1,3194.0,1,tick,3.0,3,5,5,3192.17175099157,3193.0,3194.0,3,695
2025-03-28 22:39:43.500000+08:00,BACKTESTING.1079,fu2505.SHFE,空,开,3194.0,1,sell,2,1,3194.0,1,tick,5.0,3,5,5,3192.17175099157,3193.0,3194.0,2,696
2025-03-28 22:39:43.500000+08:00,BACKTESTING.1080,fu2505.SHFE,空,开,3194.0,1,sell,3,1,3194.0,1,tick,7.0,3,5,5,3192.17175099157,3193.0,3194.0,1,697
2025-03-28 22:45:04+08:00,BACKTESTING.1084,fu2505.SHFE,空,开,3197.0,1,sell,1,1,3197.0,1,tick,3.0,3,5,5,3196.2143746538063,3196.0,3197.0,0,698
2025-03-28 22:45:05+08:00,BACKTESTING.1085,fu2505.SHFE,空,开,3198.0,1,sell,2,1,3197.4,1,tick,5.0,3,5,5,3196.2143746538063,3196.0,3197.0,-1,699
2025-03-28 22:45:05+08:00,BACKTESTING.1086,fu2505.SHFE,空,开,3198.0,1,sell,3,1,3197.8,1,tick,7.0,3,5,5,3196.2143746538063,3196.0,3197.0,-2,700
2025-03-28 22:47:57.500000+08:00,BACKTESTING.1081,fu2505.SHFE,多,开,3195.0,1,buy,1,1,3195.6000000000004,1,tick,3.0,3,5,5,3196.2143746538063,3196.0,3197.0,-1,701
2025-03-28 22:47:57.500000+08:00,BACKTESTING.1082,fu2505.SHFE,多,开,3195.0,1,buy,2,1,3195.2000000000003,1,tick,5.0,3,5,5,3196.2143746538063,3196.0,3197.0,0,702
2025-03-28 22:59:59+08:00,BACKTESTING.1083,fu2505.SHFE,多,开,3194.0,1,buy,3,1,3194.8,1,tick,7.0,3,5,5,3196.2143746538063,3196.0,3197.0,1,703
2025-03-31 09:00:00.500000+08:00,BACKTESTING.1087,fu2505.SHFE,多,开,3174.0,1,buy,1,1,3175.0,1,tick,3.0,3,5,5,3190.7887148485256,3175.0,3176.0,2,704
2025-03-31 09:00:00.500000+08:00,BACKTESTING.1088,fu2505.SHFE,多,开,3174.0,1,buy,2,1,3175.0,1,tick,5.0,3,5,5,3190.7887148485256,3175.0,3176.0,3,705
2025-03-31 09:00:00.500000+08:00,BACKTESTING.1089,fu2505.SHFE,多,开,3174.0,1,buy,3,1,3175.0,1,tick,7.0,3,5,5,3190.7887148485256,3175.0,3176.0,4,706
2025-03-31 09:00:09+08:00,BACKTESTING.1099,fu2505.SHFE,多,开,3178.0,1,buy,1,1,3178.8,1,tick,3.0,3,5,5,3179.696455482505,3179.0,3180.0,5,707
2025-03-31 09:00:09+08:00,BACKTESTING.1100,fu2505.SHFE,多,开,3178.0,1,buy,2,1,3178.4000000000005,1,tick,5.0,3,5,5,3179.696455482505,3179.0,3180.0,6,708
2025-03-31 09:00:09+08:00,BACKTESTING.1101,fu2505.SHFE,多,开,3178.0,1,buy,3,1,3178.0000000000005,1,tick,7.0,3,5,5,3179.696455482505,3179.0,3180.0,7,709
2025-03-31 09:00:09.500000+08:00,BACKTESTING.1105,fu2505.SHFE,空,平,3178.0,2,,,,,,,,,,,,,,5,710
2025-03-31 09:00:14.500000+08:00,BACKTESTING.1106,fu2505.SHFE,多,开,3177.0,1,buy,1,1,3177.8,1,tick,3.0,3,5,5,3179.2360619275314,3178.0,3179.0,6,711
2025-03-31 09:00:14.500000+08:00,BACKTESTING.1107,fu2505.SHFE,多,开,3177.0,1,buy,2,1,3177.8,1,tick,5.0,3,5,5,3179.2360619275314,3178.0,3179.0,7,712
2025-03-31 09:00:14.500000+08:00,BACKTESTING.1108,fu2505.SHFE,多,开,3177.0,1,buy,3,1,3177.6000000000004,1,tick,7.0,3,5,5,3179.2360619275314,3178.0,3179.0,8,713
2025-03-31 09:00:15+08:00,BACKTESTING.1112,fu2505.SHFE,空,平,3177.0,2,,,,,,,,,,,,,,6,714
2025-03-31 09:00:15.500000+08:00,BACKTESTING.1113,fu2505.SHFE,空,平,3177.0,2,,,,,,,,,,,,,,4,715
2025-03-31 09:00:35.500000+08:00,BACKTESTING.1117,fu2505.SHFE,空,开,3179.0,1,sell,1,1,3178.2000000000003,1,tick,3.0,3,5,5,3177.7104953513467,3177.0,3178.0,3,716
2025-03-31 09:00:35.500000+08:00,BACKTESTING.1118,fu2505.SHFE,空,开,3179.0,1,sell,2,1,3178.6000000000004,1,tick,5.0,3,5,5,3177.7104953513467,3177.0,3178.0,2,717
2025-03-31 09:00:35.500000+08:00,BACKTESTING.1119,fu2505.SHFE,空,开,3179.0,1,sell,3,1,3179.0000000000005,1,tick,7.0,3,5,5,3177.7104953513467,3177.0,3178.0,1,718
2025-03-31 09:01:07.500000+08:00,BACKTESTING.1123,fu2505.SHFE,空,开,3183.0,1,sell,1,1,3183.0,1,tick,3.0,3,5,5,3180.468686832943,3182.0,3183.0,0,719
2025-03-31 09:01:07.500000+08:00,BACKTESTING.1124,fu2505.SHFE,空,开,3183.0,1,sell,2,1,3183.0,1,tick,5.0,3,5,5,3180.468686832943,3182.0,3183.0,-1,720
2025-03-31 09:01:07.500000+08:00,BACKTESTING.1125,fu2505.SHFE,空,开,3183.0,1,sell,3,1,3183.0,1,tick,7.0,3,5,5,3180.468686832943,3182.0,3183.0,-2,721
2025-03-31 09:01:22+08:00,BACKTESTING.1129,fu2505.SHFE,空,开,3186.0,1,sell,1,1,3186.0,1,tick,3.0,3,5,5,3184.6122074130103,3185.0,3186.0,-3,722
2025-03-31 09:01:22+08:00,BACKTESTING.1130,fu2505.SHFE,空,开,3186.0,1,sell,2,1,3186.0,1,tick,5.0,3,5,5,3184.6122074130103,3185.0,3186.0,-4,723
2025-03-31 09:01:26+08:00,BACKTESTING.1131,fu2505.SHFE,空,开,3187.0,1,sell,3,1,3186.2000000000003,1,tick,7.0,3,5,5,3184.6122074130103,3185.0,3186.0,-5,724
2025-03-31 09:02:01+08:00,BACKTESTING.1132,fu2505.SHFE,多,开,3187.0,1,buy,1,1,3187.8,1,tick,3.0,3,5,5,3188.3988521672245,3189.0,3190.0,-4,725
2025-03-31 09:02:01+08:00,BACKTESTING.1133,fu2505.SHFE,多,开,3187.0,1,buy,2,1,3187.4,1,tick,5.0,3,5,5,3188.3988521672245,3189.0,3190.0,-3,726
2025-03-31 09:02:01+08:00,BACKTESTING.1134,fu2505.SHFE,多,开,3187.0,1,buy,3,1,3187.0,1,tick,7.0,3,5,5,3188.3988521672245,3189.0,3190.0,-2,727
2025-03-31 09:02:28.500000+08:00,BACKTESTING.1141,fu2505.SHFE,空,开,3186.0,1,sell,1,1,3186.0,1,tick,3.0,3,5,5,3185.3679358246213,3184.0,3185.0,-3,728
2025-03-31 09:02:46.500000+08:00,BACKTESTING.1142,fu2505.SHFE,空,开,3187.0,1,sell,2,1,3186.4,1,tick,5.0,3,5,5,3185.3679358246213,3184.0,3185.0,-4,729
2025-03-31 09:02:46.500000+08:00,BACKTESTING.1143,fu2505.SHFE,空,开,3187.0,1,sell,3,1,3186.8,1,tick,7.0,3,5,5,3185.3679358246213,3184.0,3185.0,-5,730
2025-03-31 09:04:16+08:00,BACKTESTING.1147,fu2505.SHFE,空,开,3191.0,1,sell,1,1,3190.2,1,tick,3.0,3,5,5,3188.011626045539,3189.0,3190.0,-6,731
2025-03-31 09:04:16+08:00,BACKTESTING.1148,fu2505.SHFE,空,开,3191.0,1,sell,2,1,3190.2,1,tick,5.0,3,5,5,3188.011626045539,3189.0,3190.0,-7,732
2025-03-31 09:04:16+08:00,BACKTESTING.1149,fu2505.SHFE,空,开,3191.0,1,sell,3,1,3190.2,1,tick,7.0,3,5,5,3188.011626045539,3189.0,3190.0,-8,733
2025-03-31 09:05:10+08:00,BACKTESTING.1150,fu2505.SHFE,多,平,3191.0,2,,,,,,,,,,,,,,-6,734
2025-03-31 09:05:10.500000+08:00,BACKTESTING.1151,fu2505.SHFE,多,平,3191.0,2,,,,,,,,,,,,,,-4,735
2025-03-31 09:05:32+08:00,BACKTESTING.1155,fu2505.SHFE,空,开,3192.0,1,sell,1,1,3191.6,1,tick,3.0,3,5,5,3190.6848299837966,3190.0,3191.0,-5,736
2025-03-31 09:05:32+08:00,BACKTESTING.1156,fu2505.SHFE,空,开,3192.0,1,sell,2,1,3192.0,1,tick,5.0,3,5,5,3190.6848299837966,3190.0,3191.0,-6,737
2025-03-31 09:06:03.500000+08:00,BACKTESTING.1158,fu2505.SHFE,多,平,3192.0,2,,,,,,,,,,,,,,-4,738
2025-03-31 09:06:16+08:00,BACKTESTING.1159,fu2505.SHFE,多,开,3191.0,1,buy,1,1,3191.0,1,tick,3.0,3,5,5,3191.459450434617,3191.0,3192.0,-3,739
2025-03-31 09:06:39+08:00,BACKTESTING.1160,fu2505.SHFE,多,开,3190.0,1,buy,2,1,3190.6,1,tick,5.0,3,5,5,3191.459450434617,3191.0,3192.0,-2,740
2025-03-31 09:06:39+08:00,BACKTESTING.1161,fu2505.SHFE,多,开,3190.0,1,buy,3,1,3190.2,1,tick,7.0,3,5,5,3191.459450434617,3191.0,3192.0,-1,741
2025-03-31 09:10:03+08:00,BACKTESTING.1165,fu2505.SHFE,多,开,3186.0,1,buy,1,1,3186.8,1,tick,3.0,3,5,5,3187.58610551549,3187.0,3188.0,0,742
2025-03-31 09:10:03+08:00,BACKTESTING.1166,fu2505.SHFE,多,开,3186.0,1,buy,2,1,3186.4,1,tick,5.0,3,5,5,3187.58610551549,3187.0,3188.0,1,743
2025-03-31 09:10:03+08:00,BACKTESTING.1167,fu2505.SHFE,多,开,3186.0,1,buy,3,1,3186.0,1,tick,7.0,3,5,5,3187.58610551549,3187.0,3188.0,2,744
2025-03-31 09:11:40.500000+08:00,BACKTESTING.1174,fu2505.SHFE,空,开,3184.0,1,sell,1,1,3184.0,1,tick,3.0,3,5,5,3183.386879576185,3182.0,3183.0,1,745
2025-03-31 09:11:51+08:00,BACKTESTING.1175,fu2505.SHFE,空,开,3185.0,1,sell,2,1,3184.4,1,tick,5.0,3,5,5,3183.386879576185,3182.0,3183.0,0,746
2025-03-31 09:11:51+08:00,BACKTESTING.1176,fu2505.SHFE,空,开,3185.0,1,sell,3,1,3184.8,1,tick,7.0,3,5,5,3183.386879576185,3182.0,3183.0,-1,747
2025-03-31 09:12:32+08:00,BACKTESTING.1180,fu2505.SHFE,空,开,3188.0,1,sell,1,1,3188.0,1,tick,3.0,3,5,5,3186.9082510207754,3187.0,3188.0,-2,748
2025-03-31 09:12:32+08:00,BACKTESTING.1181,fu2505.SHFE,空,开,3188.0,1,sell,2,1,3188.0,1,tick,5.0,3,5,5,3186.9082510207754,3187.0,3188.0,-3,749
2025-03-31 09:13:41+08:00,BACKTESTING.1182,fu2505.SHFE,空,开,3189.0,1,sell,3,1,3188.4,1,tick,7.0,3,5,5,3186.9082510207754,3187.0,3188.0,-4,750
2025-03-31 09:25:46.500000+08:00,BACKTESTING.1183,fu2505.SHFE,多,开,3190.0,1,buy,1,1,3190.2,1,tick,3.0,3,5,5,3190.6634572214184,3191.0,3192.0,-3,751
2025-03-31 09:28:22.500000+08:00,BACKTESTING.1186,fu2505.SHFE,空,开,3193.0,1,sell,1,1,3192.2,1,tick,3.0,3,5,5,3190.6634572214184,3191.0,3192.0,-4,752
2025-03-31 09:28:22.500000+08:00,BACKTESTING.1187,fu2505.SHFE,空,开,3193.0,1,sell,2,1,3192.2,1,tick,5.0,3,5,5,3190.6634572214184,3191.0,3192.0,-5,753
2025-03-31 09:28:22.500000+08:00,BACKTESTING.1188,fu2505.SHFE,空,开,3193.0,1,sell,3,1,3192.4,1,tick,7.0,3,5,5,3190.6634572214184,3191.0,3192.0,-6,754
2025-03-31 10:07:37.500000+08:00,BACKTESTING.1189,fu2505.SHFE,多,平,3193.0,2,,,,,,,,,,,,,,-4,755
2025-03-31 10:07:43.500000+08:00,BACKTESTING.1190,fu2505.SHFE,多,开,3191.0,1,buy,1,1,3191.8,1,tick,3.0,3,5,5,3192.3623612858637,3192.0,3193.0,-3,756
2025-03-31 10:07:43.500000+08:00,BACKTESTING.1191,fu2505.SHFE,多,开,3191.0,1,buy,2,1,3191.4,1,tick,5.0,3,5,5,3192.3623612858637,3192.0,3193.0,-2,757
2025-03-31 10:07:43.500000+08:00,BACKTESTING.1192,fu2505.SHFE,多,开,3191.0,1,buy,3,1,3191.0,1,tick,7.0,3,5,5,3192.3623612858637,3192.0,3193.0,-1,758
2025-03-31 10:11:25.500000+08:00,BACKTESTING.1196,fu2505.SHFE,多,开,3187.0,1,buy,1,1,3187.0,1,tick,3.0,3,5,5,3188.606052640188,3187.0,3188.0,0,759
2025-03-31 10:11:25.500000+08:00,BACKTESTING.1197,fu2505.SHFE,多,开,3187.0,1,buy,2,1,3187.0,1,tick,5.0,3,5,5,3188.606052640188,3187.0,3188.0,1,760
2025-03-31 10:11:25.500000+08:00,BACKTESTING.1198,fu2505.SHFE,多,开,3187.0,1,buy,3,1,3187.0,1,tick,7.0,3,5,5,3188.606052640188,3187.0,3188.0,2,761
2025-03-31 10:14:32.500000+08:00,BACKTESTING.1199,fu2505.SHFE,空,开,3190.0,1,sell,1,1,3189.4,1,tick,3.0,3,5,5,3188.606052640188,3187.0,3188.0,1,762
2025-03-31 10:14:32.500000+08:00,BACKTESTING.1200,fu2505.SHFE,空,开,3190.0,1,sell,2,1,3189.8,1,tick,5.0,3,5,5,3188.606052640188,3187.0,3188.0,0,763
2025-03-31 10:31:21+08:00,BACKTESTING.1201,fu2505.SHFE,空,开,3191.0,1,sell,3,1,3190.2000000000003,1,tick,7.0,3,5,5,3188.606052640188,3187.0,3188.0,-1,764
2025-03-31 10:32:23.500000+08:00,BACKTESTING.1205,fu2505.SHFE,空,开,3193.0,1,sell,1,1,3193.0,1,tick,3.0,3,5,5,3191.8368134224847,3192.0,3193.0,-2,765
2025-03-31 10:32:23.500000+08:00,BACKTESTING.1206,fu2505.SHFE,空,开,3193.0,1,sell,2,1,3193.0,1,tick,5.0,3,5,5,3191.8368134224847,3192.0,3193.0,-3,766
2025-03-31 10:33:56+08:00,BACKTESTING.1207,fu2505.SHFE,空,开,3194.0,1,sell,3,1,3193.4,1,tick,7.0,3,5,5,3191.8368134224847,3192.0,3193.0,-4,767
2025-03-31 10:41:04+08:00,BACKTESTING.1202,fu2505.SHFE,多,开,3191.0,1,buy,1,1,3191.2000000000003,1,tick,3.0,3,5,5,3191.8368134224847,3192.0,3193.0,-3,768
2025-03-31 10:42:01.500000+08:00,BACKTESTING.1203,fu2505.SHFE,多,开,3190.0,1,buy,2,1,3190.8,1,tick,5.0,3,5,5,3191.8368134224847,3192.0,3193.0,-2,769
2025-03-31 10:42:01.500000+08:00,BACKTESTING.1204,fu2505.SHFE,多,开,3190.0,1,buy,3,1,3190.4,1,tick,7.0,3,5,5,3191.8368134224847,3192.0,3193.0,-1,770
2025-03-31 10:45:32+08:00,BACKTESTING.1211,fu2505.SHFE,空,开,3189.0,1,sell,1,1,3189.0,1,tick,3.0,3,5,5,3188.315050051802,3187.0,3188.0,-2,771
2025-03-31 10:52:57.500000+08:00,BACKTESTING.1212,fu2505.SHFE,空,开,3190.0,1,sell,2,1,3189.4,1,tick,5.0,3,5,5,3188.315050051802,3187.0,3188.0,-3,772
2025-03-31 10:52:57.500000+08:00,BACKTESTING.1213,fu2505.SHFE,空,开,3190.0,1,sell,3,1,3189.8,1,tick,7.0,3,5,5,3188.315050051802,3187.0,3188.0,-4,773
2025-03-31 10:55:42.500000+08:00,BACKTESTING.1217,fu2505.SHFE,空,开,3194.0,1,sell,1,1,3193.2,1,tick,3.0,3,5,5,3191.717702378054,3192.0,3193.0,-5,774
2025-03-31 10:55:42.500000+08:00,BACKTESTING.1218,fu2505.SHFE,空,开,3194.0,1,sell,2,1,3193.2,1,tick,5.0,3,5,5,3191.717702378054,3192.0,3193.0,-6,775
2025-03-31 10:55:42.500000+08:00,BACKTESTING.1219,fu2505.SHFE,空,开,3194.0,1,sell,3,1,3193.4,1,tick,7.0,3,5,5,3191.717702378054,3192.0,3193.0,-7,776
2025-03-31 11:04:15+08:00,BACKTESTING.1220,fu2505.SHFE,多,平,3194.0,2,,,,,,,,,,,,,,-5,777
2025-03-31 11:06:42+08:00,BACKTESTING.1224,fu2505.SHFE,空,开,3195.0,1,sell,1,1,3194.2,1,tick,3.0,3,5,5,3193.314912083322,3193.0,3194.0,-6,778
2025-03-31 11:06:42+08:00,BACKTESTING.1225,fu2505.SHFE,空,开,3195.0,1,sell,2,1,3194.6,1,tick,5.0,3,5,5,3193.314912083322,3193.0,3194.0,-7,779
2025-03-31 11:06:42+08:00,BACKTESTING.1226,fu2505.SHFE,空,开,3195.0,1,sell,3,1,3195.0,1,tick,7.0,3,5,5,3193.314912083322,3193.0,3194.0,-8,780
2025-03-31 11:07:31+08:00,BACKTESTING.1227,fu2505.SHFE,多,平,3195.0,2,,,,,,,,,,,,,,-6,781
2025-03-31 11:07:31.500000+08:00,BACKTESTING.1228,fu2505.SHFE,多,平,3195.0,2,,,,,,,,,,,,,,-4,782
2025-03-31 11:08:06+08:00,BACKTESTING.1229,fu2505.SHFE,多,开,3194.0,1,buy,1,1,3194.0,1,tick,3.0,3,5,5,3194.6492679903126,3194.0,3195.0,-3,783
2025-03-31 11:12:47.500000+08:00,BACKTESTING.1230,fu2505.SHFE,多,开,3193.0,1,buy,2,1,3193.8,1,tick,5.0,3,5,5,3194.6492679903126,3194.0,3195.0,-2,784
2025-03-31 11:12:47.500000+08:00,BACKTESTING.1231,fu2505.SHFE,多,开,3193.0,1,buy,3,1,3193.4,1,tick,7.0,3,5,5,3194.6492679903126,3194.0,3195.0,-1,785
2025-03-31 11:27:54+08:00,BACKTESTING.1232,fu2505.SHFE,空,开,3196.0,1,sell,1,1,3195.6,1,tick,3.0,3,5,5,3194.6492679903126,3194.0,3195.0,-2,786
2025-03-31 11:27:54+08:00,BACKTESTING.1233,fu2505.SHFE,空,开,3196.0,1,sell,2,1,3196.0,1,tick,5.0,3,5,5,3194.6492679903126,3194.0,3195.0,-3,787
2025-03-31 13:30:02.500000+08:00,BACKTESTING.1234,fu2505.SHFE,空,开,3197.0,1,sell,3,1,3196.4,1,tick,7.0,3,5,5,3194.6492679903126,3194.0,3195.0,-4,788
2025-03-31 13:36:53+08:00,BACKTESTING.1235,fu2505.SHFE,多,开,3197.0,1,buy,1,1,3197.2,1,tick,3.0,3,5,5,3197.6653898353334,3199.0,3200.0,-3,789
2025-03-31 13:37:24.500000+08:00,BACKTESTING.1236,fu2505.SHFE,多,开,3196.0,1,buy,2,1,3196.8,1,tick,5.0,3,5,5,3197.6653898353334,3199.0,3200.0,-2,790
2025-03-31 13:37:24.500000+08:00,BACKTESTING.1237,fu2505.SHFE,多,开,3196.0,1,buy,3,1,3196.4,1,tick,7.0,3,5,5,3197.6653898353334,3199.0,3200.0,-1,791
2025-03-31 13:45:55.500000+08:00,BACKTESTING.1244,fu2505.SHFE,空,开,3196.0,1,sell,1,1,3196.0,1,tick,3.0,3,5,5,3195.390997224475,3195.0,3196.0,-2,792
2025-03-31 13:46:03.500000+08:00,BACKTESTING.1245,fu2505.SHFE,空,开,3197.0,1,sell,2,1,3196.4,1,tick,5.0,3,5,5,3195.390997224475,3195.0,3196.0,-3,793
2025-03-31 13:46:03.500000+08:00,BACKTESTING.1246,fu2505.SHFE,空,开,3197.0,1,sell,3,1,3196.8,1,tick,7.0,3,5,5,3195.390997224475,3195.0,3196.0,-4,794
2025-03-31 13:47:30.500000+08:00,BACKTESTING.1247,fu2505.SHFE,多,开,3198.0,1,buy,1,1,3198.2,1,tick,3.0,3,5,5,3198.6689443340547,3199.0,3200.0,-3,795
2025-03-31 13:51:09+08:00,BACKTESTING.1250,fu2505.SHFE,空,开,3201.0,1,sell,1,1,3200.2,1,tick,3.0,3,5,5,3198.6689443340547,3199.0,3200.0,-4,796
2025-03-31 13:51:09+08:00,BACKTESTING.1251,fu2505.SHFE,空,开,3201.0,1,sell,2,1,3200.2,1,tick,5.0,3,5,5,3198.6689443340547,3199.0,3200.0,-5,797
2025-03-31 13:51:09+08:00,BACKTESTING.1252,fu2505.SHFE,空,开,3201.0,1,sell,3,1,3200.4,1,tick,7.0,3,5,5,3198.6689443340547,3199.0,3200.0,-6,798
2025-03-31 13:51:10.500000+08:00,BACKTESTING.1253,fu2505.SHFE,多,平,3201.0,2,,,,,,,,,,,,,,-4,799
2025-03-31 13:52:06+08:00,BACKTESTING.1254,fu2505.SHFE,多,开,3200.0,1,buy,1,1,3200.0,1,tick,3.0,3,5,5,3200.616838762688,3200.0,3201.0,-3,800
2025-03-31 13:53:01+08:00,BACKTESTING.1257,fu2505.SHFE,空,开,3202.0,1,sell,1,1,3201.6,1,tick,3.0,3,5,5,3200.616838762688,3200.0,3201.0,-4,801
2025-03-31 13:53:01+08:00,BACKTESTING.1258,fu2505.SHFE,空,开,3202.0,1,sell,2,1,3202.0,1,tick,5.0,3,5,5,3200.616838762688,3200.0,3201.0,-5,802
2025-03-31 13:53:26.500000+08:00,BACKTESTING.1259,fu2505.SHFE,空,开,3203.0,1,sell,3,1,3202.4,1,tick,7.0,3,5,5,3200.616838762688,3200.0,3201.0,-6,803
2025-03-31 14:39:30+08:00,BACKTESTING.1260,fu2505.SHFE,多,平,3203.0,2,,,,,,,,,,,,,,-4,804
2025-03-31 14:40:40.500000+08:00,BACKTESTING.1261,fu2505.SHFE,多,开,3202.0,1,buy,1,1,3202.0,1,tick,3.0,3,5,5,3202.5887418342027,3202.0,3203.0,-3,805
2025-03-31 14:40:44.500000+08:00,BACKTESTING.1262,fu2505.SHFE,多,开,3201.0,1,buy,2,1,3201.6,1,tick,5.0,3,5,5,3202.5887418342027,3202.0,3203.0,-2,806
2025-03-31 14:40:44.500000+08:00,BACKTESTING.1263,fu2505.SHFE,多,开,3201.0,1,buy,3,1,3201.2,1,tick,7.0,3,5,5,3202.5887418342027,3202.0,3203.0,-1,807
2025-03-31 14:49:23+08:00,BACKTESTING.1264,fu2505.SHFE,空,开,3204.0,1,sell,1,1,3203.4,1,tick,3.0,3,5,5,3202.5887418342027,3202.0,3203.0,-2,808
2025-03-31 14:49:23+08:00,BACKTESTING.1265,fu2505.SHFE,空,开,3204.0,1,sell,2,1,3203.8,1,tick,5.0,3,5,5,3202.5887418342027,3202.0,3203.0,-3,809
2025-03-31 14:49:40.500000+08:00,BACKTESTING.1266,fu2505.SHFE,空,开,3205.0,1,sell,3,1,3204.2,1,tick,7.0,3,5,5,3202.5887418342027,3202.0,3203.0,-4,810
